citing_id,cited_id,similarity,weak_citation_score,label,anomaly_type
https://openalex.org/W85923484,https://openalex.org/W537413728,0.9989410042762756,0.265286267743674,0,normal
https://openalex.org/W85923484,https://openalex.org/W873100341,0.9987743496894836,0.2664686389211524,0,normal
https://openalex.org/W85923484,https://openalex.org/W365667930,0.9978934526443481,0.2727738444640985,0,normal
https://openalex.org/W85923484,https://openalex.org/W388978333,0.9986635446548462,0.26725662657693644,0,normal
https://openalex.org/W85923484,https://openalex.org/W998641904,0.9982632398605347,0.27011568989875284,0,normal
https://openalex.org/W85923484,https://openalex.org/W727149452,0.9982004165649414,0.27056613249042544,0,normal
https://openalex.org/W85923484,https://openalex.org/W485237573,0.9425636529922485,0.7370250870400687,0,normal
https://openalex.org/W85923484,https://openalex.org/W46332083,0.9424901604652405,0.7375425171012268,0,normal
https://openalex.org/W85923484,https://openalex.org/W526067545,0.9426686763763428,0.7362845236260847,0,normal
https://openalex.org/W85923484,https://openalex.org/W892421272,0.9431552886962891,0.7328357958191881,0,normal
https://openalex.org/W85923484,https://openalex.org/W135429719,0.9434800744056702,0.7305180850161376,0,normal
https://openalex.org/W85923484,https://openalex.org/W26295654,0.9421387314796448,0.740007698861547,0,normal
https://openalex.org/W85923484,https://openalex.org/W500318522,0.9424854516983032,0.7375756471899523,0,normal
https://openalex.org/W291178543,https://openalex.org/W85923484,0.9991716146469116,0.26365568572378584,0,normal
https://openalex.org/W291178543,https://openalex.org/W537413728,0.9988247752189636,0.2661105290260574,0,normal
https://openalex.org/W291178543,https://openalex.org/W237884500,0.9992765784263611,0.2629156501139128,0,normal
https://openalex.org/W291178543,https://openalex.org/W873100341,0.998694896697998,0.2670335170839386,0,normal
https://openalex.org/W291178543,https://openalex.org/W70306005,0.9989097714424133,0.26550760119239136,0,normal
https://openalex.org/W291178543,https://openalex.org/W365667930,0.9978229403495789,0.2732825621858917,0,normal
https://openalex.org/W291178543,https://openalex.org/W715039643,0.9978439807891846,0.2731307019622712,0,normal
https://openalex.org/W291178543,https://openalex.org/W388978333,0.9986009001731873,0.2677027759396409,0,normal
https://openalex.org/W291178543,https://openalex.org/W753250510,0.998049259185791,0.2716518640714309,0,normal
https://openalex.org/W291178543,https://openalex.org/W998641904,0.9977746605873108,0.2736312223899296,0,normal
https://openalex.org/W291178543,https://openalex.org/W222543423,0.9978330135345459,0.27320985199298276,0,normal
https://openalex.org/W291178543,https://openalex.org/W727149452,0.9980348348617554,0.2717556136167245,0,normal
https://openalex.org/W291178543,https://openalex.org/W461108489,0.9984824657440186,0.2685475471873464,0,normal
https://openalex.org/W291178543,https://openalex.org/W485237573,0.942250669002533,0.7392241191726542,0,normal
https://openalex.org/W291178543,https://openalex.org/W379247503,0.942403256893158,0.7381535218369721,0,normal
https://openalex.org/W291178543,https://openalex.org/W46332083,0.9425166845321655,0.7373558479231559,0,normal
https://openalex.org/W291178543,https://openalex.org/W972297439,0.9420374035835266,0.7407156912110312,0,normal
https://openalex.org/W291178543,https://openalex.org/W526067545,0.9426758289337158,0.7362340393238962,0,normal
https://openalex.org/W291178543,https://openalex.org/W763767729,0.9427818059921265,0.7354853038781713,0,normal
https://openalex.org/W291178543,https://openalex.org/W892421272,0.9431942701339722,0.7325582893794753,0,normal
https://openalex.org/W291178543,https://openalex.org/W927523660,0.9445305466651917,0.7229354781847146,0,normal
https://openalex.org/W291178543,https://openalex.org/W135429719,0.9434882402420044,0.7304596493469423,0,normal
https://openalex.org/W291178543,https://openalex.org/W85054999,0.9433668255805969,0.7313276818823097,0,normal
https://openalex.org/W291178543,https://openalex.org/W26295654,0.9419132471084595,0.7415814799416124,0,normal
https://openalex.org/W291178543,https://openalex.org/W765801405,0.942070484161377,0.7404846903610915,0,normal
https://openalex.org/W291178543,https://openalex.org/W500318522,0.9424090385437012,0.7381129005155151,0,normal
https://openalex.org/W291178543,https://openalex.org/W869647018,0.9417638778686523,0.742620587240463,0,normal
https://openalex.org/W77917673,https://openalex.org/W85923484,0.9989988207817078,0.2648768586560981,0,normal
https://openalex.org/W77917673,https://openalex.org/W291178543,0.9991812109947205,0.26358797221887337,0,normal
https://openalex.org/W77917673,https://openalex.org/W537413728,0.9991227388381958,0.2640007351840294,0,normal
https://openalex.org/W77917673,https://openalex.org/W237884500,0.9993219375610352,0.26259626431369837,0,normal
https://openalex.org/W77917673,https://openalex.org/W569398880,0.9992628693580627,0.26301222849277583,0,normal
https://openalex.org/W77917673,https://openalex.org/W873100341,0.9992693662643433,0.2629664558952146,0,normal
https://openalex.org/W77917673,https://openalex.org/W70306005,0.9990098476409912,0.2647988213887443,0,normal
https://openalex.org/W77917673,https://openalex.org/W334756270,0.9986941814422607,0.2670386057143952,0,normal
https://openalex.org/W77917673,https://openalex.org/W365667930,0.998146653175354,0.2709519906314237,0,normal
https://openalex.org/W77917673,https://openalex.org/W715039643,0.9976626634597778,0.274441094688311,0,normal
https://openalex.org/W77917673,https://openalex.org/W326450296,0.9974071979522705,0.2762939802016866,0,normal
https://openalex.org/W77917673,https://openalex.org/W388978333,0.9986352920532227,0.26745778102713424,0,normal
https://openalex.org/W77917673,https://openalex.org/W753250510,0.9976863861083984,0.27426942739891347,0,normal
https://openalex.org/W77917673,https://openalex.org/W520412074,0.9988082647323608,0.2662277487191991,0,normal
https://openalex.org/W77917673,https://openalex.org/W998641904,0.9978795647621155,0.2728739931120075,0,normal
https://openalex.org/W77917673,https://openalex.org/W222543423,0.9973527789115906,0.27668967797606014,0,normal
https://openalex.org/W77917673,https://openalex.org/W414703735,0.9984309673309326,0.26891540183867124,0,normal
https://openalex.org/W77917673,https://openalex.org/W727149452,0.9984149932861328,0.2690295696074812,0,normal
https://openalex.org/W77917673,https://openalex.org/W461108489,0.9984664916992188,0.26866161617460005,0,normal
https://openalex.org/W77917673,https://openalex.org/W101742283,0.998525857925415,0.2682378429041101,0,normal
https://openalex.org/W77917673,https://openalex.org/W485237573,0.9432781338691711,0.7319606486039814,0,normal
https://openalex.org/W77917673,https://openalex.org/W379247503,0.9430529475212097,0.7335634849483474,0,normal
https://openalex.org/W77917673,https://openalex.org/W739465865,0.9435076713562012,0.7303205659007052,0,normal
https://openalex.org/W77917673,https://openalex.org/W46332083,0.9437717199325562,0.728426086060051,0,normal
https://openalex.org/W77917673,https://openalex.org/W972297439,0.9431628584861755,0.732781921272278,0,normal
https://openalex.org/W77917673,https://openalex.org/W912516311,0.9439162015914917,0.7273859417304002,0,normal
https://openalex.org/W77917673,https://openalex.org/W526067545,0.9441108107566833,0.725980992012576,0,normal
https://openalex.org/W77917673,https://openalex.org/W763767729,0.9439393877983093,0.7272187891417795,0,normal
https://openalex.org/W77917673,https://openalex.org/W655324685,0.9434818029403687,0.7305057160890441,0,normal
https://openalex.org/W77917673,https://openalex.org/W892421272,0.944429337978363,0.7236717340449826,0,normal
https://openalex.org/W77917673,https://openalex.org/W927523660,0.94547438621521,0.716011477134872,0,normal
https://openalex.org/W77917673,https://openalex.org/W983782958,0.9451299905776978,0.7185500346736629,0,normal
https://openalex.org/W77917673,https://openalex.org/W135429719,0.9445843696594238,0.7225434433387619,0,normal
https://openalex.org/W77917673,https://openalex.org/W85054999,0.9441863298416138,0.7254345816693046,0,normal
https://openalex.org/W77917673,https://openalex.org/W107558930,0.9440814256668091,0.7261934216701182,0,normal
https://openalex.org/W77917673,https://openalex.org/W26295654,0.9430587291717529,0.7335224086173479,0,normal
https://openalex.org/W77917673,https://openalex.org/W765801405,0.9428288340568542,0.7351526116135756,0,normal
https://openalex.org/W77917673,https://openalex.org/W387547345,0.9436201453208923,0.7295146143638693,0,normal
https://openalex.org/W77917673,https://openalex.org/W500318522,0.9437292218208313,0.7287315619311662,0,normal
https://openalex.org/W77917673,https://openalex.org/W869647018,0.9428447484970093,0.7350399669366915,0,normal
https://openalex.org/W77917673,https://openalex.org/W601966386,0.9427029490470886,0.7360425633462659,0,normal
https://openalex.org/W556733401,https://openalex.org/W85923484,0.9992364645004272,0.26319831113100767,0,normal
https://openalex.org/W556733401,https://openalex.org/W291178543,0.9993215799331665,0.2625987814898736,0,normal
https://openalex.org/W556733401,https://openalex.org/W77917673,0.9994357824325562,0.2617957532679566,0,normal
https://openalex.org/W556733401,https://openalex.org/W537413728,0.9993476271629333,0.2624154878046331,0,normal
https://openalex.org/W556733401,https://openalex.org/W237884500,0.9996354579925537,0.2603955244983538,0,normal
https://openalex.org/W556733401,https://openalex.org/W569398880,0.9993906021118164,0.26211325442603656,0,normal
https://openalex.org/W556733401,https://openalex.org/W425739353,0.9994524121284485,0.26167895189609275,0,normal
https://openalex.org/W556733401,https://openalex.org/W873100341,0.9991560578346252,0.26376548102764097,0,normal
https://openalex.org/W556733401,https://openalex.org/W70306005,0.9995257258415222,0.26116442235709736,0,normal
https://openalex.org/W556733401,https://openalex.org/W334756270,0.9988391399383545,0.2660085704270718,0,normal
https://openalex.org/W556733401,https://openalex.org/W455378056,0.9988148212432861,0.26618119544439156,0,normal
https://openalex.org/W556733401,https://openalex.org/W365667930,0.9981375932693481,0.27101704732140475,0,normal
https://openalex.org/W556733401,https://openalex.org/W715039643,0.9979254007339478,0.2725435468075581,0,normal
https://openalex.org/W556733401,https://openalex.org/W326450296,0.9976390600204468,0.2746119656155695,0,normal
https://openalex.org/W556733401,https://openalex.org/W721100110,0.9981206655502319,0.2711386269035395,0,normal
https://openalex.org/W556733401,https://openalex.org/W388978333,0.9989849328994751,0.26497516436024054,0,normal
https://openalex.org/W556733401,https://openalex.org/W753250510,0.9981376528739929,0.2710166192847992,0,normal
https://openalex.org/W556733401,https://openalex.org/W520412074,0.9989532232284546,0.265199709456357,0,normal
https://openalex.org/W556733401,https://openalex.org/W524038184,0.9990717172622681,0.26436124195276617,0,normal
https://openalex.org/W556733401,https://openalex.org/W998641904,0.9979723691940308,0.27220519574241264,0,normal
https://openalex.org/W556733401,https://openalex.org/W222543423,0.9973806738853455,0.2764868012358537,0,normal
https://openalex.org/W556733401,https://openalex.org/W414703735,0.9979696869850159,0.27222451074030196,0,normal
https://openalex.org/W556733401,https://openalex.org/W164672907,0.9988045692443848,0.2662539901236811,0,normal
https://openalex.org/W556733401,https://openalex.org/W727149452,0.9985536932945251,0.2680392918685815,0,normal
https://openalex.org/W556733401,https://openalex.org/W461108489,0.9987252950668335,0.26681730727664815,0,normal
https://openalex.org/W556733401,https://openalex.org/W101742283,0.998367190361023,0.26937140384494546,0,normal
https://openalex.org/W556733401,https://openalex.org/W605605995,0.9977930188179016,0.27349861275888687,0,normal
https://openalex.org/W556733401,https://openalex.org/W485237573,0.9429243803024292,0.7344758616314693,0,normal
https://openalex.org/W556733401,https://openalex.org/W379247503,0.9426751136779785,0.7362390880331965,0,normal
https://openalex.org/W556733401,https://openalex.org/W739465865,0.9427730441093445,0.7355472587854495,0,normal
https://openalex.org/W556733401,https://openalex.org/W759666057,0.9436556100845337,0.7292601714479531,0,normal
https://openalex.org/W556733401,https://openalex.org/W46332083,0.9434266090393066,0.7309004917523212,0,normal
https://openalex.org/W556733401,https://openalex.org/W972297439,0.9428622722625732,0.734915895786637,0,normal
https://openalex.org/W556733401,https://openalex.org/W912516311,0.9435189366340637,0.7302399109068503,0,normal
https://openalex.org/W556733401,https://openalex.org/W691259760,0.9439983367919922,0.7267935293636875,0,normal
https://openalex.org/W556733401,https://openalex.org/W526067545,0.9435478448867798,0.7300328695110302,0,normal
https://openalex.org/W556733401,https://openalex.org/W763767729,0.9437961578369141,0.7282503290544057,0,normal
https://openalex.org/W556733401,https://openalex.org/W655324685,0.9430858492851257,0.7333296771743743,0,normal
https://openalex.org/W556733401,https://openalex.org/W39369868,0.9436532258987427,0.7292772815717685,0,normal
https://openalex.org/W556733401,https://openalex.org/W892421272,0.943983256816864,0.7269023561245768,0,normal
https://openalex.org/W556733401,https://openalex.org/W927523660,0.9452065825462341,0.7179866662120529,0,normal
https://openalex.org/W556733401,https://openalex.org/W983782958,0.944809079170227,0.7209030229052051,0,normal
https://openalex.org/W556733401,https://openalex.org/W417776810,0.9446251392364502,0.7222462593731648,0,normal
https://openalex.org/W556733401,https://openalex.org/W135429719,0.9443181753158569,0.7244790062282571,0,normal
https://openalex.org/W556733401,https://openalex.org/W85054999,0.9439986944198608,0.7267909481633762,0,normal
https://openalex.org/W556733401,https://openalex.org/W107558930,0.94366455078125,0.7291960024284454,0,normal
https://openalex.org/W556733401,https://openalex.org/W213569326,0.9441336393356323,0.7258158896536374,0,normal
https://openalex.org/W556733401,https://openalex.org/W26295654,0.9426337480545044,0.7365309661963472,0,normal
https://openalex.org/W556733401,https://openalex.org/W765801405,0.9424182176589966,0.7380484005819175,0,normal
https://openalex.org/W556733401,https://openalex.org/W387547345,0.9429062604904175,0.7346042882904213,0,normal
https://openalex.org/W556733401,https://openalex.org/W210408571,0.943452000617981,0.7307189232825951,0,normal
https://openalex.org/W556733401,https://openalex.org/W500318522,0.9433121681213379,0.7317178679195618,0,normal
https://openalex.org/W556733401,https://openalex.org/W869647018,0.9425245523452759,0.7373004599569639,0,normal
https://openalex.org/W556733401,https://openalex.org/W601966386,0.9421522617340088,0.7399130662151745,0,normal
https://openalex.org/W556733401,https://openalex.org/W811675919,0.944322943687439,0.7244444079466026,0,normal
https://openalex.org/W945731721,https://openalex.org/W85923484,0.9991934895515442,0.2635013488640756,0,normal
https://openalex.org/W945731721,https://openalex.org/W291178543,0.999241828918457,0.2631604996828102,0,normal
https://openalex.org/W945731721,https://openalex.org/W77917673,0.9993648529052734,0.2622943159861645,0,normal
https://openalex.org/W945731721,https://openalex.org/W556733401,0.9996800422668457,0.260083539945492,0,normal
https://openalex.org/W945731721,https://openalex.org/W537413728,0.9994546175003052,0.2616634646352454,0,normal
https://openalex.org/W945731721,https://openalex.org/W237884500,0.9996709823608398,0.26014691824745273,0,normal
https://openalex.org/W945731721,https://openalex.org/W569398880,0.999504029750824,0.2613166214722876,0,normal
https://openalex.org/W945731721,https://openalex.org/W425739353,0.9995675683021545,0.2608710573837067,0,normal
https://openalex.org/W945731721,https://openalex.org/W12844123,0.9994251132011414,0.26187070806426915,0,normal
https://openalex.org/W945731721,https://openalex.org/W873100341,0.9991413354873657,0.26386941394751645,0,normal
https://openalex.org/W945731721,https://openalex.org/W70306005,0.9993346333503723,0.2625069146255857,0,normal
https://openalex.org/W945731721,https://openalex.org/W334756270,0.9992477893829346,0.26311849105837165,0,normal
https://openalex.org/W945731721,https://openalex.org/W455378056,0.9987797737121582,0.26643010410153334,0,normal
https://openalex.org/W945731721,https://openalex.org/W788534703,0.9990019798278809,0.26485450053003523,0,normal
https://openalex.org/W945731721,https://openalex.org/W365667930,0.998261570930481,0.27012765000594224,0,normal
https://openalex.org/W945731721,https://openalex.org/W715039643,0.9981226325035095,0.27112449793995685,0,normal
https://openalex.org/W945731721,https://openalex.org/W326450296,0.9976682066917419,0.27440097549658893,0,normal
https://openalex.org/W945731721,https://openalex.org/W721100110,0.9982061982154846,0.27052465835939343,0,normal
https://openalex.org/W945731721,https://openalex.org/W666913073,0.9988352060317993,0.2660364902223266,0,normal
https://openalex.org/W945731721,https://openalex.org/W388978333,0.9992607831954956,0.26302692720260923,0,normal
https://openalex.org/W945731721,https://openalex.org/W753250510,0.9982935190200806,0.26989875731690666,0,normal
https://openalex.org/W945731721,https://openalex.org/W520412074,0.9989802837371826,0.2650080787781981,0,normal
https://openalex.org/W945731721,https://openalex.org/W524038184,0.999079704284668,0.264304786666063,0,normal
https://openalex.org/W945731721,https://openalex.org/W516247359,0.9986733794212341,0.26718662701306656,0,normal
https://openalex.org/W945731721,https://openalex.org/W998641904,0.9981011152267456,0.2712790853739891,0,normal
https://openalex.org/W945731721,https://openalex.org/W222543423,0.9974562525749207,0.2759375887527826,0,normal
https://openalex.org/W945731721,https://openalex.org/W414703735,0.998212993144989,0.2704759206792387,0,normal
https://openalex.org/W945731721,https://openalex.org/W164672907,0.9985394477844238,0.26814089414371367,0,normal
https://openalex.org/W945731721,https://openalex.org/W135055795,0.9989492893218994,0.26522757503234906,0,normal
https://openalex.org/W945731721,https://openalex.org/W727149452,0.9987322688102722,0.26676772190916176,0,normal
https://openalex.org/W945731721,https://openalex.org/W461108489,0.9988442659378052,0.2659721928910721,0,normal
https://openalex.org/W945731721,https://openalex.org/W101742283,0.9985425472259521,0.2681187861324119,0,normal
https://openalex.org/W945731721,https://openalex.org/W605605995,0.9978066682815552,0.27340004261452233,0,normal
https://openalex.org/W945731721,https://openalex.org/W485237573,0.9441249370574951,0.7258788341454149,0,normal
https://openalex.org/W945731721,https://openalex.org/W379247503,0.943865180015564,0.727753537777436,0,normal
https://openalex.org/W945731721,https://openalex.org/W739465865,0.9439589977264404,0.7270773684645837,0,normal
https://openalex.org/W945731721,https://openalex.org/W759666057,0.9447026252746582,0.7216808963992466,0,normal
https://openalex.org/W945731721,https://openalex.org/W567040765,0.9446734189987183,0.7218940777534136,0,normal
https://openalex.org/W945731721,https://openalex.org/W46332083,0.9446946382522583,0.7217392049459679,0,normal
https://openalex.org/W945731721,https://openalex.org/W972297439,0.9440985321998596,0.7260697682017252,0,normal
https://openalex.org/W945731721,https://openalex.org/W912516311,0.9447938203811646,0.7210146027805008,0,normal
https://openalex.org/W945731721,https://openalex.org/W691259760,0.9452674984931946,0.7175381134294426,0,normal
https://openalex.org/W945731721,https://openalex.org/W120977504,0.9450063109397888,0.7194583073325352,0,normal
https://openalex.org/W945731721,https://openalex.org/W526067545,0.94475257396698,0.7213160802133523,0,normal
https://openalex.org/W945731721,https://openalex.org/W763767729,0.9448673725128174,0.7204765011941309,0,normal
https://openalex.org/W945731721,https://openalex.org/W655324685,0.9445162415504456,0.7230396160072663,0,normal
https://openalex.org/W945731721,https://openalex.org/W39369868,0.9447996616363525,0.7209718918403031,0,normal
https://openalex.org/W945731721,https://openalex.org/W228645413,0.9448912143707275,0.720301939784049,0,normal
https://openalex.org/W945731721,https://openalex.org/W892421272,0.9452270269393921,0.7178361727531211,0,normal
https://openalex.org/W945731721,https://openalex.org/W927523660,0.9464700222015381,0.708595488778831,0,normal
https://openalex.org/W945731721,https://openalex.org/W983782958,0.9460176229476929,0.7119793042631352,0,normal
https://openalex.org/W945731721,https://openalex.org/W417776810,0.9458827972412109,0.7129832240385734,0,normal
https://openalex.org/W945731721,https://openalex.org/W311676011,0.945229172706604,0.7178203746952273,0,normal
https://openalex.org/W945731721,https://openalex.org/W135429719,0.9456777572631836,0.7145059485738137,0,normal
https://openalex.org/W945731721,https://openalex.org/W85054999,0.9452818632125854,0.7174322762299915,0,normal
https://openalex.org/W945731721,https://openalex.org/W107558930,0.9448950290679932,0.7202740037710884,0,normal
https://openalex.org/W945731721,https://openalex.org/W213569326,0.9453266263008118,0.717102314082511,0,normal
https://openalex.org/W945731721,https://openalex.org/W672623334,0.9443976283073425,0.7239021612235523,0,normal
https://openalex.org/W945731721,https://openalex.org/W26295654,0.943892240524292,0.7275586130952183,0,normal
https://openalex.org/W945731721,https://openalex.org/W765801405,0.9436134696006775,0.7295624926704024,0,normal
https://openalex.org/W945731721,https://openalex.org/W387547345,0.944232702255249,0.7250987235996593,0,normal
https://openalex.org/W945731721,https://openalex.org/W210408571,0.9445127248764038,0.7230652128570829,0,normal
https://openalex.org/W945731721,https://openalex.org/W365505908,0.9443835020065308,0.724004775653067,0,normal
https://openalex.org/W945731721,https://openalex.org/W500318522,0.9446305632591248,0.7222067069784182,0,normal
https://openalex.org/W945731721,https://openalex.org/W869647018,0.9437749981880188,0.7284025130415628,0,normal
https://openalex.org/W945731721,https://openalex.org/W601966386,0.9434370994567871,0.7308254869268455,0,normal
https://openalex.org/W945731721,https://openalex.org/W811675919,0.945490837097168,0.7158898716714874,0,normal
https://openalex.org/W615774397,https://openalex.org/W85923484,0.9990250468254089,0.2646912806222407,0,normal
https://openalex.org/W615774397,https://openalex.org/W291178543,0.9990089535713196,0.26480514818670403,0,normal
https://openalex.org/W615774397,https://openalex.org/W77917673,0.9990576505661011,0.2644606894488324,0,normal
https://openalex.org/W615774397,https://openalex.org/W556733401,0.9994096755981445,0.261979186720246,0,normal
https://openalex.org/W615774397,https://openalex.org/W945731721,0.9995600581169128,0.2609236969309814,0,normal
https://openalex.org/W615774397,https://openalex.org/W537413728,0.9994626045227051,0.26160738058910293,0,normal
https://openalex.org/W615774397,https://openalex.org/W237884500,0.9995718598365784,0.26084098072775846,0,normal
https://openalex.org/W615774397,https://openalex.org/W569398880,0.9993683695793152,0.26226958291943253,0,normal
https://openalex.org/W615774397,https://openalex.org/W425739353,0.9993215799331665,0.2625987814898736,0,normal
https://openalex.org/W615774397,https://openalex.org/W12844123,0.9993375539779663,0.2624863627730349,0,normal
https://openalex.org/W615774397,https://openalex.org/W568875334,0.9992027878761292,0.2634357627613281,0,normal
https://openalex.org/W615774397,https://openalex.org/W873100341,0.9990512728691101,0.26450578582548806,0,normal
https://openalex.org/W615774397,https://openalex.org/W70306005,0.9992231726646423,0.2632920145419371,0,normal
https://openalex.org/W615774397,https://openalex.org/W334756270,0.9988886117935181,0.26565761736284255,0,normal
https://openalex.org/W615774397,https://openalex.org/W455378056,0.9990175366401672,0.26474441491893835,0,normal
https://openalex.org/W615774397,https://openalex.org/W788534703,0.9988425374031067,0.26598445938011184,0,normal
https://openalex.org/W615774397,https://openalex.org/W638373465,0.9990026950836182,0.2648494384804395,0,normal
https://openalex.org/W615774397,https://openalex.org/W365667930,0.9982607960700989,0.27013320302623933,0,normal
https://openalex.org/W615774397,https://openalex.org/W715039643,0.9980052709579468,0.27196833491887246,0,normal
https://openalex.org/W615774397,https://openalex.org/W326450296,0.9977786540985107,0.2736023720791906,0,normal
https://openalex.org/W615774397,https://openalex.org/W721100110,0.9980390667915344,0.2717251721260912,0,normal
https://openalex.org/W615774397,https://openalex.org/W666913073,0.9985046982765198,0.26838883801738767,0,normal
https://openalex.org/W615774397,https://openalex.org/W532600448,0.9986538887023926,0.26732536475472995,0,normal
https://openalex.org/W615774397,https://openalex.org/W388978333,0.9986810088157654,0.26713233234569755,0,normal
https://openalex.org/W615774397,https://openalex.org/W753250510,0.9985012412071228,0.2684135127554307,0,normal
https://openalex.org/W615774397,https://openalex.org/W520412074,0.9988164901733398,0.2661693463482331,0,normal
https://openalex.org/W615774397,https://openalex.org/W524038184,0.9989982843399048,0.2648806554389293,0,normal
https://openalex.org/W615774397,https://openalex.org/W516247359,0.9985165596008301,0.26830418905827547,0,normal
https://openalex.org/W615774397,https://openalex.org/W150888063,0.9980690479278564,0.2715095703997226,0,normal
https://openalex.org/W615774397,https://openalex.org/W998641904,0.9981075525283813,0.27123283180987384,0,normal
https://openalex.org/W615774397,https://openalex.org/W222543423,0.997489869594574,0.2756935188807081,0,normal
https://openalex.org/W615774397,https://openalex.org/W414703735,0.9980241656303406,0.2718323699612715,0,normal
https://openalex.org/W615774397,https://openalex.org/W164672907,0.9984176754951477,0.2690103975066339,0,normal
https://openalex.org/W615774397,https://openalex.org/W135055795,0.9985209703445435,0.2682727158689947,0,normal
https://openalex.org/W615774397,https://openalex.org/W101479238,0.9978481531143188,0.2731005942963814,0,normal
https://openalex.org/W615774397,https://openalex.org/W727149452,0.9985086917877197,0.2683603362285056,0,normal
https://openalex.org/W615774397,https://openalex.org/W461108489,0.9986996650695801,0.2669995944561947,0,normal
https://openalex.org/W615774397,https://openalex.org/W101742283,0.9983077645301819,0.2697967345102384,0,normal
https://openalex.org/W615774397,https://openalex.org/W605605995,0.9974491000175476,0.275989535762803,0,normal
https://openalex.org/W615774397,https://openalex.org/W485237573,0.9434477090835571,0.730749616343416,0,normal
https://openalex.org/W615774397,https://openalex.org/W379247503,0.9431499242782593,0.7328739704530121,0,normal
https://openalex.org/W615774397,https://openalex.org/W739465865,0.9432153701782227,0.7324080031520389,0,normal
https://openalex.org/W615774397,https://openalex.org/W759666057,0.9439641237258911,0.7270403938081722,0,normal
https://openalex.org/W615774397,https://openalex.org/W567040765,0.9438594579696655,0.7277947441490286,0,normal
https://openalex.org/W615774397,https://openalex.org/W164865427,0.9445809125900269,0.7225686341381798,0,normal
https://openalex.org/W615774397,https://openalex.org/W46332083,0.9441248178482056,0.7258796963362834,0,normal
https://openalex.org/W615774397,https://openalex.org/W972297439,0.9434722661972046,0.7305739539806042,0,normal
https://openalex.org/W615774397,https://openalex.org/W912516311,0.9441453814506531,0.7257309434492482,0,normal
https://openalex.org/W615774397,https://openalex.org/W691259760,0.9445619583129883,0.7227067241679279,0,normal
https://openalex.org/W615774397,https://openalex.org/W120977504,0.944381594657898,0.7240186289574554,0,normal
https://openalex.org/W615774397,https://openalex.org/W971757993,0.9445077776908875,0.7231012195136878,0,normal
https://openalex.org/W615774397,https://openalex.org/W526067545,0.944140613079071,0.7257654413440119,0,normal
https://openalex.org/W615774397,https://openalex.org/W763767729,0.9442607760429382,0.7248952717323253,0,normal
https://openalex.org/W615774397,https://openalex.org/W655324685,0.9437757134437561,0.7283973696670017,0,normal
https://openalex.org/W615774397,https://openalex.org/W39369868,0.9444491863250732,0.7235274400130527,0,normal
https://openalex.org/W615774397,https://openalex.org/W228645413,0.9442594647407532,0.7249047768717599,0,normal
https://openalex.org/W615774397,https://openalex.org/W466940171,0.9442242383956909,0.7251600431989842,0,normal
https://openalex.org/W615774397,https://openalex.org/W892421272,0.9446861743927002,0.7218009864076216,0,normal
https://openalex.org/W615774397,https://openalex.org/W927523660,0.9458321332931519,0.7133599297760076,0,normal
https://openalex.org/W615774397,https://openalex.org/W983782958,0.9455439448356628,0.7154970832483972,0,normal
https://openalex.org/W615774397,https://openalex.org/W417776810,0.9452223777770996,0.7178704000369507,0,normal
https://openalex.org/W615774397,https://openalex.org/W311676011,0.9444781541824341,0.7233167651877601,0,normal
https://openalex.org/W615774397,https://openalex.org/W784383996,0.9454177021980286,0.7164302466259238,0,normal
https://openalex.org/W615774397,https://openalex.org/W135429719,0.9447962045669556,0.7209971702278004,0,normal
https://openalex.org/W615774397,https://openalex.org/W85054999,0.9448991417884827,0.7202438833453786,0,normal
https://openalex.org/W615774397,https://openalex.org/W107558930,0.944259762763977,0.7249026166306917,0,normal
https://openalex.org/W615774397,https://openalex.org/W213569326,0.9447582960128784,0.7212742686994841,0,normal
https://openalex.org/W615774397,https://openalex.org/W672623334,0.9437853097915649,0.7283283568177887,0,normal
https://openalex.org/W615774397,https://openalex.org/W901693008,0.944543719291687,0.7228395632519282,0,normal
https://openalex.org/W615774397,https://openalex.org/W26295654,0.9433490633964539,0.731454521075524,0,normal
https://openalex.org/W615774397,https://openalex.org/W765801405,0.9430925250053406,0.7332822219858963,0,normal
https://openalex.org/W615774397,https://openalex.org/W387547345,0.9435751438140869,0.7298372622220748,0,normal
https://openalex.org/W615774397,https://openalex.org/W210408571,0.9439016580581665,0.7274907553963964,0,normal
https://openalex.org/W615774397,https://openalex.org/W365505908,0.9435846209526062,0.7297693340179748,0,normal
https://openalex.org/W615774397,https://openalex.org/W412780848,0.9440990090370178,0.7260663209170176,0,normal
https://openalex.org/W615774397,https://openalex.org/W500318522,0.9439544081687927,0.7271104710255691,0,normal
https://openalex.org/W615774397,https://openalex.org/W869647018,0.9431267976760864,0.7330385058497477,0,normal
https://openalex.org/W615774397,https://openalex.org/W601966386,0.942762017250061,0.735625216037531,0,normal
https://openalex.org/W615774397,https://openalex.org/W811675919,0.9447427988052368,0.721387499311662,0,normal
https://openalex.org/W537413728,https://openalex.org/W85923484,0.9989410042762756,0.265286267743674,0,normal
https://openalex.org/W537413728,https://openalex.org/W873100341,0.9993272423744202,0.26255892802490893,0,normal
https://openalex.org/W537413728,https://openalex.org/W365667930,0.9982679486274719,0.27008194710892186,0,normal
https://openalex.org/W537413728,https://openalex.org/W388978333,0.9988001585006714,0.26628531266687194,0,normal
https://openalex.org/W537413728,https://openalex.org/W998641904,0.9982496500015259,0.2702130890432017,0,normal
https://openalex.org/W537413728,https://openalex.org/W727149452,0.9989988207817078,0.2648768586560981,0,normal
https://openalex.org/W537413728,https://openalex.org/W485237573,0.9438800811767578,0.7276462111973804,0,normal
https://openalex.org/W537413728,https://openalex.org/W46332083,0.9449247121810913,0.7200565683755259,0,normal
https://openalex.org/W537413728,https://openalex.org/W526067545,0.9447968602180481,0.7209923761587418,0,normal
https://openalex.org/W537413728,https://openalex.org/W892421272,0.9451407194137573,0.7184711604904237,0,normal
https://openalex.org/W537413728,https://openalex.org/W135429719,0.9453569650650024,0.7168785453557258,0,normal
https://openalex.org/W537413728,https://openalex.org/W26295654,0.9439167976379395,0.7273816455507313,0,normal
https://openalex.org/W537413728,https://openalex.org/W500318522,0.944739043712616,0.7214149317101738,0,normal
https://openalex.org/W237884500,https://openalex.org/W85923484,0.9992799162864685,0.2628921388320607,0,normal
https://openalex.org/W237884500,https://openalex.org/W291178543,0.9992765784263611,0.2629156501139128,0,normal
https://openalex.org/W237884500,https://openalex.org/W537413728,0.999653697013855,0.2602678651509366,0,normal
https://openalex.org/W237884500,https://openalex.org/W873100341,0.9993675947189331,0.26227503244909445,0,normal
https://openalex.org/W237884500,https://openalex.org/W70306005,0.9995640516281128,0.2608957052051046,0,normal
https://openalex.org/W237884500,https://openalex.org/W365667930,0.9983909726142883,0.26920130491013,0,normal
https://openalex.org/W237884500,https://openalex.org/W715039643,0.9980699419975281,0.2715031425728286,0,normal
https://openalex.org/W237884500,https://openalex.org/W388978333,0.999110221862793,0.2640891480732977,0,normal
https://openalex.org/W237884500,https://openalex.org/W753250510,0.9983129501342773,0.26975960253843684,0,normal
https://openalex.org/W237884500,https://openalex.org/W998641904,0.9984135627746582,0.26903979508099707,0,normal
https://openalex.org/W237884500,https://openalex.org/W222543423,0.9980183839797974,0.2718739698571071,0,normal
https://openalex.org/W237884500,https://openalex.org/W727149452,0.9988970160484314,0.2655980269995941,0,normal
https://openalex.org/W237884500,https://openalex.org/W461108489,0.9992168545722961,0.2633365626928662,0,normal
https://openalex.org/W237884500,https://openalex.org/W485237573,0.9444670677185059,0.7233974055329544,0,normal
https://openalex.org/W237884500,https://openalex.org/W379247503,0.9441699981689453,0.7255528051307149,0,normal
https://openalex.org/W237884500,https://openalex.org/W46332083,0.9450896382331848,0.7188465688510466,0,normal
https://openalex.org/W237884500,https://openalex.org/W972297439,0.944573163986206,0.7226250911562863,0,normal
https://openalex.org/W237884500,https://openalex.org/W526067545,0.9451838731765747,0.7181537752652599,0,normal
https://openalex.org/W237884500,https://openalex.org/W763767729,0.9453076124191284,0.717242499606964,0,normal
https://openalex.org/W237884500,https://openalex.org/W892421272,0.9455903172492981,0.7151538423660428,0,normal
https://openalex.org/W237884500,https://openalex.org/W927523660,0.946707546710968,0.7068095347840277,0,normal
https://openalex.org/W237884500,https://openalex.org/W135429719,0.9458735585212708,0.7130519394848347,0,normal
https://openalex.org/W237884500,https://openalex.org/W85054999,0.9455775022506714,0.7152487217630747,0,normal
https://openalex.org/W237884500,https://openalex.org/W26295654,0.9443706274032593,0.7240982771066475,0,normal
https://openalex.org/W237884500,https://openalex.org/W765801405,0.9442226886749268,0.725171269811216,0,normal
https://openalex.org/W237884500,https://openalex.org/W500318522,0.9450057744979858,0.7194622429315263,0,normal
https://openalex.org/W237884500,https://openalex.org/W869647018,0.9442517161369324,0.7249609394447303,0,normal
https://openalex.org/W569398880,https://openalex.org/W85923484,0.9990873336791992,0.2642508664423914,0,normal
https://openalex.org/W569398880,https://openalex.org/W291178543,0.9990566968917847,0.2644674325191364,0,normal
https://openalex.org/W569398880,https://openalex.org/W77917673,0.9992628693580627,0.26301222849277583,0,normal
https://openalex.org/W569398880,https://openalex.org/W537413728,0.999459981918335,0.2616257953901098,0,normal
https://openalex.org/W569398880,https://openalex.org/W237884500,0.9997788667678833,0.2593928666849815,0,normal
https://openalex.org/W569398880,https://openalex.org/W873100341,0.9994372725486755,0.2617852858229737,0,normal
https://openalex.org/W569398880,https://openalex.org/W70306005,0.9994738101959229,0.26152870859474386,0,normal
https://openalex.org/W569398880,https://openalex.org/W334756270,0.9991323947906494,0.26393254392636395,0,normal
https://openalex.org/W569398880,https://openalex.org/W365667930,0.9987174272537231,0.266873256780191,0,normal
https://openalex.org/W569398880,https://openalex.org/W715039643,0.997881293296814,0.27286152700732064,0,normal
https://openalex.org/W569398880,https://openalex.org/W326450296,0.9978179931640625,0.27331827634626055,0,normal
https://openalex.org/W569398880,https://openalex.org/W388978333,0.9990571737289429,0.26446406097022046,0,normal
https://openalex.org/W569398880,https://openalex.org/W753250510,0.9982661008834839,0.27009518763393364,0,normal
https://openalex.org/W569398880,https://openalex.org/W520412074,0.9990267753601074,0.2646790522662594,0,normal
https://openalex.org/W569398880,https://openalex.org/W998641904,0.9983901977539062,0.26920684591133104,0,normal
https://openalex.org/W569398880,https://openalex.org/W222543423,0.9977498054504395,0.27381082589865363,0,normal
https://openalex.org/W569398880,https://openalex.org/W414703735,0.9984405040740967,0.26884725657959735,0,normal
https://openalex.org/W569398880,https://openalex.org/W727149452,0.9987789392471313,0.26643603230433655,0,normal
https://openalex.org/W569398880,https://openalex.org/W461108489,0.9990027546882629,0.26484901664576704,0,normal
https://openalex.org/W569398880,https://openalex.org/W101742283,0.9989685416221619,0.2650912204214932,0,normal
https://openalex.org/W569398880,https://openalex.org/W485237573,0.9436697959899902,0.7291583521541989,0,normal
https://openalex.org/W569398880,https://openalex.org/W379247503,0.9433618783950806,0.7313630133847363,0,normal
https://openalex.org/W569398880,https://openalex.org/W739465865,0.9435176849365234,0.7302488733239599,0,normal
https://openalex.org/W569398880,https://openalex.org/W46332083,0.9443068504333496,0.7245611663571465,0,normal
https://openalex.org/W569398880,https://openalex.org/W972297439,0.9437768459320068,0.7283892258656904,0,normal
https://openalex.org/W569398880,https://openalex.org/W912516311,0.94466233253479,0.721974973365879,0,normal
https://openalex.org/W569398880,https://openalex.org/W526067545,0.9445546865463257,0.7227596908590207,0,normal
https://openalex.org/W569398880,https://openalex.org/W763767729,0.9445702433586121,0.7226463692721927,0,normal
https://openalex.org/W569398880,https://openalex.org/W655324685,0.94408118724823,0.7261951448176943,0,normal
https://openalex.org/W569398880,https://openalex.org/W892421272,0.9451079368591309,0.7187121227173977,0,normal
https://openalex.org/W569398880,https://openalex.org/W927523660,0.9459155201911926,0.7127397593032971,0,normal
https://openalex.org/W569398880,https://openalex.org/W983782958,0.9457141160964966,0.7142362845786523,0,normal
https://openalex.org/W569398880,https://openalex.org/W135429719,0.9451667070388794,0.718280053986745,0,normal
https://openalex.org/W569398880,https://openalex.org/W85054999,0.9448838233947754,0.7203560609524174,0,normal
https://openalex.org/W569398880,https://openalex.org/W107558930,0.9445539712905884,0.7227649003605962,0,normal
https://openalex.org/W569398880,https://openalex.org/W26295654,0.9436751008033752,0.7291202706895842,0,normal
https://openalex.org/W569398880,https://openalex.org/W765801405,0.9433947801589966,0.731127982381235,0,normal
https://openalex.org/W569398880,https://openalex.org/W387547345,0.9439854025840759,0.726886872545327,0,normal
https://openalex.org/W569398880,https://openalex.org/W500318522,0.9442644715309143,0.724868483424831,0,normal
https://openalex.org/W569398880,https://openalex.org/W869647018,0.9434534311294556,0.7307086917713433,0,normal
https://openalex.org/W569398880,https://openalex.org/W601966386,0.9432821273803711,0.7319321684153156,0,normal
https://openalex.org/W425739353,https://openalex.org/W85923484,0.9991604685783386,0.26373434834459414,0,normal
https://openalex.org/W425739353,https://openalex.org/W291178543,0.999108076095581,0.2641043064745652,0,normal
https://openalex.org/W425739353,https://openalex.org/W77917673,0.9991699457168579,0.26366746312531825,0,normal
https://openalex.org/W425739353,https://openalex.org/W556733401,0.9994524121284485,0.26167895189609275,0,normal
https://openalex.org/W425739353,https://openalex.org/W537413728,0.9993704557418823,0.26225491147152813,0,normal
https://openalex.org/W425739353,https://openalex.org/W237884500,0.9996589422225952,0.26023116017012077,0,normal
https://openalex.org/W425739353,https://openalex.org/W569398880,0.9996382594108582,0.26037591405317745,0,normal
https://openalex.org/W425739353,https://openalex.org/W873100341,0.9994240999221802,0.26187782739613646,0,normal
https://openalex.org/W425739353,https://openalex.org/W70306005,0.9995187520980835,0.261213337250574,0,normal
https://openalex.org/W425739353,https://openalex.org/W334756270,0.9992291927337646,0.26324957222467715,0,normal
https://openalex.org/W425739353,https://openalex.org/W455378056,0.998993992805481,0.26491103095483876,0,normal
https://openalex.org/W425739353,https://openalex.org/W365667930,0.9983943104743958,0.2691774368054201,0,normal
https://openalex.org/W425739353,https://openalex.org/W715039643,0.9985394477844238,0.26814089414371367,0,normal
https://openalex.org/W425739353,https://openalex.org/W326450296,0.9978289008140564,0.2732395369446892,0,normal
https://openalex.org/W425739353,https://openalex.org/W721100110,0.9984526634216309,0.26876038721168105,0,normal
https://openalex.org/W425739353,https://openalex.org/W388978333,0.9992914199829102,0.2628111192433192,0,normal
https://openalex.org/W425739353,https://openalex.org/W753250510,0.9984169602394104,0.2690155099824302,0,normal
https://openalex.org/W425739353,https://openalex.org/W520412074,0.9991990327835083,0.26346224819435154,0,normal
https://openalex.org/W425739353,https://openalex.org/W524038184,0.9993537068367004,0.26237271716293503,0,normal
https://openalex.org/W425739353,https://openalex.org/W998641904,0.9984091520309448,0.2690713251704227,0,normal
https://openalex.org/W425739353,https://openalex.org/W222543423,0.9978508353233337,0.2730812404624463,0,normal
https://openalex.org/W425739353,https://openalex.org/W414703735,0.9984807968139648,0.26855946340877185,0,normal
https://openalex.org/W425739353,https://openalex.org/W164672907,0.9987212419509888,0.2668461288163711,0,normal
https://openalex.org/W425739353,https://openalex.org/W727149452,0.9988760948181152,0.26574638478469587,0,normal
https://openalex.org/W425739353,https://openalex.org/W461108489,0.9989843964576721,0.2649789620442723,0,normal
https://openalex.org/W425739353,https://openalex.org/W101742283,0.9987510442733765,0.26663425198457313,0,normal
https://openalex.org/W425739353,https://openalex.org/W605605995,0.9984060525894165,0.26909348284626866,0,normal
https://openalex.org/W425739353,https://openalex.org/W485237573,0.9424111247062683,0.738098242339504,0,normal
https://openalex.org/W425739353,https://openalex.org/W379247503,0.9421166181564331,0.7401623147011958,0,normal
https://openalex.org/W425739353,https://openalex.org/W739465865,0.9422121644020081,0.7394938296127449,0,normal
https://openalex.org/W425739353,https://openalex.org/W759666057,0.9429116249084473,0.7345662713746323,0,normal
https://openalex.org/W425739353,https://openalex.org/W46332083,0.9430181384086609,0.7338107046400739,0,normal
https://openalex.org/W425739353,https://openalex.org/W972297439,0.9424499869346619,0.7378250847036837,0,normal
https://openalex.org/W425739353,https://openalex.org/W912516311,0.9432335495948792,0.732278476281832,0,normal
https://openalex.org/W425739353,https://openalex.org/W691259760,0.9438409805297852,0.7279277797282494,0,normal
https://openalex.org/W425739353,https://openalex.org/W526067545,0.9433116316795349,0.731721695665475,0,normal
https://openalex.org/W425739353,https://openalex.org/W763767729,0.9433546662330627,0.7314145154889398,0,normal
https://openalex.org/W425739353,https://openalex.org/W655324685,0.942919135093689,0.734513041849914,0,normal
https://openalex.org/W425739353,https://openalex.org/W39369868,0.9433549046516418,0.7314128130399028,0,normal
https://openalex.org/W425739353,https://openalex.org/W892421272,0.9437041878700256,0.7289114046542505,0,normal
https://openalex.org/W425739353,https://openalex.org/W927523660,0.9451300501823425,0.7185495965208896,0,normal
https://openalex.org/W425739353,https://openalex.org/W983782958,0.9445086121559143,0.7230951463042744,0,normal
https://openalex.org/W425739353,https://openalex.org/W417776810,0.9444118738174438,0.7237986569526704,0,normal
https://openalex.org/W425739353,https://openalex.org/W135429719,0.9441045522689819,0.7260262442499228,0,normal
https://openalex.org/W425739353,https://openalex.org/W85054999,0.9437638521194458,0.7284826560686721,0,normal
https://openalex.org/W425739353,https://openalex.org/W107558930,0.9434366226196289,0.73082889652357,0,normal
https://openalex.org/W425739353,https://openalex.org/W213569326,0.9438878297805786,0.7275903909143232,0,normal
https://openalex.org/W425739353,https://openalex.org/W26295654,0.9424762725830078,0.7376402221493765,0,normal
https://openalex.org/W425739353,https://openalex.org/W765801405,0.9422573447227478,0.7391773398503579,0,normal
https://openalex.org/W425739353,https://openalex.org/W387547345,0.9427993893623352,0.7353609445634892,0,normal
https://openalex.org/W425739353,https://openalex.org/W210408571,0.9430196285247803,0.7338001246007251,0,normal
https://openalex.org/W425739353,https://openalex.org/W500318522,0.9431133270263672,0.733134313775094,0,normal
https://openalex.org/W425739353,https://openalex.org/W869647018,0.9422206878662109,0.7394341414826718,0,normal
https://openalex.org/W425739353,https://openalex.org/W601966386,0.9419405460357666,0.7413912761293584,0,normal
https://openalex.org/W425739353,https://openalex.org/W811675919,0.9442448616027832,0.7250106157886679,0,normal
https://openalex.org/W12844123,https://openalex.org/W85923484,0.9993139505386353,0.2626524849492476,0,normal
https://openalex.org/W12844123,https://openalex.org/W291178543,0.9990602731704712,0.2644421465732654,0,normal
https://openalex.org/W12844123,https://openalex.org/W77917673,0.9990593194961548,0.26444888934075816,0,normal
https://openalex.org/W12844123,https://openalex.org/W556733401,0.9993456602096558,0.26242932632681404,0,normal
https://openalex.org/W12844123,https://openalex.org/W945731721,0.9994251132011414,0.26187070806426915,0,normal
https://openalex.org/W12844123,https://openalex.org/W537413728,0.999393105506897,0.2620956555178228,0,normal
https://openalex.org/W12844123,https://openalex.org/W237884500,0.9995979070663452,0.26065848028265454,0,normal
https://openalex.org/W12844123,https://openalex.org/W569398880,0.9995671510696411,0.26087398162272124,0,normal
https://openalex.org/W12844123,https://openalex.org/W425739353,0.9996623992919922,0.260206970085626,0,normal
https://openalex.org/W12844123,https://openalex.org/W873100341,0.9995497465133667,0.2609959830589576,0,normal
https://openalex.org/W12844123,https://openalex.org/W70306005,0.9995682239532471,0.2608664621938222,0,normal
https://openalex.org/W12844123,https://openalex.org/W334756270,0.9991207718849182,0.264014627380905,0,normal
https://openalex.org/W12844123,https://openalex.org/W455378056,0.9990561604499817,0.2644712255445709,0,normal
https://openalex.org/W12844123,https://openalex.org/W788534703,0.9991471767425537,0.2638281742604214,0,normal
https://openalex.org/W12844123,https://openalex.org/W365667930,0.9983956217765808,0.26916806041574154,0,normal
https://openalex.org/W12844123,https://openalex.org/W715039643,0.9980250597000122,0.27182593734382776,0,normal
https://openalex.org/W12844123,https://openalex.org/W326450296,0.9985371232032776,0.2681574759101679,0,normal
https://openalex.org/W12844123,https://openalex.org/W721100110,0.9986475706100464,0.267370347664011,0,normal
https://openalex.org/W12844123,https://openalex.org/W666913073,0.9990676641464233,0.26438989385891126,0,normal
https://openalex.org/W12844123,https://openalex.org/W388978333,0.9991029500961304,0.2641405204687958,0,normal
https://openalex.org/W12844123,https://openalex.org/W753250510,0.9984999895095825,0.2684224470664429,0,normal
https://openalex.org/W12844123,https://openalex.org/W520412074,0.9992180466651917,0.26332815701069984,0,normal
https://openalex.org/W12844123,https://openalex.org/W524038184,0.9993158578872681,0.2626390584215605,0,normal
https://openalex.org/W12844123,https://openalex.org/W516247359,0.9989275932312012,0.2653812915175888,0,normal
https://openalex.org/W12844123,https://openalex.org/W998641904,0.9988464117050171,0.26595696602720975,0,normal
https://openalex.org/W12844123,https://openalex.org/W222543423,0.9979955554008484,0.272038264081972,0,normal
https://openalex.org/W12844123,https://openalex.org/W414703735,0.9985983371734619,0.2677210394923104,0,normal
https://openalex.org/W12844123,https://openalex.org/W164672907,0.9987800121307373,0.2664284103447318,0,normal
https://openalex.org/W12844123,https://openalex.org/W135055795,0.9987924098968506,0.2663403444403619,0,normal
https://openalex.org/W12844123,https://openalex.org/W727149452,0.9988870024681091,0.26566902925686625,0,normal
https://openalex.org/W12844123,https://openalex.org/W461108489,0.998951256275177,0.26521364201047365,0,normal
https://openalex.org/W12844123,https://openalex.org/W101742283,0.9986753463745117,0.2671726284983142,0,normal
https://openalex.org/W12844123,https://openalex.org/W605605995,0.9977734088897705,0.2736402654149237,0,normal
https://openalex.org/W12844123,https://openalex.org/W485237573,0.9426187872886658,0.7366364791030504,0,normal
https://openalex.org/W12844123,https://openalex.org/W379247503,0.9422234296798706,0.7394149392225274,0,normal
https://openalex.org/W12844123,https://openalex.org/W739465865,0.9422893524169922,0.7389529742804218,0,normal
https://openalex.org/W12844123,https://openalex.org/W759666057,0.9429752230644226,0.7341152947615915,0,normal
https://openalex.org/W12844123,https://openalex.org/W567040765,0.9428473114967346,0.7350218227948135,0,normal
https://openalex.org/W12844123,https://openalex.org/W46332083,0.9431533217430115,0.7328497935874295,0,normal
https://openalex.org/W12844123,https://openalex.org/W972297439,0.9425420761108398,0.7371770688310114,0,normal
https://openalex.org/W12844123,https://openalex.org/W912516311,0.9433133602142334,0.7317093616936936,0,normal
https://openalex.org/W12844123,https://openalex.org/W691259760,0.9438011646270752,0.7282143115028215,0,normal
https://openalex.org/W12844123,https://openalex.org/W120977504,0.9437942504882812,0.7282640492393981,0,normal
https://openalex.org/W12844123,https://openalex.org/W526067545,0.9435037970542908,0.730348300875374,0,normal
https://openalex.org/W12844123,https://openalex.org/W763767729,0.9435250163078308,0.7301963764957285,0,normal
https://openalex.org/W12844123,https://openalex.org/W655324685,0.9429875612258911,0.7340277478737495,0,normal
https://openalex.org/W12844123,https://openalex.org/W39369868,0.9435230493545532,0.7302104616428804,0,normal
https://openalex.org/W12844123,https://openalex.org/W228645413,0.9435238838195801,0.7302044861825319,0,normal
https://openalex.org/W12844123,https://openalex.org/W892421272,0.9438453316688538,0.7278964556605136,0,normal
https://openalex.org/W12844123,https://openalex.org/W927523660,0.9449326992034912,0.7199980440274112,0,normal
https://openalex.org/W12844123,https://openalex.org/W983782958,0.9451062679290771,0.7187243865270186,0,normal
https://openalex.org/W12844123,https://openalex.org/W417776810,0.9446753263473511,0.7218801587698995,0,normal
https://openalex.org/W12844123,https://openalex.org/W311676011,0.9439273476600647,0.7273055961657197,0,normal
https://openalex.org/W12844123,https://openalex.org/W135429719,0.9441312551498413,0.7258331356143122,0,normal
https://openalex.org/W12844123,https://openalex.org/W85054999,0.9439690709114075,0.7270047059987527,0,normal
https://openalex.org/W12844123,https://openalex.org/W107558930,0.9435971975326538,0.7296791736961433,0,normal
https://openalex.org/W12844123,https://openalex.org/W213569326,0.9440020322799683,0.7267668562265691,0,normal
https://openalex.org/W12844123,https://openalex.org/W672623334,0.9431074857711792,0.7331758520067985,0,normal
https://openalex.org/W12844123,https://openalex.org/W26295654,0.9428752064704895,0.7348242956407428,0,normal
https://openalex.org/W12844123,https://openalex.org/W765801405,0.9424829483032227,0.7375932595579178,0,normal
https://openalex.org/W12844123,https://openalex.org/W387547345,0.9430127143859863,0.7338492137203259,0,normal
https://openalex.org/W12844123,https://openalex.org/W210408571,0.9431864023208618,0.7326143145927747,0,normal
https://openalex.org/W12844123,https://openalex.org/W365505908,0.9428377747535706,0.735089331858506,0,normal
https://openalex.org/W12844123,https://openalex.org/W500318522,0.9432762265205383,0.7319742504054194,0,normal
https://openalex.org/W12844123,https://openalex.org/W869647018,0.9423321485519409,0.7386527896074353,0,normal
https://openalex.org/W12844123,https://openalex.org/W601966386,0.9420490860939026,0.7406341277990948,0,normal
https://openalex.org/W12844123,https://openalex.org/W811675919,0.9440011978149414,0.7267728793350589,0,normal
https://openalex.org/W568875334,https://openalex.org/W85923484,0.9988123178482056,0.2661989697188978,0,normal
https://openalex.org/W568875334,https://openalex.org/W291178543,0.9989327192306519,0.2653449687528437,0,normal
https://openalex.org/W568875334,https://openalex.org/W77917673,0.9987652897834778,0.2665330126875393,0,normal
https://openalex.org/W568875334,https://openalex.org/W556733401,0.9990023374557495,0.26485196949750067,0,normal
https://openalex.org/W568875334,https://openalex.org/W945731721,0.9989967346191406,0.2648916241182194,0,normal
https://openalex.org/W568875334,https://openalex.org/W615774397,0.9992027878761292,0.2634357627613281,0,normal
https://openalex.org/W568875334,https://openalex.org/W537413728,0.9990180134773254,0.2647410411098781,0,normal
https://openalex.org/W568875334,https://openalex.org/W237884500,0.9993655681610107,0.26228928541014607,0,normal
https://openalex.org/W568875334,https://openalex.org/W569398880,0.9992539882659912,0.2630748066627687,0,normal
https://openalex.org/W568875334,https://openalex.org/W425739353,0.9993759989738464,0.26221592990877224,0,normal
https://openalex.org/W568875334,https://openalex.org/W12844123,0.9995235204696655,0.2611798905292829,0,normal
https://openalex.org/W568875334,https://openalex.org/W873100341,0.9995119571685791,0.2612610036120903,0,normal
https://openalex.org/W568875334,https://openalex.org/W70306005,0.9994788765907288,0.26149314382648364,0,normal
https://openalex.org/W568875334,https://openalex.org/W334756270,0.9990859031677246,0.26426097594734954,0,normal
https://openalex.org/W568875334,https://openalex.org/W455378056,0.999085545539856,0.2642635033623146,0,normal
https://openalex.org/W568875334,https://openalex.org/W788534703,0.998908519744873,0.26551647388299554,0,normal
https://openalex.org/W568875334,https://openalex.org/W638373465,0.9991992712020874,0.26346056652870914,0,normal
https://openalex.org/W568875334,https://openalex.org/W365667930,0.9982097744941711,0.2704990062600467,0,normal
https://openalex.org/W568875334,https://openalex.org/W715039643,0.9980361461639404,0.27174618081359125,0,normal
https://openalex.org/W568875334,https://openalex.org/W326450296,0.9979435801506042,0.2724125548590805,0,normal
https://openalex.org/W568875334,https://openalex.org/W721100110,0.9987977743148804,0.2663022447486795,0,normal
https://openalex.org/W568875334,https://openalex.org/W666913073,0.9989361763000488,0.2653204737977976,0,normal
https://openalex.org/W568875334,https://openalex.org/W532600448,0.9988843202590942,0.2656880497754869,0,normal
https://openalex.org/W568875334,https://openalex.org/W388978333,0.9986883997917175,0.26707974107346727,0,normal
https://openalex.org/W568875334,https://openalex.org/W753250510,0.9982781410217285,0.27000891801373383,0,normal
https://openalex.org/W568875334,https://openalex.org/W520412074,0.9987725019454956,0.2664817669777465,0,normal
https://openalex.org/W568875334,https://openalex.org/W524038184,0.9991750717163086,0.26363129075205843,0,normal
https://openalex.org/W568875334,https://openalex.org/W516247359,0.9987007975578308,0.26699153823471816,0,normal
https://openalex.org/W568875334,https://openalex.org/W150888063,0.9982634782791138,0.2701139813392419,0,normal
https://openalex.org/W568875334,https://openalex.org/W998641904,0.9983203411102295,0.2697066843786681,0,normal
https://openalex.org/W568875334,https://openalex.org/W222543423,0.9983021020889282,0.2698372845968422,0,normal
https://openalex.org/W568875334,https://openalex.org/W414703735,0.9984946846961975,0.26846031361710204,0,normal
https://openalex.org/W568875334,https://openalex.org/W164672907,0.9986751675605774,0.26717390107130695,0,normal
https://openalex.org/W568875334,https://openalex.org/W135055795,0.9985299110412598,0.2682089260380967,0,normal
https://openalex.org/W568875334,https://openalex.org/W101479238,0.9977511167526245,0.2738013485789968,0,normal
https://openalex.org/W568875334,https://openalex.org/W727149452,0.9985924363136292,0.2677630911416598,0,normal
https://openalex.org/W568875334,https://openalex.org/W461108489,0.9988691806793213,0.2657954263314463,0,normal
https://openalex.org/W568875334,https://openalex.org/W101742283,0.9983507990837097,0.26948867944438104,0,normal
https://openalex.org/W568875334,https://openalex.org/W605605995,0.9975776672363281,0.27505671209823895,0,normal
https://openalex.org/W568875334,https://openalex.org/W485237573,0.9429190158843994,0.7345138868162413,0,normal
https://openalex.org/W568875334,https://openalex.org/W379247503,0.9426969885826111,0.7360846536214829,0,normal
https://openalex.org/W568875334,https://openalex.org/W739465865,0.9426673054695129,0.7362941990757256,0,normal
https://openalex.org/W568875334,https://openalex.org/W759666057,0.9433403015136719,0.7315170754430602,0,normal
https://openalex.org/W568875334,https://openalex.org/W567040765,0.9431685209274292,0.7327416169019857,0,normal
https://openalex.org/W568875334,https://openalex.org/W164865427,0.9437288045883179,0.728734559923547,0,normal
https://openalex.org/W568875334,https://openalex.org/W46332083,0.9435107707977295,0.7302983766255247,0,normal
https://openalex.org/W568875334,https://openalex.org/W972297439,0.9429674744606018,0.7341702665019507,0,normal
https://openalex.org/W568875334,https://openalex.org/W912516311,0.943695068359375,0.7289769001767995,0,normal
https://openalex.org/W568875334,https://openalex.org/W691259760,0.9441845417022705,0.7254475273868595,0,normal
https://openalex.org/W568875334,https://openalex.org/W120977504,0.9440964460372925,0.7260848497546804,0,normal
https://openalex.org/W568875334,https://openalex.org/W971757993,0.9445717930793762,0.7226350789686008,0,normal
https://openalex.org/W568875334,https://openalex.org/W526067545,0.9440352320671082,0.7265271553387849,0,normal
https://openalex.org/W568875334,https://openalex.org/W763767729,0.9440738558769226,0.7262481283077669,0,normal
https://openalex.org/W568875334,https://openalex.org/W655324685,0.9435415863990784,0.7300777013982701,0,normal
https://openalex.org/W568875334,https://openalex.org/W39369868,0.9441461563110352,0.7257253372863649,0,normal
https://openalex.org/W568875334,https://openalex.org/W228645413,0.9439586400985718,0.7270799479750252,0,normal
https://openalex.org/W568875334,https://openalex.org/W466940171,0.9439901113510132,0.7268528927701056,0,normal
https://openalex.org/W568875334,https://openalex.org/W892421272,0.9443076252937317,0.7245555453586574,0,normal
https://openalex.org/W568875334,https://openalex.org/W927523660,0.9454971551895142,0.7158431597776188,0,normal
https://openalex.org/W568875334,https://openalex.org/W983782958,0.9453157782554626,0.717182299694075,0,normal
https://openalex.org/W568875334,https://openalex.org/W417776810,0.9453692436218262,0.7167879523307076,0,normal
https://openalex.org/W568875334,https://openalex.org/W311676011,0.9444370269775391,0.7236158418811126,0,normal
https://openalex.org/W568875334,https://openalex.org/W784383996,0.9452440142631531,0.7177110900992608,0,normal
https://openalex.org/W568875334,https://openalex.org/W135429719,0.9444518089294434,0.7235083706531362,0,normal
https://openalex.org/W568875334,https://openalex.org/W85054999,0.944420337677002,0.7237371493291157,0,normal
https://openalex.org/W568875334,https://openalex.org/W107558930,0.9439091086387634,0.7274370630193693,0,normal
https://openalex.org/W568875334,https://openalex.org/W213569326,0.9445279836654663,0.7229541379869519,0,normal
https://openalex.org/W568875334,https://openalex.org/W672623334,0.9435599446296692,0.7299461812241197,0,normal
https://openalex.org/W568875334,https://openalex.org/W901693008,0.9442954659461975,0.724643743599443,0,normal
https://openalex.org/W568875334,https://openalex.org/W26295654,0.9431434869766235,0.7329197754375397,0,normal
https://openalex.org/W568875334,https://openalex.org/W765801405,0.9432012438774109,0.7325086244371654,0,normal
https://openalex.org/W568875334,https://openalex.org/W387547345,0.9434905052185059,0.7304434394967603,0,normal
https://openalex.org/W568875334,https://openalex.org/W210408571,0.9437094926834106,0.7288733013785911,0,normal
https://openalex.org/W568875334,https://openalex.org/W365505908,0.9432480931282043,0.7321748261523121,0,normal
https://openalex.org/W568875334,https://openalex.org/W412780848,0.943729043006897,0.7287328467875905,0,normal
https://openalex.org/W568875334,https://openalex.org/W500318522,0.9436663389205933,0.7291831674773162,0,normal
https://openalex.org/W568875334,https://openalex.org/W869647018,0.9428423643112183,0.7350568444948519,0,normal
https://openalex.org/W568875334,https://openalex.org/W601966386,0.9424369931221008,0.7379164369862474,0,normal
https://openalex.org/W568875334,https://openalex.org/W811675919,0.9444377422332764,0.7236106422548535,0,normal
https://openalex.org/W873100341,https://openalex.org/W85923484,0.9987743496894836,0.2664686389211524,0,normal
https://openalex.org/W873100341,https://openalex.org/W537413728,0.9993272423744202,0.26255892802490893,0,normal
https://openalex.org/W873100341,https://openalex.org/W365667930,0.9986926913261414,0.26704920722582304,0,normal
https://openalex.org/W873100341,https://openalex.org/W388978333,0.9990637302398682,0.26441770496419365,0,normal
https://openalex.org/W873100341,https://openalex.org/W998641904,0.9985976219177246,0.2677261364387818,0,normal
https://openalex.org/W873100341,https://openalex.org/W727149452,0.9990310668945312,0.26464869377335776,0,normal
https://openalex.org/W873100341,https://openalex.org/W485237573,0.9434868097305298,0.7304698868301367,0,normal
https://openalex.org/W873100341,https://openalex.org/W46332083,0.9442523717880249,0.7249561875026121,0,normal
https://openalex.org/W873100341,https://openalex.org/W526067545,0.9448943734169006,0.720278805394769,0,normal
https://openalex.org/W873100341,https://openalex.org/W892421272,0.9451075792312622,0.7187147507039986,0,normal
https://openalex.org/W873100341,https://openalex.org/W135429719,0.9452131986618042,0.7179379695816754,0,normal
https://openalex.org/W873100341,https://openalex.org/W26295654,0.9438319802284241,0.7279925661807839,0,normal
https://openalex.org/W873100341,https://openalex.org/W500318522,0.9444543123245239,0.7234901673242502,0,normal
https://openalex.org/W70306005,https://openalex.org/W85923484,0.9989178776741028,0.26545014454130966,0,normal
https://openalex.org/W70306005,https://openalex.org/W291178543,0.9989097714424133,0.26550760119239136,0,normal
https://openalex.org/W70306005,https://openalex.org/W537413728,0.9993823170661926,0.2621715038651245,0,normal
https://openalex.org/W70306005,https://openalex.org/W237884500,0.9995640516281128,0.2608957052051046,0,normal
https://openalex.org/W70306005,https://openalex.org/W873100341,0.9997094869613647,0.2598776296287218,0,normal
https://openalex.org/W70306005,https://openalex.org/W365667930,0.9986777305603027,0.2671556612264514,0,normal
https://openalex.org/W70306005,https://openalex.org/W715039643,0.9981066584587097,0.2712392556199152,0,normal
https://openalex.org/W70306005,https://openalex.org/W388978333,0.999229371547699,0.2632483116290327,0,normal
https://openalex.org/W70306005,https://openalex.org/W753250510,0.9985047578811646,0.2683884126034643,0,normal
https://openalex.org/W70306005,https://openalex.org/W998641904,0.9985824823379517,0.2678340362463672,0,normal
https://openalex.org/W70306005,https://openalex.org/W222543423,0.9978498816490173,0.27308812172751795,0,normal
https://openalex.org/W70306005,https://openalex.org/W727149452,0.9990418553352356,0.2645723857406199,0,normal
https://openalex.org/W70306005,https://openalex.org/W461108489,0.9990718364715576,0.26436039927975796,0,normal
https://openalex.org/W70306005,https://openalex.org/W485237573,0.9433478713035583,0.7314630324159028,0,normal
https://openalex.org/W70306005,https://openalex.org/W379247503,0.9430476427078247,0.7336011699936139,0,normal
https://openalex.org/W70306005,https://openalex.org/W46332083,0.9440405368804932,0.7264888426898493,0,normal
https://openalex.org/W70306005,https://openalex.org/W972297439,0.9434303641319275,0.7308736449515809,0,normal
https://openalex.org/W70306005,https://openalex.org/W526067545,0.9444682002067566,0.7233891687440505,0,normal
https://openalex.org/W70306005,https://openalex.org/W763767729,0.9447113275527954,0.7216173576476509,0,normal
https://openalex.org/W70306005,https://openalex.org/W892421272,0.9448566436767578,0.7205550320714873,0,normal
https://openalex.org/W70306005,https://openalex.org/W927523660,0.9458560943603516,0.7131818069841105,0,normal
https://openalex.org/W70306005,https://openalex.org/W135429719,0.9450588822364807,0.7190724552871801,0,normal
https://openalex.org/W70306005,https://openalex.org/W85054999,0.9447944164276123,0.7210102447049286,0,normal
https://openalex.org/W70306005,https://openalex.org/W26295654,0.9435555934906006,0.7299773568638424,0,normal
https://openalex.org/W70306005,https://openalex.org/W765801405,0.9432199597358704,0.732375306678904,0,normal
https://openalex.org/W70306005,https://openalex.org/W500318522,0.944179117679596,0.725486793742597,0,normal
https://openalex.org/W70306005,https://openalex.org/W869647018,0.9432629942893982,0.7320686008565362,0,normal
https://openalex.org/W334756270,https://openalex.org/W85923484,0.9984601736068726,0.2687067414715316,0,normal
https://openalex.org/W334756270,https://openalex.org/W291178543,0.9985306262969971,0.2682038232667423,0,normal
https://openalex.org/W334756270,https://openalex.org/W77917673,0.9986941814422607,0.2670386057143952,0,normal
https://openalex.org/W334756270,https://openalex.org/W537413728,0.9989354610443115,0.2653255416010064,0,normal
https://openalex.org/W334756270,https://openalex.org/W237884500,0.9991464614868164,0.2638332237958319,0,normal
https://openalex.org/W334756270,https://openalex.org/W569398880,0.9991323947906494,0.26393254392636395,0,normal
https://openalex.org/W334756270,https://openalex.org/W873100341,0.9992991089820862,0.2627569752135781,0,normal
https://openalex.org/W334756270,https://openalex.org/W70306005,0.999457597732544,0.2616425368445549,0,normal
https://openalex.org/W334756270,https://openalex.org/W365667930,0.9985892176628113,0.26778603017080993,0,normal
https://openalex.org/W334756270,https://openalex.org/W715039643,0.998276948928833,0.27001745878580036,0,normal
https://openalex.org/W334756270,https://openalex.org/W326450296,0.9979482889175415,0.272378632219806,0,normal
https://openalex.org/W334756270,https://openalex.org/W388978333,0.9992577433586121,0.2630483462683493,0,normal
https://openalex.org/W334756270,https://openalex.org/W753250510,0.9984569549560547,0.26872973167360936,0,normal
https://openalex.org/W334756270,https://openalex.org/W520412074,0.9989897012710571,0.26494140869867794,0,normal
https://openalex.org/W334756270,https://openalex.org/W998641904,0.9984830617904663,0.26854329147507344,0,normal
https://openalex.org/W334756270,https://openalex.org/W222543423,0.9978855848312378,0.2728305782167532,0,normal
https://openalex.org/W334756270,https://openalex.org/W414703735,0.9982812404632568,0.26998671280303527,0,normal
https://openalex.org/W334756270,https://openalex.org/W727149452,0.9989149570465088,0.26547084491961526,0,normal
https://openalex.org/W334756270,https://openalex.org/W461108489,0.9988967180252075,0.26560013998711196,0,normal
https://openalex.org/W334756270,https://openalex.org/W101742283,0.998691976070404,0.2670542960463359,0,normal
https://openalex.org/W334756270,https://openalex.org/W485237573,0.9446409344673157,0.7221310696740709,0,normal
https://openalex.org/W334756270,https://openalex.org/W379247503,0.944373607635498,0.7240766349957296,0,normal
https://openalex.org/W334756270,https://openalex.org/W739465865,0.9444862008094788,0.7232582268139301,0,normal
https://openalex.org/W334756270,https://openalex.org/W46332083,0.9452900886535645,0.717371661534731,0,normal
https://openalex.org/W334756270,https://openalex.org/W972297439,0.944709300994873,0.7216321551390396,0,normal
https://openalex.org/W334756270,https://openalex.org/W912516311,0.9454696774482727,0.7160462787140645,0,normal
https://openalex.org/W334756270,https://openalex.org/W526067545,0.9457329511642456,0.714096529722555,0,normal
https://openalex.org/W334756270,https://openalex.org/W763767729,0.945882260799408,0.7129872142365482,0,normal
https://openalex.org/W334756270,https://openalex.org/W655324685,0.9458547234535217,0.7131919998736724,0,normal
https://openalex.org/W334756270,https://openalex.org/W892421272,0.9462720155715942,0.7100794003842446,0,normal
https://openalex.org/W334756270,https://openalex.org/W927523660,0.9474042057991028,0.7015346058413925,0,normal
https://openalex.org/W334756270,https://openalex.org/W983782958,0.9471251964569092,0.7036537398157283,0,normal
https://openalex.org/W334756270,https://openalex.org/W135429719,0.9465746879577637,0.7078092932401538,0,normal
https://openalex.org/W334756270,https://openalex.org/W85054999,0.9462512135505676,0.7102350362044719,0,normal
https://openalex.org/W334756270,https://openalex.org/W107558930,0.9458009600639343,0.7135915675688568,0,normal
https://openalex.org/W334756270,https://openalex.org/W26295654,0.9449712038040161,0.7197157993788271,0,normal
https://openalex.org/W334756270,https://openalex.org/W765801405,0.9446902871131897,0.7217709668911874,0,normal
https://openalex.org/W334756270,https://openalex.org/W387547345,0.945136547088623,0.7185018353812174,0,normal
https://openalex.org/W334756270,https://openalex.org/W500318522,0.9456290602684021,0.7148668820256076,0,normal
https://openalex.org/W334756270,https://openalex.org/W869647018,0.9446446895599365,0.7221036806295784,0,normal
https://openalex.org/W334756270,https://openalex.org/W601966386,0.9443908333778381,0.7239515230088054,0,normal
https://openalex.org/W455378056,https://openalex.org/W85923484,0.9983842968940735,0.26924904512972186,0,normal
https://openalex.org/W455378056,https://openalex.org/W291178543,0.9984498023986816,0.26878082546576504,0,normal
https://openalex.org/W455378056,https://openalex.org/W77917673,0.9983949065208435,0.2691731747845348,0,normal
https://openalex.org/W455378056,https://openalex.org/W556733401,0.9988148212432861,0.26618119544439156,0,normal
https://openalex.org/W455378056,https://openalex.org/W537413728,0.998615026473999,0.2676021282186775,0,normal
https://openalex.org/W455378056,https://openalex.org/W237884500,0.9990367889404297,0.26460821925018047,0,normal
https://openalex.org/W455378056,https://openalex.org/W569398880,0.9989219307899475,0.26542141919363416,0,normal
https://openalex.org/W455378056,https://openalex.org/W425739353,0.998993992805481,0.26491103095483876,0,normal
https://openalex.org/W455378056,https://openalex.org/W873100341,0.9990221261978149,0.264711943148793,0,normal
https://openalex.org/W455378056,https://openalex.org/W70306005,0.9993242621421814,0.2625799030472604,0,normal
https://openalex.org/W455378056,https://openalex.org/W334756270,0.999372124671936,0.26224317469407193,0,normal
https://openalex.org/W455378056,https://openalex.org/W365667930,0.998591423034668,0.2677703125534394,0,normal
https://openalex.org/W455378056,https://openalex.org/W715039643,0.9981944561004639,0.2706088935136765,0,normal
https://openalex.org/W455378056,https://openalex.org/W326450296,0.9981067180633545,0.27123882736294086,0,normal
https://openalex.org/W455378056,https://openalex.org/W721100110,0.998483419418335,0.2685407380681966,0,normal
https://openalex.org/W455378056,https://openalex.org/W388978333,0.9988380074501038,0.26601660775239033,0,normal
https://openalex.org/W455378056,https://openalex.org/W753250510,0.998974621295929,0.26504817038234313,0,normal
https://openalex.org/W455378056,https://openalex.org/W520412074,0.9988089799880981,0.2662226699280347,0,normal
https://openalex.org/W455378056,https://openalex.org/W524038184,0.9991389513015747,0.26388624766129765,0,normal
https://openalex.org/W455378056,https://openalex.org/W998641904,0.9986035823822021,0.2676836637658802,0,normal
https://openalex.org/W455378056,https://openalex.org/W222543423,0.9983726739883423,0.26933217701950524,0,normal
https://openalex.org/W455378056,https://openalex.org/W414703735,0.9981392621994019,0.2710050624569864,0,normal
https://openalex.org/W455378056,https://openalex.org/W164672907,0.9983314275741577,0.26962731941586554,0,normal
https://openalex.org/W455378056,https://openalex.org/W727149452,0.9985659122467041,0.2679521629167914,0,normal
https://openalex.org/W455378056,https://openalex.org/W461108489,0.9988958835601807,0.2656060564092485,0,normal
https://openalex.org/W455378056,https://openalex.org/W101742283,0.9985613822937012,0.26798446228735556,0,normal
https://openalex.org/W455378056,https://openalex.org/W605605995,0.9977977275848389,0.27346460570771897,0,normal
https://openalex.org/W455378056,https://openalex.org/W485237573,0.9435439705848694,0.7300606231373978,0,normal
https://openalex.org/W455378056,https://openalex.org/W379247503,0.9432638883590698,0.7320622264894308,0,normal
https://openalex.org/W455378056,https://openalex.org/W739465865,0.9432758092880249,0.7319772257411655,0,normal
https://openalex.org/W455378056,https://openalex.org/W759666057,0.9440621733665466,0.7263325440824807,0,normal
https://openalex.org/W455378056,https://openalex.org/W46332083,0.9440593719482422,0.7263527842289977,0,normal
https://openalex.org/W455378056,https://openalex.org/W972297439,0.9435985088348389,0.7296697720037588,0,normal
https://openalex.org/W455378056,https://openalex.org/W912516311,0.944301962852478,0.7245966202473147,0,normal
https://openalex.org/W455378056,https://openalex.org/W691259760,0.9447941780090332,0.7210119879401659,0,normal
https://openalex.org/W455378056,https://openalex.org/W526067545,0.9445420503616333,0.7228517165026412,0,normal
https://openalex.org/W455378056,https://openalex.org/W763767729,0.9447795152664185,0.7211191840724606,0,normal
https://openalex.org/W455378056,https://openalex.org/W655324685,0.9444870948791504,0.7232517220782069,0,normal
https://openalex.org/W455378056,https://openalex.org/W39369868,0.9455605149269104,0.7153744628025415,0,normal
https://openalex.org/W455378056,https://openalex.org/W892421272,0.9452708959579468,0.7175130835650223,0,normal
https://openalex.org/W455378056,https://openalex.org/W927523660,0.9463391900062561,0.7095764795104987,0,normal
https://openalex.org/W455378056,https://openalex.org/W983782958,0.9462196826934814,0.7104708483141475,0,normal
https://openalex.org/W455378056,https://openalex.org/W417776810,0.9459584951400757,0.7124198306231458,0,normal
https://openalex.org/W455378056,https://openalex.org/W135429719,0.9453099966049194,0.7172249237924109,0,normal
https://openalex.org/W455378056,https://openalex.org/W85054999,0.9455813765525818,0.7152200393003249,0,normal
https://openalex.org/W455378056,https://openalex.org/W107558930,0.9446883201599121,0.7217853242995756,0,normal
https://openalex.org/W455378056,https://openalex.org/W213569326,0.94529789686203,0.717314114208022,0,normal
https://openalex.org/W455378056,https://openalex.org/W26295654,0.9440597295761108,0.7263502004324563,0,normal
https://openalex.org/W455378056,https://openalex.org/W765801405,0.9440298676490784,0.7265658950634961,0,normal
https://openalex.org/W455378056,https://openalex.org/W387547345,0.9440699219703674,0.7262765558395128,0,normal
https://openalex.org/W455378056,https://openalex.org/W210408571,0.9442973136901855,0.7246303420538954,0,normal
https://openalex.org/W455378056,https://openalex.org/W500318522,0.9444283843040466,0.7236786659193306,0,normal
https://openalex.org/W455378056,https://openalex.org/W869647018,0.9436451196670532,0.7293354509067401,0,normal
https://openalex.org/W455378056,https://openalex.org/W601966386,0.9433433413505554,0.7314953739522873,0,normal
https://openalex.org/W455378056,https://openalex.org/W811675919,0.9453299045562744,0.7170781399116041,0,normal
https://openalex.org/W788534703,https://openalex.org/W85923484,0.9984281063079834,0.26893584754554617,0,normal
https://openalex.org/W788534703,https://openalex.org/W291178543,0.9983386397361755,0.26957569743094395,0,normal
https://openalex.org/W788534703,https://openalex.org/W77917673,0.9985755085945129,0.26788374740274123,0,normal
https://openalex.org/W788534703,https://openalex.org/W556733401,0.9987987279891968,0.26629547183365293,0,normal
https://openalex.org/W788534703,https://openalex.org/W945731721,0.9990019798278809,0.26485450053003523,0,normal
https://openalex.org/W788534703,https://openalex.org/W537413728,0.9992194175720215,0.2633184906893405,0,normal
https://openalex.org/W788534703,https://openalex.org/W237884500,0.9990944266319275,0.2642007438081791,0,normal
https://openalex.org/W788534703,https://openalex.org/W569398880,0.9989777207374573,0.26502622502390455,0,normal
https://openalex.org/W788534703,https://openalex.org/W425739353,0.999150276184082,0.26380629365686586,0,normal
https://openalex.org/W788534703,https://openalex.org/W12844123,0.9991471767425537,0.2638281742604214,0,normal
https://openalex.org/W788534703,https://openalex.org/W873100341,0.9993013143539429,0.2627414468555581,0,normal
https://openalex.org/W788534703,https://openalex.org/W70306005,0.999383807182312,0.26216102673184083,0,normal
https://openalex.org/W788534703,https://openalex.org/W334756270,0.9994444847106934,0.26173462720675716,0,normal
https://openalex.org/W788534703,https://openalex.org/W455378056,0.9993800520896912,0.2621874296246815,0,normal
https://openalex.org/W788534703,https://openalex.org/W365667930,0.9989906549453735,0.26493465789640513,0,normal
https://openalex.org/W788534703,https://openalex.org/W715039643,0.9983885288238525,0.26921878062012455,0,normal
https://openalex.org/W788534703,https://openalex.org/W326450296,0.9981245398521423,0.2711107975683754,0,normal
https://openalex.org/W788534703,https://openalex.org/W721100110,0.998502254486084,0.26840628035583985,0,normal
https://openalex.org/W788534703,https://openalex.org/W666913073,0.9992200136184692,0.26331428801204027,0,normal
https://openalex.org/W788534703,https://openalex.org/W388978333,0.9991645812988281,0.26370532134602553,0,normal
https://openalex.org/W788534703,https://openalex.org/W753250510,0.9986023306846619,0.26769258267256674,0,normal
https://openalex.org/W788534703,https://openalex.org/W520412074,0.999451756477356,0.2616835563310015,0,normal
https://openalex.org/W788534703,https://openalex.org/W524038184,0.9992941617965698,0.2627918112463431,0,normal
https://openalex.org/W788534703,https://openalex.org/W516247359,0.9989886283874512,0.2649490034827371,0,normal
https://openalex.org/W788534703,https://openalex.org/W998641904,0.9983786940574646,0.2692891169406817,0,normal
https://openalex.org/W788534703,https://openalex.org/W222543423,0.9978170394897461,0.2733251613384366,0,normal
https://openalex.org/W788534703,https://openalex.org/W414703735,0.9983928799629211,0.2691876658294658,0,normal
https://openalex.org/W788534703,https://openalex.org/W164672907,0.9984181523323059,0.26900698922354993,0,normal
https://openalex.org/W788534703,https://openalex.org/W135055795,0.9987029433250427,0.2669762742388967,0,normal
https://openalex.org/W788534703,https://openalex.org/W727149452,0.9992406368255615,0.2631689019250687,0,normal
https://openalex.org/W788534703,https://openalex.org/W461108489,0.9989681243896484,0.2650941749998517,0,normal
https://openalex.org/W788534703,https://openalex.org/W101742283,0.9987476468086243,0.26665840053558554,0,normal
https://openalex.org/W788534703,https://openalex.org/W605605995,0.9978438019752502,0.2731319923371102,0,normal
https://openalex.org/W788534703,https://openalex.org/W485237573,0.94362473487854,0.7294816949344196,0,normal
https://openalex.org/W788534703,https://openalex.org/W379247503,0.9432669878005981,0.7320401279390855,0,normal
https://openalex.org/W788534703,https://openalex.org/W739465865,0.9434425234794617,0.7307867008439692,0,normal
https://openalex.org/W788534703,https://openalex.org/W759666057,0.9441319108009338,0.7258283930424176,0,normal
https://openalex.org/W788534703,https://openalex.org/W567040765,0.9440286159515381,0.7265749338401144,0,normal
https://openalex.org/W788534703,https://openalex.org/W46332083,0.9444735050201416,0.7233505838740627,0,normal
https://openalex.org/W788534703,https://openalex.org/W972297439,0.9437082409858704,0.7288822923423168,0,normal
https://openalex.org/W788534703,https://openalex.org/W912516311,0.9444152116775513,0.7237744014364041,0,normal
https://openalex.org/W788534703,https://openalex.org/W691259760,0.9449896216392517,0.7195807324117341,0,normal
https://openalex.org/W788534703,https://openalex.org/W120977504,0.9447922110557556,0.7210263693760731,0,normal
https://openalex.org/W788534703,https://openalex.org/W526067545,0.9447917938232422,0.7210294199252584,0,normal
https://openalex.org/W788534703,https://openalex.org/W763767729,0.944893479347229,0.7202853529821789,0,normal
https://openalex.org/W788534703,https://openalex.org/W655324685,0.9446004629135132,0.7224261572797214,0,normal
https://openalex.org/W788534703,https://openalex.org/W39369868,0.9451766610145569,0.7182068340558134,0,normal
https://openalex.org/W788534703,https://openalex.org/W228645413,0.9454505443572998,0.7161876611851481,0,normal
https://openalex.org/W788534703,https://openalex.org/W892421272,0.9455257654190063,0.7156315762605984,0,normal
https://openalex.org/W788534703,https://openalex.org/W927523660,0.9464951753616333,0.7084066648394978,0,normal
https://openalex.org/W788534703,https://openalex.org/W983782958,0.9462710618972778,0.7100865366325506,0,normal
https://openalex.org/W788534703,https://openalex.org/W417776810,0.9459854364395142,0.7122191567511622,0,normal
https://openalex.org/W788534703,https://openalex.org/W311676011,0.9454644918441772,0.7160846015259885,0,normal
https://openalex.org/W788534703,https://openalex.org/W135429719,0.9455835819244385,0.7152037115834348,0,normal
https://openalex.org/W788534703,https://openalex.org/W85054999,0.9453754425048828,0.7167422093860983,0,normal
https://openalex.org/W788534703,https://openalex.org/W107558930,0.9451308250427246,0.7185439004970805,0,normal
https://openalex.org/W788534703,https://openalex.org/W213569326,0.945433497428894,0.7163135923146311,0,normal
https://openalex.org/W788534703,https://openalex.org/W672623334,0.9445352554321289,0.7229011942023517,0,normal
https://openalex.org/W788534703,https://openalex.org/W26295654,0.9440018534660339,0.7267681468996493,0,normal
https://openalex.org/W788534703,https://openalex.org/W765801405,0.9437025785446167,0.7289229634099869,0,normal
https://openalex.org/W788534703,https://openalex.org/W387547345,0.9442593455314636,0.7249056409652398,0,normal
https://openalex.org/W788534703,https://openalex.org/W210408571,0.9443836808204651,0.7240034768837194,0,normal
https://openalex.org/W788534703,https://openalex.org/W365505908,0.9441713094711304,0.7255433139046773,0,normal
https://openalex.org/W788534703,https://openalex.org/W500318522,0.944900393486023,0.7202347158655922,0,normal
https://openalex.org/W788534703,https://openalex.org/W869647018,0.9437328577041626,0.7287054356886329,0,normal
https://openalex.org/W788534703,https://openalex.org/W601966386,0.943493664264679,0.7304208299943169,0,normal
https://openalex.org/W788534703,https://openalex.org/W811675919,0.9454247951507568,0.7163778658223745,0,normal
https://openalex.org/W638373465,https://openalex.org/W85923484,0.9985898733139038,0.2677813573045205,0,normal
https://openalex.org/W638373465,https://openalex.org/W291178543,0.9984790086746216,0.26857223116018536,0,normal
https://openalex.org/W638373465,https://openalex.org/W77917673,0.9985371828079224,0.2681570507285534,0,normal
https://openalex.org/W638373465,https://openalex.org/W556733401,0.9987052083015442,0.26696016284523005,0,normal
https://openalex.org/W638373465,https://openalex.org/W945731721,0.9988654851913452,0.26582164056026114,0,normal
https://openalex.org/W638373465,https://openalex.org/W615774397,0.9990026950836182,0.2648494384804395,0,normal
https://openalex.org/W638373465,https://openalex.org/W537413728,0.9988124966621399,0.26619770010277993,0,normal
https://openalex.org/W638373465,https://openalex.org/W237884500,0.9992434978485107,0.2631487368333707,0,normal
https://openalex.org/W638373465,https://openalex.org/W569398880,0.9990876317024231,0.2642487603267209,0,normal
https://openalex.org/W638373465,https://openalex.org/W425739353,0.9990886449813843,0.264241599613906,0,normal
https://openalex.org/W638373465,https://openalex.org/W12844123,0.9990947246551514,0.2641986379485429,0,normal
https://openalex.org/W638373465,https://openalex.org/W568875334,0.9991992712020874,0.26346056652870914,0,normal
https://openalex.org/W638373465,https://openalex.org/W873100341,0.999037504196167,0.2646031602134232,0,normal
https://openalex.org/W638373465,https://openalex.org/W70306005,0.9992052912712097,0.26341810675615723,0,normal
https://openalex.org/W638373465,https://openalex.org/W334756270,0.999193012714386,0.2635047125366223,0,normal
https://openalex.org/W638373465,https://openalex.org/W455378056,0.9993333220481873,0.26251614232506254,0,normal
https://openalex.org/W638373465,https://openalex.org/W788534703,0.9994404315948486,0.2617630957329242,0,normal
https://openalex.org/W638373465,https://openalex.org/W365667930,0.9991496801376343,0.2638105013748099,0,normal
https://openalex.org/W638373465,https://openalex.org/W715039643,0.9985201954841614,0.26827824477347045,0,normal
https://openalex.org/W638373465,https://openalex.org/W326450296,0.9978102445602417,0.2733742200394803,0,normal
https://openalex.org/W638373465,https://openalex.org/W721100110,0.9985665082931519,0.26794791318335,0,normal
https://openalex.org/W638373465,https://openalex.org/W666913073,0.9990007877349854,0.2648629374169019,0,normal
https://openalex.org/W638373465,https://openalex.org/W532600448,0.998894214630127,0.2656178895059007,0,normal
https://openalex.org/W638373465,https://openalex.org/W388978333,0.9988782405853271,0.26573116616833287,0,normal
https://openalex.org/W638373465,https://openalex.org/W753250510,0.9986979365348816,0.2670118910921881,0,normal
https://openalex.org/W638373465,https://openalex.org/W520412074,0.9989833831787109,0.2649861355424104,0,normal
https://openalex.org/W638373465,https://openalex.org/W524038184,0.9993411898612976,0.26246077926192,0,normal
https://openalex.org/W638373465,https://openalex.org/W516247359,0.998955488204956,0.26518366648864483,0,normal
https://openalex.org/W638373465,https://openalex.org/W150888063,0.9983489513397217,0.26950190162358784,0,normal
https://openalex.org/W638373465,https://openalex.org/W998641904,0.9981440305709839,0.27097082182199317,0,normal
https://openalex.org/W638373465,https://openalex.org/W222543423,0.9980897903442383,0.2713604694014082,0,normal
https://openalex.org/W638373465,https://openalex.org/W414703735,0.9984435439109802,0.2688255375732873,0,normal
https://openalex.org/W638373465,https://openalex.org/W164672907,0.9985841512680054,0.2678221404269797,0,normal
https://openalex.org/W638373465,https://openalex.org/W135055795,0.9987727999687195,0.26647964952141,0,normal
https://openalex.org/W638373465,https://openalex.org/W101479238,0.9981069564819336,0.2712371143392887,0,normal
https://openalex.org/W638373465,https://openalex.org/W727149452,0.9988660216331482,0.26581783516665247,0,normal
https://openalex.org/W638373465,https://openalex.org/W461108489,0.9992592930793762,0.26303742660448953,0,normal
https://openalex.org/W638373465,https://openalex.org/W101742283,0.9988899827003479,0.26564789636656166,0,normal
https://openalex.org/W638373465,https://openalex.org/W605605995,0.9978638887405396,0.2729870640290908,0,normal
https://openalex.org/W638373465,https://openalex.org/W485237573,0.9434444904327393,0.7307726346890506,0,normal
https://openalex.org/W638373465,https://openalex.org/W379247503,0.9430652856826782,0.7334758223324233,0,normal
https://openalex.org/W638373465,https://openalex.org/W739465865,0.9431424140930176,0.7329274091162594,0,normal
https://openalex.org/W638373465,https://openalex.org/W759666057,0.9437945485115051,0.7282619054891174,0,normal
https://openalex.org/W638373465,https://openalex.org/W567040765,0.9436797499656677,0.7290868931559911,0,normal
https://openalex.org/W638373465,https://openalex.org/W164865427,0.9442000985145569,0.7253348869376864,0,normal
https://openalex.org/W638373465,https://openalex.org/W46332083,0.943963885307312,0.7270421136290046,0,normal
https://openalex.org/W638373465,https://openalex.org/W972297439,0.9435166716575623,0.730256128476471,0,normal
https://openalex.org/W638373465,https://openalex.org/W912516311,0.9441888928413391,0.7254160254792202,0,normal
https://openalex.org/W638373465,https://openalex.org/W691259760,0.9446632862091064,0.7219680151723484,0,normal
https://openalex.org/W638373465,https://openalex.org/W120977504,0.9445136189460754,0.7230587053217749,0,normal
https://openalex.org/W638373465,https://openalex.org/W971757993,0.9447464942932129,0.721360500729377,0,normal
https://openalex.org/W638373465,https://openalex.org/W526067545,0.9443806409835815,0.7240255554482856,0,normal
https://openalex.org/W638373465,https://openalex.org/W763767729,0.9445148706436157,0.723049594613841,0,normal
https://openalex.org/W638373465,https://openalex.org/W655324685,0.944197952747345,0.7253504252583522,0,normal
https://openalex.org/W638373465,https://openalex.org/W39369868,0.944923996925354,0.7200618089971523,0,normal
https://openalex.org/W638373465,https://openalex.org/W228645413,0.9448646903038025,0.720496135179705,0,normal
https://openalex.org/W638373465,https://openalex.org/W466940171,0.9450651407241821,0.7190264989864441,0,normal
https://openalex.org/W638373465,https://openalex.org/W892421272,0.9453736543655396,0.7167554049248346,0,normal
https://openalex.org/W638373465,https://openalex.org/W927523660,0.9462760090827942,0.7100495162155831,0,normal
https://openalex.org/W638373465,https://openalex.org/W983782958,0.9457886219024658,0.7136832173418554,0,normal
https://openalex.org/W638373465,https://openalex.org/W417776810,0.9457748532295227,0.7137854724384377,0,normal
https://openalex.org/W638373465,https://openalex.org/W311676011,0.9450560808181763,0.7190930247187894,0,normal
https://openalex.org/W638373465,https://openalex.org/W784383996,0.945847749710083,0.7132438473067132,0,normal
https://openalex.org/W638373465,https://openalex.org/W135429719,0.9451366662979126,0.7185009589839773,0,normal
https://openalex.org/W638373465,https://openalex.org/W85054999,0.9452254176139832,0.7178480209442567,0,normal
https://openalex.org/W638373465,https://openalex.org/W107558930,0.9446092844009399,0.7223618541913334,0,normal
https://openalex.org/W638373465,https://openalex.org/W213569326,0.9452389478683472,0.7177483989723448,0,normal
https://openalex.org/W638373465,https://openalex.org/W672623334,0.9442596435546875,0.7249034807283821,0,normal
https://openalex.org/W638373465,https://openalex.org/W901693008,0.944894552230835,0.7202774958660376,0,normal
https://openalex.org/W638373465,https://openalex.org/W26295654,0.9436034560203552,0.7296343001293045,0,normal
https://openalex.org/W638373465,https://openalex.org/W765801405,0.9436253905296326,0.7294769919530162,0,normal
https://openalex.org/W638373465,https://openalex.org/W387547345,0.9440516829490662,0.7264083321767485,0,normal
https://openalex.org/W638373465,https://openalex.org/W210408571,0.9442421197891235,0.7250304847667915,0,normal
https://openalex.org/W638373465,https://openalex.org/W365505908,0.9439529180526733,0.727121218070928,0,normal
https://openalex.org/W638373465,https://openalex.org/W412780848,0.944526731967926,0.7229632506319118,0,normal
https://openalex.org/W638373465,https://openalex.org/W500318522,0.9444026350975037,0.7238657858880992,0,normal
https://openalex.org/W638373465,https://openalex.org/W869647018,0.9436153173446655,0.7295492411729482,0,normal
https://openalex.org/W638373465,https://openalex.org/W601966386,0.9433051943778992,0.7317676259183594,0,normal
https://openalex.org/W638373465,https://openalex.org/W811675919,0.9451431035995483,0.7184536310687202,0,normal
https://openalex.org/W365667930,https://openalex.org/W85923484,0.9978934526443481,0.2727738444640985,0,normal
https://openalex.org/W365667930,https://openalex.org/W537413728,0.9982679486274719,0.27008194710892186,0,normal
https://openalex.org/W365667930,https://openalex.org/W873100341,0.9986926913261414,0.26704920722582304,0,normal
https://openalex.org/W365667930,https://openalex.org/W388978333,0.9985557794570923,0.2680244149227829,0,normal
https://openalex.org/W365667930,https://openalex.org/W998641904,0.9975504875183105,0.2752537522608749,0,normal
https://openalex.org/W365667930,https://openalex.org/W727149452,0.9983968138694763,0.2691595366041648,0,normal
https://openalex.org/W365667930,https://openalex.org/W485237573,0.9418226480484009,0.7422120705232508,0,normal
https://openalex.org/W365667930,https://openalex.org/W46332083,0.9424170255661011,0.7380567777756438,0,normal
https://openalex.org/W365667930,https://openalex.org/W526067545,0.9429410099983215,0.7343579614622001,0,normal
https://openalex.org/W365667930,https://openalex.org/W892421272,0.944618284702301,0.7222962382109983,0,normal
https://openalex.org/W365667930,https://openalex.org/W135429719,0.9437292814254761,0.7287311336448424,0,normal
https://openalex.org/W365667930,https://openalex.org/W26295654,0.9419985413551331,0.7409868944049015,0,normal
https://openalex.org/W365667930,https://openalex.org/W500318522,0.9428989887237549,0.7346558167789621,0,normal
https://openalex.org/W715039643,https://openalex.org/W85923484,0.9976108074188232,0.2748165798420269,0,normal
https://openalex.org/W715039643,https://openalex.org/W291178543,0.9978439807891846,0.2731307019622712,0,normal
https://openalex.org/W715039643,https://openalex.org/W537413728,0.9978606700897217,0.2730102837312679,0,normal
https://openalex.org/W715039643,https://openalex.org/W237884500,0.9980699419975281,0.2715031425728286,0,normal
https://openalex.org/W715039643,https://openalex.org/W873100341,0.9979034662246704,0.27270164853331846,0,normal
https://openalex.org/W715039643,https://openalex.org/W70306005,0.9981066584587097,0.2712392556199152,0,normal
https://openalex.org/W715039643,https://openalex.org/W365667930,0.9985766410827637,0.2678756742529622,0,normal
https://openalex.org/W715039643,https://openalex.org/W388978333,0.998497724533081,0.26843861439350913,0,normal
https://openalex.org/W715039643,https://openalex.org/W753250510,0.998093843460083,0.2713313407257889,0,normal
https://openalex.org/W715039643,https://openalex.org/W998641904,0.9973946213722229,0.2763853973386948,0,normal
https://openalex.org/W715039643,https://openalex.org/W222543423,0.9971085786819458,0.27846963523607715,0,normal
https://openalex.org/W715039643,https://openalex.org/W727149452,0.9979403018951416,0.2724361734469298,0,normal
https://openalex.org/W715039643,https://openalex.org/W461108489,0.998044490814209,0.2716861586935839,0,normal
https://openalex.org/W715039643,https://openalex.org/W485237573,0.9405663013458252,0.7508524966485131,0,normal
https://openalex.org/W715039643,https://openalex.org/W379247503,0.9404363632202148,0.7517350068958352,0,normal
https://openalex.org/W715039643,https://openalex.org/W46332083,0.9411933422088623,0.7465643925289933,0,normal
https://openalex.org/W715039643,https://openalex.org/W972297439,0.9406049251556396,0.7505897687309505,0,normal
https://openalex.org/W715039643,https://openalex.org/W526067545,0.9415004849433899,0.7444462518704145,0,normal
https://openalex.org/W715039643,https://openalex.org/W763767729,0.9416199326515198,0.7436193747902621,0,normal
https://openalex.org/W715039643,https://openalex.org/W892421272,0.9428485631942749,0.7350129614134969,0,normal
https://openalex.org/W715039643,https://openalex.org/W927523660,0.9449403285980225,0.7199421331908528,0,normal
https://openalex.org/W715039643,https://openalex.org/W135429719,0.9427523612976074,0.735693469215576,0,normal
https://openalex.org/W715039643,https://openalex.org/W85054999,0.9426664710044861,0.7363000883683002,0,normal
https://openalex.org/W715039643,https://openalex.org/W26295654,0.9409327507019043,0.7483523857046842,0,normal
https://openalex.org/W715039643,https://openalex.org/W765801405,0.94089674949646,0.7485987409805359,0,normal
https://openalex.org/W715039643,https://openalex.org/W500318522,0.941711962223053,0.7429811054205194,0,normal
https://openalex.org/W715039643,https://openalex.org/W869647018,0.940777063369751,0.7494165977838311,0,normal
https://openalex.org/W326450296,https://openalex.org/W85923484,0.9979375600814819,0.272455928158629,0,normal
https://openalex.org/W326450296,https://openalex.org/W291178543,0.9976000785827637,0.27489430624701694,0,normal
https://openalex.org/W326450296,https://openalex.org/W77917673,0.9974071979522705,0.2762939802016866,0,normal
https://openalex.org/W326450296,https://openalex.org/W537413728,0.9979762434959412,0.2721772978155965,0,normal
https://openalex.org/W326450296,https://openalex.org/W237884500,0.99782794713974,0.2732464206992149,0,normal
https://openalex.org/W326450296,https://openalex.org/W569398880,0.9978179931640625,0.27331827634626055,0,normal
https://openalex.org/W326450296,https://openalex.org/W873100341,0.9980949759483337,0.2713232021819128,0,normal
https://openalex.org/W326450296,https://openalex.org/W70306005,0.9981650710105896,0.2708197674831677,0,normal
https://openalex.org/W326450296,https://openalex.org/W334756270,0.9979482889175415,0.272378632219806,0,normal
https://openalex.org/W326450296,https://openalex.org/W365667930,0.9980260133743286,0.27181907599037086,0,normal
https://openalex.org/W326450296,https://openalex.org/W715039643,0.9981338381767273,0.27104401448373366,0,normal
https://openalex.org/W326450296,https://openalex.org/W388978333,0.9981263875961304,0.27109752574804485,0,normal
https://openalex.org/W326450296,https://openalex.org/W753250510,0.997866690158844,0.27296685529220005,0,normal
https://openalex.org/W326450296,https://openalex.org/W520412074,0.9981127977371216,0.27119514738155687,0,normal
https://openalex.org/W326450296,https://openalex.org/W998641904,0.9985201358795166,0.26827867007680406,0,normal
https://openalex.org/W326450296,https://openalex.org/W222543423,0.9969921112060547,0.2793210300490173,0,normal
https://openalex.org/W326450296,https://openalex.org/W414703735,0.9972120523452759,0.2777145654219374,0,normal
https://openalex.org/W326450296,https://openalex.org/W727149452,0.9978464245796204,0.2731130672208685,0,normal
https://openalex.org/W326450296,https://openalex.org/W461108489,0.9975907802581787,0.27496168017098316,0,normal
https://openalex.org/W326450296,https://openalex.org/W101742283,0.9975346922874451,0.2753683004619071,0,normal
https://openalex.org/W326450296,https://openalex.org/W485237573,0.9397484064102173,0.7563724724501685,0,normal
https://openalex.org/W326450296,https://openalex.org/W379247503,0.9393483400344849,0.7590421416254918,0,normal
https://openalex.org/W326450296,https://openalex.org/W739465865,0.9393423795700073,0.7590817648443369,0,normal
https://openalex.org/W326450296,https://openalex.org/W46332083,0.9403084516525269,0.7526017059718924,0,normal
https://openalex.org/W326450296,https://openalex.org/W972297439,0.9395322203636169,0.7578175810938942,0,normal
https://openalex.org/W326450296,https://openalex.org/W912516311,0.9402852654457092,0.7527585926881145,0,normal
https://openalex.org/W326450296,https://openalex.org/W526067545,0.9406430721282959,0.7503301028536042,0,normal
https://openalex.org/W326450296,https://openalex.org/W763767729,0.940712034702301,0.7498602180126273,0,normal
https://openalex.org/W326450296,https://openalex.org/W655324685,0.9403042197227478,0.7526303458072524,0,normal
https://openalex.org/W326450296,https://openalex.org/W892421272,0.9416205883026123,0.7436148312095159,0,normal
https://openalex.org/W326450296,https://openalex.org/W927523660,0.9428973197937012,0.7346676420876728,0,normal
https://openalex.org/W326450296,https://openalex.org/W983782958,0.9440374374389648,0.7265112280147802,0,normal
https://openalex.org/W326450296,https://openalex.org/W135429719,0.941594660282135,0.7437944689615684,0,normal
https://openalex.org/W326450296,https://openalex.org/W85054999,0.9416077136993408,0.7437040409592535,0,normal
https://openalex.org/W326450296,https://openalex.org/W107558930,0.9409468173980713,0.7482560841595742,0,normal
https://openalex.org/W326450296,https://openalex.org/W26295654,0.9406307339668274,0.7504141082686593,0,normal
https://openalex.org/W326450296,https://openalex.org/W765801405,0.9399002194404602,0.7553541814752719,0,normal
https://openalex.org/W326450296,https://openalex.org/W387547345,0.9402419924736023,0.7530512153645237,0,normal
https://openalex.org/W326450296,https://openalex.org/W500318522,0.9407639503479004,0.749506095880588,0,normal
https://openalex.org/W326450296,https://openalex.org/W869647018,0.9396060705184937,0.7573245819712582,0,normal
https://openalex.org/W326450296,https://openalex.org/W601966386,0.9394378662109375,0.7584464658694875,0,normal
https://openalex.org/W721100110,https://openalex.org/W85923484,0.9980894327163696,0.2713630396728871,0,normal
https://openalex.org/W721100110,https://openalex.org/W291178543,0.9988397359848022,0.26600434031804115,0,normal
https://openalex.org/W721100110,https://openalex.org/W77917673,0.99794602394104,0.27239494910880085,0,normal
https://openalex.org/W721100110,https://openalex.org/W556733401,0.9981206655502319,0.2711386269035395,0,normal
https://openalex.org/W721100110,https://openalex.org/W537413728,0.9981167316436768,0.2711668862178377,0,normal
https://openalex.org/W721100110,https://openalex.org/W237884500,0.9984843730926514,0.26853392905831136,0,normal
https://openalex.org/W721100110,https://openalex.org/W569398880,0.998337984085083,0.26958039008098,0,normal
https://openalex.org/W721100110,https://openalex.org/W425739353,0.9984526634216309,0.26876038721168105,0,normal
https://openalex.org/W721100110,https://openalex.org/W873100341,0.998427152633667,0.268942662999532,0,normal
https://openalex.org/W721100110,https://openalex.org/W70306005,0.9985530376434326,0.2680439675882089,0,normal
https://openalex.org/W721100110,https://openalex.org/W334756270,0.998450756072998,0.26877401260518885,0,normal
https://openalex.org/W721100110,https://openalex.org/W455378056,0.998483419418335,0.2685407380681966,0,normal
https://openalex.org/W721100110,https://openalex.org/W365667930,0.9981110095977783,0.2712079939764154,0,normal
https://openalex.org/W721100110,https://openalex.org/W715039643,0.9982995986938477,0.26985521322835726,0,normal
https://openalex.org/W721100110,https://openalex.org/W326450296,0.9986680746078491,0.2672243829063934,0,normal
https://openalex.org/W721100110,https://openalex.org/W388978333,0.9987245798110962,0.26682239328683155,0,normal
https://openalex.org/W721100110,https://openalex.org/W753250510,0.9984221458435059,0.26897844592412534,0,normal
https://openalex.org/W721100110,https://openalex.org/W520412074,0.9984402656555176,0.2688489600779945,0,normal
https://openalex.org/W721100110,https://openalex.org/W524038184,0.9987228512763977,0.26683468473269273,0,normal
https://openalex.org/W721100110,https://openalex.org/W998641904,0.9980787038803101,0.27144015492130236,0,normal
https://openalex.org/W721100110,https://openalex.org/W222543423,0.9984450340270996,0.26881489140681025,0,normal
https://openalex.org/W721100110,https://openalex.org/W414703735,0.9980826377868652,0.2714118777337723,0,normal
https://openalex.org/W721100110,https://openalex.org/W164672907,0.9980810880661011,0.2714230170112318,0,normal
https://openalex.org/W721100110,https://openalex.org/W727149452,0.9982988834381104,0.2698603358324329,0,normal
https://openalex.org/W721100110,https://openalex.org/W461108489,0.9985703229904175,0.26792071590120764,0,normal
https://openalex.org/W721100110,https://openalex.org/W101742283,0.9980366230010986,0.2717427507542481,0,normal
https://openalex.org/W721100110,https://openalex.org/W605605995,0.997076690196991,0.27870258639078616,0,normal
https://openalex.org/W721100110,https://openalex.org/W485237573,0.9409583806991577,0.7481769027138239,0,normal
https://openalex.org/W721100110,https://openalex.org/W379247503,0.9410627484321594,0.7474614816821777,0,normal
https://openalex.org/W721100110,https://openalex.org/W739465865,0.9406411051750183,0.7503434962852237,0,normal
https://openalex.org/W721100110,https://openalex.org/W759666057,0.9412996768951416,0.7458323936121073,0,normal
https://openalex.org/W721100110,https://openalex.org/W46332083,0.9414316415786743,0.7449220239282975,0,normal
https://openalex.org/W721100110,https://openalex.org/W972297439,0.9409310817718506,0.7483638096890003,0,normal
https://openalex.org/W721100110,https://openalex.org/W912516311,0.9416157007217407,0.7436487002694282,0,normal
https://openalex.org/W721100110,https://openalex.org/W691259760,0.9421346783638,0.7400360426192533,0,normal
https://openalex.org/W721100110,https://openalex.org/W526067545,0.9418721199035645,0.7418678593916965,0,normal
https://openalex.org/W721100110,https://openalex.org/W763767729,0.9419623017311096,0.741239629228411,0,normal
https://openalex.org/W721100110,https://openalex.org/W655324685,0.9416279792785645,0.7435636090135012,0,normal
https://openalex.org/W721100110,https://openalex.org/W39369868,0.9422547221183777,0.7391957180888885,0,normal
https://openalex.org/W721100110,https://openalex.org/W892421272,0.9426888823509216,0.736141889486235,0,normal
https://openalex.org/W721100110,https://openalex.org/W927523660,0.9440727829933167,0.7262558814533963,0,normal
https://openalex.org/W721100110,https://openalex.org/W983782958,0.9442038536071777,0.7253076935622746,0,normal
https://openalex.org/W721100110,https://openalex.org/W417776810,0.9446603059768677,0.7219897591715855,0,normal
https://openalex.org/W721100110,https://openalex.org/W135429719,0.9429298043251038,0.7344374104092828,0,normal
https://openalex.org/W721100110,https://openalex.org/W85054999,0.9429608583450317,0.7342171981724495,0,normal
https://openalex.org/W721100110,https://openalex.org/W107558930,0.9421529769897461,0.7399080629867504,0,normal
https://openalex.org/W721100110,https://openalex.org/W213569326,0.9427168369293213,0.7359444763038384,0,normal
https://openalex.org/W721100110,https://openalex.org/W26295654,0.9414087533950806,0.7450800736141404,0,normal
https://openalex.org/W721100110,https://openalex.org/W765801405,0.9417226314544678,0.7429070419741332,0,normal
https://openalex.org/W721100110,https://openalex.org/W387547345,0.9417144060134888,0.7429641423996667,0,normal
https://openalex.org/W721100110,https://openalex.org/W210408571,0.9418184757232666,0.7422410866755843,0,normal
https://openalex.org/W721100110,https://openalex.org/W500318522,0.9419687986373901,0.7411943316716337,0,normal
https://openalex.org/W721100110,https://openalex.org/W869647018,0.9411568641662598,0.746815183241841,0,normal
https://openalex.org/W721100110,https://openalex.org/W601966386,0.940716564655304,0.7498293320113666,0,normal
https://openalex.org/W721100110,https://openalex.org/W811675919,0.9426068067550659,0.7367209539250936,0,normal
https://openalex.org/W666913073,https://openalex.org/W85923484,0.9985331296920776,0.2681859640513331,0,normal
https://openalex.org/W666913073,https://openalex.org/W291178543,0.9986010193824768,0.26770192649131275,0,normal
https://openalex.org/W666913073,https://openalex.org/W77917673,0.9989361763000488,0.2653204737977976,0,normal
https://openalex.org/W666913073,https://openalex.org/W556733401,0.9987035393714905,0.266972034338522,0,normal
https://openalex.org/W666913073,https://openalex.org/W945731721,0.9988352060317993,0.2660364902223266,0,normal
https://openalex.org/W666913073,https://openalex.org/W537413728,0.998813271522522,0.26619219847752534,0,normal
https://openalex.org/W666913073,https://openalex.org/W237884500,0.9989985823631287,0.2648785461108362,0,normal
https://openalex.org/W666913073,https://openalex.org/W569398880,0.9990652799606323,0.2644067488505461,0,normal
https://openalex.org/W666913073,https://openalex.org/W425739353,0.9990869760513306,0.2642533937953955,0,normal
https://openalex.org/W666913073,https://openalex.org/W12844123,0.9990676641464233,0.26438989385891126,0,normal
https://openalex.org/W666913073,https://openalex.org/W873100341,0.9993634819984436,0.26230395809732937,0,normal
https://openalex.org/W666913073,https://openalex.org/W70306005,0.9991441965103149,0.2638492144003796,0,normal
https://openalex.org/W666913073,https://openalex.org/W334756270,0.9990999102592468,0.26416199771309073,0,normal
https://openalex.org/W666913073,https://openalex.org/W455378056,0.9988611936569214,0.26585208496020596,0,normal
https://openalex.org/W666913073,https://openalex.org/W788534703,0.9992200136184692,0.26331428801204027,0,normal
https://openalex.org/W666913073,https://openalex.org/W365667930,0.9988279342651367,0.26608810445906356,0,normal
https://openalex.org/W666913073,https://openalex.org/W715039643,0.9984020590782166,0.2691220338590119,0,normal
https://openalex.org/W666913073,https://openalex.org/W326450296,0.9985702633857727,0.2679211408452804,0,normal
https://openalex.org/W666913073,https://openalex.org/W721100110,0.9992841482162476,0.2628623318301266,0,normal
https://openalex.org/W666913073,https://openalex.org/W388978333,0.999419093132019,0.26191300710421317,0,normal
https://openalex.org/W666913073,https://openalex.org/W753250510,0.9986720681190491,0.2671959596151377,0,normal
https://openalex.org/W666913073,https://openalex.org/W520412074,0.9992958307266235,0.26278005899947615,0,normal
https://openalex.org/W666913073,https://openalex.org/W524038184,0.9992120265960693,0.2633706074686126,0,normal
https://openalex.org/W666913073,https://openalex.org/W516247359,0.9992246031761169,0.26328192884053914,0,normal
https://openalex.org/W666913073,https://openalex.org/W998641904,0.9985185861587524,0.26828972811336393,0,normal
https://openalex.org/W666913073,https://openalex.org/W222543423,0.9981356859207153,0.27103074471702215,0,normal
https://openalex.org/W666913073,https://openalex.org/W414703735,0.9988618493080139,0.26584743358849705,0,normal
https://openalex.org/W666913073,https://openalex.org/W164672907,0.9985872507095337,0.26780004908000016,0,normal
https://openalex.org/W666913073,https://openalex.org/W135055795,0.9987935423851013,0.2663323008830005,0,normal
https://openalex.org/W666913073,https://openalex.org/W727149452,0.9990693926811218,0.26437767442037036,0,normal
https://openalex.org/W666913073,https://openalex.org/W461108489,0.9989252686500549,0.2653977645157116,0,normal
https://openalex.org/W666913073,https://openalex.org/W101742283,0.9989932775497437,0.2649160937574313,0,normal
https://openalex.org/W666913073,https://openalex.org/W605605995,0.9978107810020447,0.273370346784443,0,normal
https://openalex.org/W666913073,https://openalex.org/W485237573,0.942043662071228,0.7406719985993898,0,normal
https://openalex.org/W666913073,https://openalex.org/W379247503,0.9417650699615479,0.7426123051018128,0,normal
https://openalex.org/W666913073,https://openalex.org/W739465865,0.941996693611145,0.7409997844392742,0,normal
https://openalex.org/W666913073,https://openalex.org/W759666057,0.9424504041671753,0.7378221510333839,0,normal
https://openalex.org/W666913073,https://openalex.org/W567040765,0.9423238039016724,0.7387113389404792,0,normal
https://openalex.org/W666913073,https://openalex.org/W46332083,0.9426286816596985,0.736566700699007,0,normal
https://openalex.org/W666913073,https://openalex.org/W972297439,0.9420315027236938,0.7407568827194134,0,normal
https://openalex.org/W666913073,https://openalex.org/W912516311,0.942840576171875,0.7350695022122412,0,normal
https://openalex.org/W666913073,https://openalex.org/W691259760,0.9433276653289795,0.7316072736609495,0,normal
https://openalex.org/W666913073,https://openalex.org/W120977504,0.9431412816047668,0.7329354667377885,0,normal
https://openalex.org/W666913073,https://openalex.org/W526067545,0.943217933177948,0.7323897443951941,0,normal
https://openalex.org/W666913073,https://openalex.org/W763767729,0.9430908560752869,0.73329408628674,0,normal
https://openalex.org/W666913073,https://openalex.org/W655324685,0.9427855014801025,0.7354591704504403,0,normal
https://openalex.org/W666913073,https://openalex.org/W39369868,0.943233072757721,0.7322818742158455,0,normal
https://openalex.org/W666913073,https://openalex.org/W228645413,0.9433789253234863,0.7312412563032495,0,normal
https://openalex.org/W666913073,https://openalex.org/W892421272,0.9438672065734863,0.7277389429179472,0,normal
https://openalex.org/W666913073,https://openalex.org/W927523660,0.9449294805526733,0.720021629365613,0,normal
https://openalex.org/W666913073,https://openalex.org/W983782958,0.9449162483215332,0.72011857855431,0,normal
https://openalex.org/W666913073,https://openalex.org/W417776810,0.9448902010917664,0.7203093600006227,0,normal
https://openalex.org/W666913073,https://openalex.org/W311676011,0.9443413615226746,0.7243107468062306,0,normal
https://openalex.org/W666913073,https://openalex.org/W135429719,0.9441100358963013,0.7259865949229157,0,normal
https://openalex.org/W666913073,https://openalex.org/W85054999,0.9438298940658569,0.7280075815286705,0,normal
https://openalex.org/W666913073,https://openalex.org/W107558930,0.9434288144111633,0.7308847247886981,0,normal
https://openalex.org/W666913073,https://openalex.org/W213569326,0.9437487125396729,0.7285914896802718,0,normal
https://openalex.org/W666913073,https://openalex.org/W672623334,0.9430655241012573,0.7334741281880031,0,normal
https://openalex.org/W666913073,https://openalex.org/W26295654,0.94245445728302,0.7377936514206203,0,normal
https://openalex.org/W666913073,https://openalex.org/W765801405,0.9422945976257324,0.7389161948370201,0,normal
https://openalex.org/W666913073,https://openalex.org/W387547345,0.9429187774658203,0.7345155767437441,0,normal
https://openalex.org/W666913073,https://openalex.org/W210408571,0.94288170337677,0.7347782768753326,0,normal
https://openalex.org/W666913073,https://openalex.org/W365505908,0.9426417350769043,0.7364746254814538,0,normal
https://openalex.org/W666913073,https://openalex.org/W500318522,0.9431941509246826,0.7325591383019502,0,normal
https://openalex.org/W666913073,https://openalex.org/W869647018,0.9421437978744507,0.7399722663456108,0,normal
https://openalex.org/W666913073,https://openalex.org/W601966386,0.9420227408409119,0.7408180380203293,0,normal
https://openalex.org/W666913073,https://openalex.org/W811675919,0.9438115358352661,0.7281396941999531,0,normal
https://openalex.org/W532600448,https://openalex.org/W85923484,0.9985901713371277,0.26777923329148684,0,normal
https://openalex.org/W532600448,https://openalex.org/W291178543,0.9985036849975586,0.2683960701194073,0,normal
https://openalex.org/W532600448,https://openalex.org/W77917673,0.9985271096229553,0.2682289124847252,0,normal
https://openalex.org/W532600448,https://openalex.org/W556733401,0.999090850353241,0.26422601496294196,0,normal
https://openalex.org/W532600448,https://openalex.org/W945731721,0.998757004737854,0.2665918894684937,0,normal
https://openalex.org/W532600448,https://openalex.org/W615774397,0.9986538887023926,0.26732536475472995,0,normal
https://openalex.org/W532600448,https://openalex.org/W537413728,0.9987216591835022,0.26684316180173834,0,normal
https://openalex.org/W532600448,https://openalex.org/W237884500,0.9990045428276062,0.2648363618054597,0,normal
https://openalex.org/W532600448,https://openalex.org/W569398880,0.9988994598388672,0.2655807009067097,0,normal
https://openalex.org/W532600448,https://openalex.org/W425739353,0.9989923238754272,0.2649228442571556,0,normal
https://openalex.org/W532600448,https://openalex.org/W12844123,0.998934268951416,0.2653339880771089,0,normal
https://openalex.org/W532600448,https://openalex.org/W568875334,0.9988843202590942,0.2656880497754869,0,normal
https://openalex.org/W532600448,https://openalex.org/W873100341,0.9990420341491699,0.26457112108528147,0,normal
https://openalex.org/W532600448,https://openalex.org/W70306005,0.9993678331375122,0.26227335566296434,0,normal
https://openalex.org/W532600448,https://openalex.org/W334756270,0.9988747835159302,0.26575568532402133,0,normal
https://openalex.org/W532600448,https://openalex.org/W455378056,0.9990357160568237,0.26461580792141864,0,normal
https://openalex.org/W532600448,https://openalex.org/W788534703,0.9989876747131348,0.2649557545187903,0,normal
https://openalex.org/W532600448,https://openalex.org/W638373465,0.998894214630127,0.2656178895059007,0,normal
https://openalex.org/W532600448,https://openalex.org/W365667930,0.9985735416412354,0.267897769555875,0,normal
https://openalex.org/W532600448,https://openalex.org/W715039643,0.9982749819755554,0.27003155143186314,0,normal
https://openalex.org/W532600448,https://openalex.org/W326450296,0.9983343482017517,0.2696064138937951,0,normal
https://openalex.org/W532600448,https://openalex.org/W721100110,0.9988335371017456,0.2660483355483516,0,normal
https://openalex.org/W532600448,https://openalex.org/W666913073,0.9993693828582764,0.2622624567215252,0,normal
https://openalex.org/W532600448,https://openalex.org/W388978333,0.9994301795959473,0.26183511327816933,0,normal
https://openalex.org/W532600448,https://openalex.org/W753250510,0.9989415407180786,0.2652824672449268,0,normal
https://openalex.org/W532600448,https://openalex.org/W520412074,0.9991811513900757,0.26358839276518625,0,normal
https://openalex.org/W532600448,https://openalex.org/W524038184,0.9992828369140625,0.2628715675700582,0,normal
https://openalex.org/W532600448,https://openalex.org/W516247359,0.9990099668502808,0.2647979778229905,0,normal
https://openalex.org/W532600448,https://openalex.org/W150888063,0.9983221292495728,0.2696938825817163,0,normal
https://openalex.org/W532600448,https://openalex.org/W998641904,0.9984190464019775,0.2690005987663255,0,normal
https://openalex.org/W532600448,https://openalex.org/W222543423,0.9978659152984619,0.27297244484935296,0,normal
https://openalex.org/W532600448,https://openalex.org/W414703735,0.998203456401825,0.2705443260053543,0,normal
https://openalex.org/W532600448,https://openalex.org/W164672907,0.9989827871322632,0.26499035530520865,0,normal
https://openalex.org/W532600448,https://openalex.org/W135055795,0.9985541701316833,0.2680358913776858,0,normal
https://openalex.org/W532600448,https://openalex.org/W101479238,0.9976046085357666,0.27486148676674743,0,normal
https://openalex.org/W532600448,https://openalex.org/W727149452,0.9987833499908447,0.2664046984694935,0,normal
https://openalex.org/W532600448,https://openalex.org/W461108489,0.9987374544143677,0.26673085453899276,0,normal
https://openalex.org/W532600448,https://openalex.org/W101742283,0.9985471963882446,0.2680856262812115,0,normal
https://openalex.org/W532600448,https://openalex.org/W605605995,0.9978208541870117,0.27329762201894836,0,normal
https://openalex.org/W532600448,https://openalex.org/W485237573,0.9418812990188599,0.7418039607613605,0,normal
https://openalex.org/W532600448,https://openalex.org/W379247503,0.9415404200553894,0.7441699959437877,0,normal
https://openalex.org/W532600448,https://openalex.org/W739465865,0.9416196346282959,0.7436214400367965,0,normal
https://openalex.org/W532600448,https://openalex.org/W759666057,0.9425000548362732,0.7374728932002639,0,normal
https://openalex.org/W532600448,https://openalex.org/W567040765,0.9421238899230957,0.7401114772637886,0,normal
https://openalex.org/W532600448,https://openalex.org/W164865427,0.9424874186515808,0.7375618083666131,0,normal
https://openalex.org/W532600448,https://openalex.org/W46332083,0.9423915147781372,0.7382360082950514,0,normal
https://openalex.org/W532600448,https://openalex.org/W972297439,0.9418585300445557,0.7419624436227663,0,normal
https://openalex.org/W532600448,https://openalex.org/W912516311,0.9425733685493469,0.7369566347960964,0,normal
https://openalex.org/W532600448,https://openalex.org/W691259760,0.9430791735649109,0.733377126989513,0,normal
https://openalex.org/W532600448,https://openalex.org/W120977504,0.9428502321243286,0.7350011459436272,0,normal
https://openalex.org/W532600448,https://openalex.org/W971757993,0.9430469274520874,0.7336062508635987,0,normal
https://openalex.org/W532600448,https://openalex.org/W526067545,0.9428151845932007,0.7352492000536521,0,normal
https://openalex.org/W532600448,https://openalex.org/W763767729,0.9430673718452454,0.7334609983362986,0,normal
https://openalex.org/W532600448,https://openalex.org/W655324685,0.9424558877944946,0.7377835922569842,0,normal
https://openalex.org/W532600448,https://openalex.org/W39369868,0.9431782364845276,0.7326724540908581,0,normal
https://openalex.org/W532600448,https://openalex.org/W228645413,0.943037748336792,0.7336714498833714,0,normal
https://openalex.org/W532600448,https://openalex.org/W466940171,0.9428468942642212,0.7350247765464736,0,normal
https://openalex.org/W532600448,https://openalex.org/W892421272,0.9435440301895142,0.7300601961721506,0,normal
https://openalex.org/W532600448,https://openalex.org/W927523660,0.9446914792060852,0.7217622652099688,0,normal
https://openalex.org/W532600448,https://openalex.org/W983782958,0.9445805549621582,0.7225712400025286,0,normal
https://openalex.org/W532600448,https://openalex.org/W417776810,0.9444003105163574,0.7238826748053357,0,normal
https://openalex.org/W532600448,https://openalex.org/W311676011,0.9437360167503357,0.728682734556275,0,normal
https://openalex.org/W532600448,https://openalex.org/W784383996,0.945045530796051,0.719170480086269,0,normal
https://openalex.org/W532600448,https://openalex.org/W135429719,0.9439212679862976,0.7273494228540064,0,normal
https://openalex.org/W532600448,https://openalex.org/W85054999,0.9437844753265381,0.7283343583715607,0,normal
https://openalex.org/W532600448,https://openalex.org/W107558930,0.9431366920471191,0.7329681197271969,0,normal
https://openalex.org/W532600448,https://openalex.org/W213569326,0.9436206817626953,0.729510766768445,0,normal
https://openalex.org/W532600448,https://openalex.org/W672623334,0.942720890045166,0.7359158456372037,0,normal
https://openalex.org/W532600448,https://openalex.org/W901693008,0.9433736205101013,0.7312791494851482,0,normal
https://openalex.org/W532600448,https://openalex.org/W26295654,0.9421547055244446,0.7398959715937219,0,normal
https://openalex.org/W532600448,https://openalex.org/W765801405,0.9419631958007812,0.7412333959259092,0,normal
https://openalex.org/W532600448,https://openalex.org/W387547345,0.9423425197601318,0.7385800093356346,0,normal
https://openalex.org/W532600448,https://openalex.org/W210408571,0.9429064393043518,0.7346030211159286,0,normal
https://openalex.org/W532600448,https://openalex.org/W365505908,0.9423094987869263,0.7388116895011119,0,normal
https://openalex.org/W532600448,https://openalex.org/W412780848,0.9427007436752319,0.7360581372498826,0,normal
https://openalex.org/W532600448,https://openalex.org/W500318522,0.9428205490112305,0.735211242220135,0,normal
https://openalex.org/W532600448,https://openalex.org/W869647018,0.9418678283691406,0.7418977305383657,0,normal
https://openalex.org/W532600448,https://openalex.org/W601966386,0.9416050910949707,0.7437222108213796,0,normal
https://openalex.org/W532600448,https://openalex.org/W811675919,0.9436609745025635,0.7292216711835062,0,normal
https://openalex.org/W388978333,https://openalex.org/W85923484,0.9986635446548462,0.26725662657693644,0,normal
https://openalex.org/W388978333,https://openalex.org/W537413728,0.9988001585006714,0.26628531266687194,0,normal
https://openalex.org/W388978333,https://openalex.org/W873100341,0.9990637302398682,0.26441770496419365,0,normal
https://openalex.org/W388978333,https://openalex.org/W365667930,0.9985557794570923,0.2680244149227829,0,normal
https://openalex.org/W388978333,https://openalex.org/W998641904,0.9985712170600891,0.2679143417913961,0,normal
https://openalex.org/W388978333,https://openalex.org/W727149452,0.9991003274917603,0.26415904978975435,0,normal
https://openalex.org/W388978333,https://openalex.org/W485237573,0.9435852766036987,0.7297646341847243,0,normal
https://openalex.org/W388978333,https://openalex.org/W46332083,0.9440869092941284,0.726153787411386,0,normal
https://openalex.org/W388978333,https://openalex.org/W526067545,0.9444860816001892,0.7232590941048951,0,normal
https://openalex.org/W388978333,https://openalex.org/W892421272,0.9451388716697693,0.7184847453357036,0,normal
https://openalex.org/W388978333,https://openalex.org/W135429719,0.9458823800086975,0.7129863275287514,0,normal
https://openalex.org/W388978333,https://openalex.org/W26295654,0.943877100944519,0.7276676786312039,0,normal
https://openalex.org/W388978333,https://openalex.org/W500318522,0.9446244835853577,0.722251040197072,0,normal
https://openalex.org/W753250510,https://openalex.org/W85923484,0.9979414939880371,0.2724275847213188,0,normal
https://openalex.org/W753250510,https://openalex.org/W291178543,0.998049259185791,0.2716518640714309,0,normal
https://openalex.org/W753250510,https://openalex.org/W537413728,0.997830867767334,0.27322533954276174,0,normal
https://openalex.org/W753250510,https://openalex.org/W237884500,0.9983129501342773,0.26975960253843684,0,normal
https://openalex.org/W753250510,https://openalex.org/W873100341,0.9983116984367371,0.26976856513312336,0,normal
https://openalex.org/W753250510,https://openalex.org/W70306005,0.9985047578811646,0.2683884126034643,0,normal
https://openalex.org/W753250510,https://openalex.org/W365667930,0.9983903765678406,0.26920556721235234,0,normal
https://openalex.org/W753250510,https://openalex.org/W715039643,0.998093843460083,0.2713313407257889,0,normal
https://openalex.org/W753250510,https://openalex.org/W388978333,0.9991536736488342,0.26378231048689316,0,normal
https://openalex.org/W753250510,https://openalex.org/W998641904,0.9983113408088684,0.2697711259089503,0,normal
https://openalex.org/W753250510,https://openalex.org/W222543423,0.9979152679443359,0.27261657580694876,0,normal
https://openalex.org/W753250510,https://openalex.org/W727149452,0.9983381032943726,0.2695795368680491,0,normal
https://openalex.org/W753250510,https://openalex.org/W461108489,0.9985513091087341,0.26805629473320014,0,normal
https://openalex.org/W753250510,https://openalex.org/W485237573,0.9431101083755493,0.7331572026972047,0,normal
https://openalex.org/W753250510,https://openalex.org/W379247503,0.942865252494812,0.7348947915558324,0,normal
https://openalex.org/W753250510,https://openalex.org/W46332083,0.9434648752212524,0.7306268308444454,0,normal
https://openalex.org/W753250510,https://openalex.org/W972297439,0.943056583404541,0.7335376539117511,0,normal
https://openalex.org/W753250510,https://openalex.org/W526067545,0.9439916610717773,0.7268417089757906,0,normal
https://openalex.org/W753250510,https://openalex.org/W763767729,0.9441087245941162,0.7259960766086994,0,normal
https://openalex.org/W753250510,https://openalex.org/W892421272,0.9450088739395142,0.7194395034502372,0,normal
https://openalex.org/W753250510,https://openalex.org/W927523660,0.946105420589447,0.7113244351845737,0,normal
https://openalex.org/W753250510,https://openalex.org/W135429719,0.9453421831130981,0.7169875855393748,0,normal
https://openalex.org/W753250510,https://openalex.org/W85054999,0.9460475444793701,0.7117562235510295,0,normal
https://openalex.org/W753250510,https://openalex.org/W26295654,0.943699061870575,0.728948220354442,0,normal
https://openalex.org/W753250510,https://openalex.org/W765801405,0.9436166286468506,0.7295398366365459,0,normal
https://openalex.org/W753250510,https://openalex.org/W500318522,0.9441503882408142,0.725694717754383,0,normal
https://openalex.org/W753250510,https://openalex.org/W869647018,0.9433289766311646,0.7315979143607704,0,normal
https://openalex.org/W520412074,https://openalex.org/W85923484,0.9986166954040527,0.2675902389349787,0,normal
https://openalex.org/W520412074,https://openalex.org/W291178543,0.9984860420227051,0.26852201355393424,0,normal
https://openalex.org/W520412074,https://openalex.org/W77917673,0.9988082647323608,0.2662277487191991,0,normal
https://openalex.org/W520412074,https://openalex.org/W537413728,0.9992396235466003,0.26317604396657807,0,normal
https://openalex.org/W520412074,https://openalex.org/W237884500,0.9991324543952942,0.2639321230277621,0,normal
https://openalex.org/W520412074,https://openalex.org/W569398880,0.9990267753601074,0.2646790522662594,0,normal
https://openalex.org/W520412074,https://openalex.org/W873100341,0.9994049072265625,0.26201269949960193,0,normal
https://openalex.org/W520412074,https://openalex.org/W70306005,0.9993629455566406,0.2623077311595278,0,normal
https://openalex.org/W520412074,https://openalex.org/W334756270,0.9989897012710571,0.26494140869867794,0,normal
https://openalex.org/W520412074,https://openalex.org/W365667930,0.9986855983734131,0.2670996740876596,0,normal
https://openalex.org/W520412074,https://openalex.org/W715039643,0.9981797337532043,0.270714531455776,0,normal
https://openalex.org/W520412074,https://openalex.org/W326450296,0.9981127977371216,0.27119514738155687,0,normal
https://openalex.org/W520412074,https://openalex.org/W388978333,0.9994233846664429,0.26188285288205304,0,normal
https://openalex.org/W520412074,https://openalex.org/W753250510,0.999007523059845,0.2648152712646108,0,normal
https://openalex.org/W520412074,https://openalex.org/W998641904,0.9986950159072876,0.26703266898485534,0,normal
https://openalex.org/W520412074,https://openalex.org/W222543423,0.9978165626525879,0.2733286038750997,0,normal
https://openalex.org/W520412074,https://openalex.org/W414703735,0.9987388849258423,0.26672068480047995,0,normal
https://openalex.org/W520412074,https://openalex.org/W727149452,0.9994102716445923,0.261974997817237,0,normal
https://openalex.org/W520412074,https://openalex.org/W461108489,0.9990233778953552,0.2647030876538696,0,normal
https://openalex.org/W520412074,https://openalex.org/W101742283,0.9989751577377319,0.2650443720640879,0,normal
https://openalex.org/W520412074,https://openalex.org/W485237573,0.9436590075492859,0.7292357883467757,0,normal
https://openalex.org/W520412074,https://openalex.org/W379247503,0.9432705640792847,0.732014628176042,0,normal
https://openalex.org/W520412074,https://openalex.org/W739465865,0.9435061812400818,0.730331233411586,0,normal
https://openalex.org/W520412074,https://openalex.org/W46332083,0.9444294571876526,0.723670867553131,0,normal
https://openalex.org/W520412074,https://openalex.org/W972297439,0.9436771869659424,0.7291052939108424,0,normal
https://openalex.org/W520412074,https://openalex.org/W912516311,0.9444090723991394,0.7238190132443206,0,normal
https://openalex.org/W520412074,https://openalex.org/W526067545,0.9447939991950989,0.7210132953622114,0,normal
https://openalex.org/W520412074,https://openalex.org/W763767729,0.9447888135910034,0.7210512089675285,0,normal
https://openalex.org/W520412074,https://openalex.org/W655324685,0.9442636966705322,0.7248741004621101,0,normal
https://openalex.org/W520412074,https://openalex.org/W892421272,0.9453179240226746,0.717166479451031,0,normal
https://openalex.org/W520412074,https://openalex.org/W927523660,0.9463363885879517,0.7095974634357958,0,normal
https://openalex.org/W520412074,https://openalex.org/W983782958,0.9461733102798462,0.710817450386836,0,normal
https://openalex.org/W520412074,https://openalex.org/W135429719,0.9456604719161987,0.7146340958895705,0,normal
https://openalex.org/W520412074,https://openalex.org/W85054999,0.9455459117889404,0.715482529248524,0,normal
https://openalex.org/W520412074,https://openalex.org/W107558930,0.9453752040863037,0.7167439688127445,0,normal
https://openalex.org/W520412074,https://openalex.org/W26295654,0.9440996050834656,0.7260620117731437,0,normal
https://openalex.org/W520412074,https://openalex.org/W765801405,0.9436593651771545,0.7292332216242357,0,normal
https://openalex.org/W520412074,https://openalex.org/W387547345,0.9443928599357605,0.7239368016442412,0,normal
https://openalex.org/W520412074,https://openalex.org/W500318522,0.9449093341827393,0.7201692285244755,0,normal
https://openalex.org/W520412074,https://openalex.org/W869647018,0.9437280893325806,0.7287396992906658,0,normal
https://openalex.org/W520412074,https://openalex.org/W601966386,0.943556010723114,0.7299743675172391,0,normal
https://openalex.org/W524038184,https://openalex.org/W85923484,0.9987467527389526,0.26666475564875275,0,normal
https://openalex.org/W524038184,https://openalex.org/W291178543,0.9987025260925293,0.2669792421946316,0,normal
https://openalex.org/W524038184,https://openalex.org/W77917673,0.9986724853515625,0.2671929901283759,0,normal
https://openalex.org/W524038184,https://openalex.org/W556733401,0.9990717172622681,0.26436124195276617,0,normal
https://openalex.org/W524038184,https://openalex.org/W537413728,0.9991869926452637,0.26354718127418647,0,normal
https://openalex.org/W524038184,https://openalex.org/W237884500,0.9994746446609497,0.26152285065331493,0,normal
https://openalex.org/W524038184,https://openalex.org/W569398880,0.9992691278457642,0.26296813553299875,0,normal
https://openalex.org/W524038184,https://openalex.org/W425739353,0.9993537068367004,0.26237271716293503,0,normal
https://openalex.org/W524038184,https://openalex.org/W873100341,0.9993258118629456,0.26256899590098315,0,normal
https://openalex.org/W524038184,https://openalex.org/W70306005,0.9995871186256409,0.26073405968131874,0,normal
https://openalex.org/W524038184,https://openalex.org/W334756270,0.9992384910583496,0.26318402639570865,0,normal
https://openalex.org/W524038184,https://openalex.org/W455378056,0.9991389513015747,0.26388624766129765,0,normal
https://openalex.org/W524038184,https://openalex.org/W365667930,0.998524010181427,0.2682510262483702,0,normal
https://openalex.org/W524038184,https://openalex.org/W715039643,0.9982004761695862,0.2705657049016594,0,normal
https://openalex.org/W524038184,https://openalex.org/W326450296,0.9980374574661255,0.2717367482157036,0,normal
https://openalex.org/W524038184,https://openalex.org/W721100110,0.9987228512763977,0.26683468473269273,0,normal
https://openalex.org/W524038184,https://openalex.org/W388978333,0.9993698596954346,0.2622591032598092,0,normal
https://openalex.org/W524038184,https://openalex.org/W753250510,0.9989405870437622,0.2652892237111945,0,normal
https://openalex.org/W524038184,https://openalex.org/W520412074,0.999602198600769,0.2606284194932503,0,normal
https://openalex.org/W524038184,https://openalex.org/W998641904,0.9989377856254578,0.2653090714666817,0,normal
https://openalex.org/W524038184,https://openalex.org/W222543423,0.9985008239746094,0.2684164908381824,0,normal
https://openalex.org/W524038184,https://openalex.org/W414703735,0.9987578988075256,0.2665855354605883,0,normal
https://openalex.org/W524038184,https://openalex.org/W164672907,0.9991098046302795,0.26409209549652407,0,normal
https://openalex.org/W524038184,https://openalex.org/W727149452,0.9992613792419434,0.26302272751732314,0,normal
https://openalex.org/W524038184,https://openalex.org/W461108489,0.9994592666625977,0.26163081775381863,0,normal
https://openalex.org/W524038184,https://openalex.org/W101742283,0.9991021156311035,0.26414641607145056,0,normal
https://openalex.org/W524038184,https://openalex.org/W605605995,0.9982261061668396,0.2703818811281688,0,normal
https://openalex.org/W524038184,https://openalex.org/W485237573,0.9433379769325256,0.7315336699515681,0,normal
https://openalex.org/W524038184,https://openalex.org/W379247503,0.9429873824119568,0.7340290168004835,0,normal
https://openalex.org/W524038184,https://openalex.org/W739465865,0.9430269002914429,0.7337484901642845,0,normal
https://openalex.org/W524038184,https://openalex.org/W759666057,0.9438107013702393,0.7281456983658511,0,normal
https://openalex.org/W524038184,https://openalex.org/W46332083,0.9439924955368042,0.7268356868143117,0,normal
https://openalex.org/W524038184,https://openalex.org/W972297439,0.9434599876403809,0.7306617942038903,0,normal
https://openalex.org/W524038184,https://openalex.org/W912516311,0.944126546382904,0.7258671944035063,0,normal
https://openalex.org/W524038184,https://openalex.org/W691259760,0.9446464776992798,0.7220906376437504,0,normal
https://openalex.org/W524038184,https://openalex.org/W526067545,0.9443423748016357,0.7243033921154131,0,normal
https://openalex.org/W524038184,https://openalex.org/W763767729,0.9445279240608215,0.7229545719266183,0,normal
https://openalex.org/W524038184,https://openalex.org/W655324685,0.9439893364906311,0.7268584845600796,0,normal
https://openalex.org/W524038184,https://openalex.org/W39369868,0.944541871547699,0.7228530186171571,0,normal
https://openalex.org/W524038184,https://openalex.org/W892421272,0.9448177814483643,0.7208393752624566,0,normal
https://openalex.org/W524038184,https://openalex.org/W927523660,0.9459189772605896,0.7127140308751588,0,normal
https://openalex.org/W524038184,https://openalex.org/W983782958,0.9456932544708252,0.7143910285060137,0,normal
https://openalex.org/W524038184,https://openalex.org/W417776810,0.945632815361023,0.7148390597100707,0,normal
https://openalex.org/W524038184,https://openalex.org/W135429719,0.9452093243598938,0.7179664862459281,0,normal
https://openalex.org/W524038184,https://openalex.org/W85054999,0.9451197981834412,0.7186249526955647,0,normal
https://openalex.org/W524038184,https://openalex.org/W107558930,0.9447339773178101,0.7214519410487668,0,normal
https://openalex.org/W524038184,https://openalex.org/W213569326,0.9453877210617065,0.7166515899791758,0,normal
https://openalex.org/W524038184,https://openalex.org/W26295654,0.94380122423172,0.7282138827044239,0,normal
https://openalex.org/W524038184,https://openalex.org/W765801405,0.9436315298080444,0.7294329524494734,0,normal
https://openalex.org/W524038184,https://openalex.org/W387547345,0.9439985752105713,0.7267918085651709,0,normal
https://openalex.org/W524038184,https://openalex.org/W210408571,0.9443153738975525,0.7244993314633137,0,normal
https://openalex.org/W524038184,https://openalex.org/W500318522,0.9444015622138977,0.7238735808523739,0,normal
https://openalex.org/W524038184,https://openalex.org/W869647018,0.9435365796089172,0.7301135635293192,0,normal
https://openalex.org/W524038184,https://openalex.org/W601966386,0.9431909322738647,0.7325820585620354,0,normal
https://openalex.org/W524038184,https://openalex.org/W811675919,0.9451443552970886,0.7184444278566241,0,normal
https://openalex.org/W516247359,https://openalex.org/W85923484,0.9983127117156982,0.269761309684853,0,normal
https://openalex.org/W516247359,https://openalex.org/W291178543,0.9982371926307678,0.2703023910186704,0,normal
https://openalex.org/W516247359,https://openalex.org/W77917673,0.998397707939148,0.2691531438573841,0,normal
https://openalex.org/W516247359,https://openalex.org/W556733401,0.9984757304191589,0.26859563970205363,0,normal
https://openalex.org/W516247359,https://openalex.org/W945731721,0.9986733794212341,0.26718662701306656,0,normal
https://openalex.org/W516247359,https://openalex.org/W537413728,0.9986810088157654,0.26713233234569755,0,normal
https://openalex.org/W516247359,https://openalex.org/W237884500,0.9989421963691711,0.26527782223814483,0,normal
https://openalex.org/W516247359,https://openalex.org/W569398880,0.9991096258163452,0.26409335868436307,0,normal
https://openalex.org/W516247359,https://openalex.org/W425739353,0.9989405870437622,0.2652892237111945,0,normal
https://openalex.org/W516247359,https://openalex.org/W12844123,0.9989275932312012,0.2653812915175888,0,normal
https://openalex.org/W516247359,https://openalex.org/W873100341,0.9991459846496582,0.2638365901872214,0,normal
https://openalex.org/W516247359,https://openalex.org/W70306005,0.9991860389709473,0.26355390939825996,0,normal
https://openalex.org/W516247359,https://openalex.org/W334756270,0.9991397261619568,0.2638807766287521,0,normal
https://openalex.org/W516247359,https://openalex.org/W455378056,0.9988603591918945,0.26585800496291406,0,normal
https://openalex.org/W516247359,https://openalex.org/W788534703,0.9989886283874512,0.2649490034827371,0,normal
https://openalex.org/W516247359,https://openalex.org/W365667930,0.9987707734107971,0.2664940484357535,0,normal
https://openalex.org/W516247359,https://openalex.org/W715039643,0.9978867173194885,0.2728224115405618,0,normal
https://openalex.org/W516247359,https://openalex.org/W326450296,0.997949481010437,0.272370044629123,0,normal
https://openalex.org/W516247359,https://openalex.org/W721100110,0.998519778251648,0.26828122190577297,0,normal
https://openalex.org/W516247359,https://openalex.org/W666913073,0.9992246031761169,0.26328192884053914,0,normal
https://openalex.org/W516247359,https://openalex.org/W388978333,0.9992192983627319,0.2633193312299727,0,normal
https://openalex.org/W516247359,https://openalex.org/W753250510,0.9988598823547363,0.26586138785935787,0,normal
https://openalex.org/W516247359,https://openalex.org/W520412074,0.9993489980697632,0.2624058430520373,0,normal
https://openalex.org/W516247359,https://openalex.org/W524038184,0.999618411064148,0.26051487677104507,0,normal
https://openalex.org/W516247359,https://openalex.org/W998641904,0.9991291761398315,0.26395527309020717,0,normal
https://openalex.org/W516247359,https://openalex.org/W222543423,0.9983929395675659,0.26918723961522845,0,normal
https://openalex.org/W516247359,https://openalex.org/W414703735,0.9989138841629028,0.2654784493991029,0,normal
https://openalex.org/W516247359,https://openalex.org/W164672907,0.998947024345398,0.26524361969756605,0,normal
https://openalex.org/W516247359,https://openalex.org/W135055795,0.9990673661231995,0.2643920006952253,0,normal
https://openalex.org/W516247359,https://openalex.org/W727149452,0.999019980430603,0.2647271244383369,0,normal
https://openalex.org/W516247359,https://openalex.org/W461108489,0.9991111755371094,0.2640824111851196,0,normal
https://openalex.org/W516247359,https://openalex.org/W101742283,0.9993011355400085,0.2627427058896098,0,normal
https://openalex.org/W516247359,https://openalex.org/W605605995,0.9978649616241455,0.27297932440244005,0,normal
https://openalex.org/W516247359,https://openalex.org/W485237573,0.9436860084533691,0.729041957779636,0,normal
https://openalex.org/W516247359,https://openalex.org/W379247503,0.9433035850524902,0.7317791077032587,0,normal
https://openalex.org/W516247359,https://openalex.org/W739465865,0.9434279203414917,0.7308911168713234,0,normal
https://openalex.org/W516247359,https://openalex.org/W759666057,0.9440373182296753,0.726512088966001,0,normal
https://openalex.org/W516247359,https://openalex.org/W567040765,0.9439140558242798,0.7274014076267193,0,normal
https://openalex.org/W516247359,https://openalex.org/W46332083,0.9442487955093384,0.7249821065678761,0,normal
https://openalex.org/W516247359,https://openalex.org/W972297439,0.9437335729598999,0.728700295914023,0,normal
https://openalex.org/W516247359,https://openalex.org/W912516311,0.9445869326591492,0.722524766491768,0,normal
https://openalex.org/W516247359,https://openalex.org/W691259760,0.9449781179428101,0.7196650992844312,0,normal
https://openalex.org/W516247359,https://openalex.org/W120977504,0.9448158740997314,0.7208533261917299,0,normal
https://openalex.org/W516247359,https://openalex.org/W526067545,0.9448070526123047,0.7209178436822545,0,normal
https://openalex.org/W516247359,https://openalex.org/W763767729,0.9448512196540833,0.7205947286522364,0,normal
https://openalex.org/W516247359,https://openalex.org/W655324685,0.9444807767868042,0.7232976868539833,0,normal
https://openalex.org/W516247359,https://openalex.org/W39369868,0.9449400901794434,0.719943880507745,0,normal
https://openalex.org/W516247359,https://openalex.org/W228645413,0.9449307918548584,0.7200120206706885,0,normal
https://openalex.org/W516247359,https://openalex.org/W892421272,0.9455083608627319,0.7157603008772954,0,normal
https://openalex.org/W516247359,https://openalex.org/W927523660,0.9462418556213379,0.7103050338935974,0,normal
https://openalex.org/W516247359,https://openalex.org/W983782958,0.9461830854415894,0.7107444082139152,0,normal
https://openalex.org/W516247359,https://openalex.org/W417776810,0.9460631012916565,0.7116401987428254,0,normal
https://openalex.org/W516247359,https://openalex.org/W311676011,0.9455186128616333,0.7156844810400095,0,normal
https://openalex.org/W516247359,https://openalex.org/W135429719,0.9456678628921509,0.7145793060933494,0,normal
https://openalex.org/W516247359,https://openalex.org/W85054999,0.9456303119659424,0.7148576081017427,0,normal
https://openalex.org/W516247359,https://openalex.org/W107558930,0.9451601505279541,0.7183282763665831,0,normal
https://openalex.org/W516247359,https://openalex.org/W213569326,0.945712685585022,0.7142468971968922,0,normal
https://openalex.org/W516247359,https://openalex.org/W672623334,0.9452246427536011,0.7178537255211802,0,normal
https://openalex.org/W516247359,https://openalex.org/W26295654,0.944427490234375,0.7236851644539044,0,normal
https://openalex.org/W516247359,https://openalex.org/W765801405,0.9441088438034058,0.7259952146457053,0,normal
https://openalex.org/W516247359,https://openalex.org/W387547345,0.9446378946304321,0.7221532405413175,0,normal
https://openalex.org/W516247359,https://openalex.org/W210408571,0.944789707660675,0.7210446723644114,0,normal
https://openalex.org/W516247359,https://openalex.org/W365505908,0.9444541931152344,0.7234910341662245,0,normal
https://openalex.org/W516247359,https://openalex.org/W500318522,0.9448190927505493,0.7208297837507697,0,normal
https://openalex.org/W516247359,https://openalex.org/W869647018,0.9439204931259155,0.7273550082920172,0,normal
https://openalex.org/W516247359,https://openalex.org/W601966386,0.9438806772232056,0.7276419175835569,0,normal
https://openalex.org/W516247359,https://openalex.org/W811675919,0.9454795122146606,0.7159735889458594,0,normal
https://openalex.org/W150888063,https://openalex.org/W85923484,0.997731626033783,0.2739422370651845,0,normal
https://openalex.org/W150888063,https://openalex.org/W291178543,0.997635006904602,0.27464131373799977,0,normal
https://openalex.org/W150888063,https://openalex.org/W77917673,0.9978377819061279,0.27317543717732873,0,normal
https://openalex.org/W150888063,https://openalex.org/W556733401,0.9978823661804199,0.2728537896040601,0,normal
https://openalex.org/W150888063,https://openalex.org/W945731721,0.998218297958374,0.2704378749275663,0,normal
https://openalex.org/W150888063,https://openalex.org/W615774397,0.9980690479278564,0.2715095703997226,0,normal
https://openalex.org/W150888063,https://openalex.org/W537413728,0.9981171488761902,0.2711638889301611,0,normal
https://openalex.org/W150888063,https://openalex.org/W237884500,0.9983348846435547,0.2696025742151893,0,normal
https://openalex.org/W150888063,https://openalex.org/W569398880,0.9982388615608215,0.2702904260398217,0,normal
https://openalex.org/W150888063,https://openalex.org/W425739353,0.9987767338752747,0.26645170010179337,0,normal
https://openalex.org/W150888063,https://openalex.org/W12844123,0.9982532858848572,0.2701870283332415,0,normal
https://openalex.org/W150888063,https://openalex.org/W568875334,0.9982634782791138,0.2701139813392419,0,normal
https://openalex.org/W150888063,https://openalex.org/W873100341,0.9983433485031128,0.2695419971858404,0,normal
https://openalex.org/W150888063,https://openalex.org/W70306005,0.998440682888031,0.26884597896027834,0,normal
https://openalex.org/W150888063,https://openalex.org/W334756270,0.9988112449645996,0.2662065874966365,0,normal
https://openalex.org/W150888063,https://openalex.org/W455378056,0.9983625411987305,0.2694046641960077,0,normal
https://openalex.org/W150888063,https://openalex.org/W788534703,0.9983729124069214,0.2693304715871739,0,normal
https://openalex.org/W150888063,https://openalex.org/W638373465,0.9983489513397217,0.26950190162358784,0,normal
https://openalex.org/W150888063,https://openalex.org/W365667930,0.9975460767745972,0.27528573633153064,0,normal
https://openalex.org/W150888063,https://openalex.org/W715039643,0.9983572959899902,0.2694421918067622,0,normal
https://openalex.org/W150888063,https://openalex.org/W326450296,0.9971598386764526,0.2780954223777442,0,normal
https://openalex.org/W150888063,https://openalex.org/W721100110,0.9977133870124817,0.2740741185470256,0,normal
https://openalex.org/W150888063,https://openalex.org/W666913073,0.9983912706375122,0.26919917377500346,0,normal
https://openalex.org/W150888063,https://openalex.org/W532600448,0.9983221292495728,0.2696938825817163,0,normal
https://openalex.org/W150888063,https://openalex.org/W388978333,0.9987103343009949,0.2669237025002391,0,normal
https://openalex.org/W150888063,https://openalex.org/W753250510,0.9981700778007507,0.2707838303388147,0,normal
https://openalex.org/W150888063,https://openalex.org/W520412074,0.9986320734024048,0.2674807034550992,0,normal
https://openalex.org/W150888063,https://openalex.org/W524038184,0.9990194439888,0.26473091984778135,0,normal
https://openalex.org/W150888063,https://openalex.org/W516247359,0.9991127252578735,0.26407146397684067,0,normal
https://openalex.org/W150888063,https://openalex.org/W998641904,0.9988467693328857,0.2659544282706116,0,normal
https://openalex.org/W150888063,https://openalex.org/W222543423,0.9983241558074951,0.2696793743418178,0,normal
https://openalex.org/W150888063,https://openalex.org/W414703735,0.9985392093658447,0.26814259480780894,0,normal
https://openalex.org/W150888063,https://openalex.org/W164672907,0.9982802271842957,0.26999397207223036,0,normal
https://openalex.org/W150888063,https://openalex.org/W135055795,0.9987826347351074,0.26640977947247424,0,normal
https://openalex.org/W150888063,https://openalex.org/W101479238,0.9974716305732727,0.27582592317496146,0,normal
https://openalex.org/W150888063,https://openalex.org/W727149452,0.9984357357025146,0.2688813278442438,0,normal
https://openalex.org/W150888063,https://openalex.org/W461108489,0.9984822273254395,0.2685492494842063,0,normal
https://openalex.org/W150888063,https://openalex.org/W101742283,0.9984421730041504,0.2688353322819159,0,normal
https://openalex.org/W150888063,https://openalex.org/W605605995,0.9985103011131287,0.2683488509747991,0,normal
https://openalex.org/W150888063,https://openalex.org/W485237573,0.9428233504295349,0.735191418411993,0,normal
https://openalex.org/W150888063,https://openalex.org/W379247503,0.9424691200256348,0.7376905332017686,0,normal
https://openalex.org/W150888063,https://openalex.org/W739465865,0.9426299333572388,0.7365578724643936,0,normal
https://openalex.org/W150888063,https://openalex.org/W759666057,0.9432157874107361,0.732405030850151,0,normal
https://openalex.org/W150888063,https://openalex.org/W567040765,0.9431807994842529,0.7326542067918115,0,normal
https://openalex.org/W150888063,https://openalex.org/W164865427,0.943540096282959,0.7300883749654808,0,normal
https://openalex.org/W150888063,https://openalex.org/W46332083,0.9434630870819092,0.7306396226497911,0,normal
https://openalex.org/W150888063,https://openalex.org/W972297439,0.9428967237472534,0.7346718653306198,0,normal
https://openalex.org/W150888063,https://openalex.org/W912516311,0.9436273574829102,0.7294628827001657,0,normal
https://openalex.org/W150888063,https://openalex.org/W691259760,0.9443504810333252,0.7242445502142966,0,normal
https://openalex.org/W150888063,https://openalex.org/W120977504,0.943952739238739,0.7271225076986028,0,normal
https://openalex.org/W150888063,https://openalex.org/W971757993,0.9441502690315247,0.7256955803055134,0,normal
https://openalex.org/W150888063,https://openalex.org/W526067545,0.9438899755477905,0.7275749317244059,0,normal
https://openalex.org/W150888063,https://openalex.org/W763767729,0.9439427852630615,0.7271942909668961,0,normal
https://openalex.org/W150888063,https://openalex.org/W655324685,0.9438402652740479,0.7279329286739482,0,normal
https://openalex.org/W150888063,https://openalex.org/W39369868,0.9442096948623657,0.7252653894315789,0,normal
https://openalex.org/W150888063,https://openalex.org/W228645413,0.9441399574279785,0.7257701845934191,0,normal
https://openalex.org/W150888063,https://openalex.org/W466940171,0.9439305067062378,0.7272828217363397,0,normal
https://openalex.org/W150888063,https://openalex.org/W892421272,0.944358229637146,0.7241882970101269,0,normal
https://openalex.org/W150888063,https://openalex.org/W927523660,0.9461087584495544,0.7112995211502486,0,normal
https://openalex.org/W150888063,https://openalex.org/W983782958,0.9452892541885376,0.7173778112107871,0,normal
https://openalex.org/W150888063,https://openalex.org/W417776810,0.9451625347137451,0.7183107415362907,0,normal
https://openalex.org/W150888063,https://openalex.org/W311676011,0.9446176290512085,0.7223010185054107,0,normal
https://openalex.org/W150888063,https://openalex.org/W784383996,0.9454333782196045,0.7163144728330673,0,normal
https://openalex.org/W150888063,https://openalex.org/W135429719,0.9449727535247803,0.719704436051365,0,normal
https://openalex.org/W150888063,https://openalex.org/W85054999,0.944799542427063,0.7209727635322077,0,normal
https://openalex.org/W150888063,https://openalex.org/W107558930,0.9443241357803345,0.7244357579555635,0,normal
https://openalex.org/W150888063,https://openalex.org/W213569326,0.9449563026428223,0.7198250477867367,0,normal
https://openalex.org/W150888063,https://openalex.org/W672623334,0.9442682266235352,0.7248412613901346,0,normal
https://openalex.org/W150888063,https://openalex.org/W901693008,0.9457271099090576,0.7141398758024381,0,normal
https://openalex.org/W150888063,https://openalex.org/W26295654,0.9438337087631226,0.7279801244992192,0,normal
https://openalex.org/W150888063,https://openalex.org/W765801405,0.9436450004577637,0.7293363062794883,0,normal
https://openalex.org/W150888063,https://openalex.org/W387547345,0.943985104560852,0.7268890230752161,0,normal
https://openalex.org/W150888063,https://openalex.org/W210408571,0.9439923763275146,0.7268365471281679,0,normal
https://openalex.org/W150888063,https://openalex.org/W365505908,0.9438718557357788,0.7277054587429481,0,normal
https://openalex.org/W150888063,https://openalex.org/W412780848,0.9440462589263916,0.7264475129348114,0,normal
https://openalex.org/W150888063,https://openalex.org/W500318522,0.9440916776657104,0.7261193199339274,0,normal
https://openalex.org/W150888063,https://openalex.org/W869647018,0.9431242942810059,0.733056312516805,0,normal
https://openalex.org/W150888063,https://openalex.org/W601966386,0.9429454207420349,0.7343266848436228,0,normal
https://openalex.org/W150888063,https://openalex.org/W811675919,0.9454076886177063,0.716504186044222,0,normal
https://openalex.org/W998641904,https://openalex.org/W85923484,0.9982632398605347,0.27011568989875284,0,normal
https://openalex.org/W998641904,https://openalex.org/W537413728,0.9982496500015259,0.2702130890432017,0,normal
https://openalex.org/W998641904,https://openalex.org/W873100341,0.9985976219177246,0.2677261364387818,0,normal
https://openalex.org/W998641904,https://openalex.org/W365667930,0.9975504875183105,0.2752537522608749,0,normal
https://openalex.org/W998641904,https://openalex.org/W388978333,0.9985712170600891,0.2679143417913961,0,normal
https://openalex.org/W998641904,https://openalex.org/W727149452,0.9985013008117676,0.26841308731674524,0,normal
https://openalex.org/W998641904,https://openalex.org/W485237573,0.9432709813117981,0.7320116531034888,0,normal
https://openalex.org/W998641904,https://openalex.org/W46332083,0.9437569379806519,0.728532363003993,0,normal
https://openalex.org/W998641904,https://openalex.org/W526067545,0.9442362785339355,0.7250728113571318,0,normal
https://openalex.org/W998641904,https://openalex.org/W892421272,0.944605827331543,0.7223870551430657,0,normal
https://openalex.org/W998641904,https://openalex.org/W135429719,0.9451073408126831,0.7187165026867639,0,normal
https://openalex.org/W998641904,https://openalex.org/W26295654,0.9447429180145264,0.7213866284147156,0,normal
https://openalex.org/W998641904,https://openalex.org/W500318522,0.9443941116333008,0.7239277087940815,0,normal
https://openalex.org/W222543423,https://openalex.org/W85923484,0.9973498582839966,0.2767109246591965,0,normal
https://openalex.org/W222543423,https://openalex.org/W291178543,0.9978330135345459,0.27320985199298276,0,normal
https://openalex.org/W222543423,https://openalex.org/W537413728,0.9973553419113159,0.2766710337574751,0,normal
https://openalex.org/W222543423,https://openalex.org/W237884500,0.9980183839797974,0.2718739698571071,0,normal
https://openalex.org/W222543423,https://openalex.org/W873100341,0.9978107213973999,0.2733707771444233,0,normal
https://openalex.org/W222543423,https://openalex.org/W70306005,0.9978498816490173,0.27308812172751795,0,normal
https://openalex.org/W222543423,https://openalex.org/W365667930,0.9967721104621887,0.28093361066297506,0,normal
https://openalex.org/W222543423,https://openalex.org/W715039643,0.9971085786819458,0.27846963523607715,0,normal
https://openalex.org/W222543423,https://openalex.org/W388978333,0.9978580474853516,0.27302920440045664,0,normal
https://openalex.org/W222543423,https://openalex.org/W753250510,0.9979152679443359,0.27261657580694876,0,normal
https://openalex.org/W222543423,https://openalex.org/W998641904,0.9988469481468201,0.26595315939810316,0,normal
https://openalex.org/W222543423,https://openalex.org/W727149452,0.9980944395065308,0.27132705726254436,0,normal
https://openalex.org/W222543423,https://openalex.org/W461108489,0.9986687302589417,0.2672197162640907,0,normal
https://openalex.org/W222543423,https://openalex.org/W485237573,0.9433318376541138,0.7315774933522321,0,normal
https://openalex.org/W222543423,https://openalex.org/W379247503,0.9432590007781982,0.732097071855735,0,normal
https://openalex.org/W222543423,https://openalex.org/W46332083,0.9437648057937622,0.7284757994916282,0,normal
https://openalex.org/W222543423,https://openalex.org/W972297439,0.9434501528739929,0.7307321386213004,0,normal
https://openalex.org/W222543423,https://openalex.org/W526067545,0.9443138837814331,0.7245101423799574,0,normal
https://openalex.org/W222543423,https://openalex.org/W763767729,0.944362998008728,0.7241536761224714,0,normal
https://openalex.org/W222543423,https://openalex.org/W892421272,0.9446829557418823,0.7218244785536532,0,normal
https://openalex.org/W222543423,https://openalex.org/W927523660,0.9461310505867004,0.7111330982419249,0,normal
https://openalex.org/W222543423,https://openalex.org/W135429719,0.9452284574508667,0.7178256407741703,0,normal
https://openalex.org/W222543423,https://openalex.org/W85054999,0.9454574584960938,0.7161365746044404,0,normal
https://openalex.org/W222543423,https://openalex.org/W26295654,0.9446566104888916,0.7220167202782919,0,normal
https://openalex.org/W222543423,https://openalex.org/W765801405,0.9453800320625305,0.7167083391349487,0,normal
https://openalex.org/W222543423,https://openalex.org/W500318522,0.944675624370575,0.7218779838900419,0,normal
https://openalex.org/W222543423,https://openalex.org/W869647018,0.9439687132835388,0.7270072859381022,0,normal
https://openalex.org/W414703735,https://openalex.org/W85923484,0.9980087280273438,0.27194345486564947,0,normal
https://openalex.org/W414703735,https://openalex.org/W291178543,0.9978289604187012,0.2732391067136246,0,normal
https://openalex.org/W414703735,https://openalex.org/W77917673,0.9984309673309326,0.26891540183867124,0,normal
https://openalex.org/W414703735,https://openalex.org/W537413728,0.9981393218040466,0.2710046344322726,0,normal
https://openalex.org/W414703735,https://openalex.org/W237884500,0.9984334111213684,0.2688979385755292,0,normal
https://openalex.org/W414703735,https://openalex.org/W569398880,0.9984405040740967,0.26884725657959735,0,normal
https://openalex.org/W414703735,https://openalex.org/W873100341,0.9987977743148804,0.2663022447486795,0,normal
https://openalex.org/W414703735,https://openalex.org/W70306005,0.9983533620834351,0.2694703396800463,0,normal
https://openalex.org/W414703735,https://openalex.org/W334756270,0.9982812404632568,0.26998671280303527,0,normal
https://openalex.org/W414703735,https://openalex.org/W365667930,0.9977678060531616,0.2736807460001484,0,normal
https://openalex.org/W414703735,https://openalex.org/W715039643,0.9973866939544678,0.2764430300675392,0,normal
https://openalex.org/W414703735,https://openalex.org/W326450296,0.9972120523452759,0.2777145654219374,0,normal
https://openalex.org/W414703735,https://openalex.org/W388978333,0.9985219240188599,0.26826591116255905,0,normal
https://openalex.org/W414703735,https://openalex.org/W753250510,0.9980912208557129,0.2713501884682771,0,normal
https://openalex.org/W414703735,https://openalex.org/W520412074,0.9987388849258423,0.26672068480047995,0,normal
https://openalex.org/W414703735,https://openalex.org/W998641904,0.9988440275192261,0.2659738847991488,0,normal
https://openalex.org/W414703735,https://openalex.org/W222543423,0.9990252256393433,0.2646900156031299,0,normal
https://openalex.org/W414703735,https://openalex.org/W727149452,0.9988366961479187,0.26602591432250344,0,normal
https://openalex.org/W414703735,https://openalex.org/W461108489,0.9988213777542114,0.26613464735752823,0,normal
https://openalex.org/W414703735,https://openalex.org/W101742283,0.9989204406738281,0.26543197975244254,0,normal
https://openalex.org/W414703735,https://openalex.org/W485237573,0.9434499740600586,0.7307334175033099,0,normal
https://openalex.org/W414703735,https://openalex.org/W379247503,0.9430187940597534,0.7338060494557738,0,normal
https://openalex.org/W414703735,https://openalex.org/W739465865,0.9433751702308655,0.7312680799162667,0,normal
https://openalex.org/W414703735,https://openalex.org/W46332083,0.943955659866333,0.7271014433031355,0,normal
https://openalex.org/W414703735,https://openalex.org/W972297439,0.9434434771537781,0.7307798809480383,0,normal
https://openalex.org/W414703735,https://openalex.org/W912516311,0.9442210793495178,0.7251829279147938,0,normal
https://openalex.org/W414703735,https://openalex.org/W526067545,0.9446388483047485,0.7221462850922881,0,normal
https://openalex.org/W414703735,https://openalex.org/W763767729,0.9443820714950562,0.724015165671699,0,normal
https://openalex.org/W414703735,https://openalex.org/W655324685,0.9440489411354065,0.7264281382718893,0,normal
https://openalex.org/W414703735,https://openalex.org/W892421272,0.9449845552444458,0.7196178907158606,0,normal
https://openalex.org/W414703735,https://openalex.org/W927523660,0.9460472464561462,0.7117584459773173,0,normal
https://openalex.org/W414703735,https://openalex.org/W983782958,0.945829451084137,0.7133798647758692,0,normal
https://openalex.org/W414703735,https://openalex.org/W135429719,0.9453465342521667,0.7169554916736601,0,normal
https://openalex.org/W414703735,https://openalex.org/W85054999,0.9452657699584961,0.717550847405728,0,normal
https://openalex.org/W414703735,https://openalex.org/W107558930,0.9448931217193604,0.720287971990894,0,normal
https://openalex.org/W414703735,https://openalex.org/W26295654,0.9444223046302795,0.7237228540912524,0,normal
https://openalex.org/W414703735,https://openalex.org/W765801405,0.9445436000823975,0.7228404313521618,0,normal
https://openalex.org/W414703735,https://openalex.org/W387547345,0.9452829360961914,0.7174243704122725,0,normal
https://openalex.org/W414703735,https://openalex.org/W500318522,0.9448308944702148,0.7207434510599444,0,normal
https://openalex.org/W414703735,https://openalex.org/W869647018,0.9438055157661438,0.7281830081054815,0,normal
https://openalex.org/W414703735,https://openalex.org/W601966386,0.9437350630760193,0.7286895878539436,0,normal
https://openalex.org/W164672907,https://openalex.org/W85923484,0.9983499646186829,0.26949465070042455,0,normal
https://openalex.org/W164672907,https://openalex.org/W291178543,0.9981858730316162,0.270670476854399,0,normal
https://openalex.org/W164672907,https://openalex.org/W77917673,0.9983200430870056,0.26970881804875374,0,normal
https://openalex.org/W164672907,https://openalex.org/W556733401,0.9988045692443848,0.2662539901236811,0,normal
https://openalex.org/W164672907,https://openalex.org/W537413728,0.9984512329101562,0.2687706062158561,0,normal
https://openalex.org/W164672907,https://openalex.org/W237884500,0.9988073110580444,0.26623452053678426,0,normal
https://openalex.org/W164672907,https://openalex.org/W569398880,0.9987094402313232,0.2669300616347524,0,normal
https://openalex.org/W164672907,https://openalex.org/W425739353,0.9987212419509888,0.2668461288163711,0,normal
https://openalex.org/W164672907,https://openalex.org/W873100341,0.9988186359405518,0.26615411228996805,0,normal
https://openalex.org/W164672907,https://openalex.org/W70306005,0.999082624912262,0.2642841444976577,0,normal
https://openalex.org/W164672907,https://openalex.org/W334756270,0.9984126091003418,0.26904661219978754,0,normal
https://openalex.org/W164672907,https://openalex.org/W455378056,0.9983314275741577,0.26962731941586554,0,normal
https://openalex.org/W164672907,https://openalex.org/W365667930,0.9980602264404297,0.2715729967424082,0,normal
https://openalex.org/W164672907,https://openalex.org/W715039643,0.9975962042808533,0.27492237746963927,0,normal
https://openalex.org/W164672907,https://openalex.org/W326450296,0.9974090456962585,0.2762805508229693,0,normal
https://openalex.org/W164672907,https://openalex.org/W721100110,0.9980810880661011,0.2714230170112318,0,normal
https://openalex.org/W164672907,https://openalex.org/W388978333,0.9987726211547852,0.26648091999392637,0,normal
https://openalex.org/W164672907,https://openalex.org/W753250510,0.9981556534767151,0.2708873716629044,0,normal
https://openalex.org/W164672907,https://openalex.org/W520412074,0.9988576173782349,0.2658774569924205,0,normal
https://openalex.org/W164672907,https://openalex.org/W524038184,0.9991098046302795,0.26409209549652407,0,normal
https://openalex.org/W164672907,https://openalex.org/W998641904,0.9985313415527344,0.2681987205568898,0,normal
https://openalex.org/W164672907,https://openalex.org/W222543423,0.9983821511268616,0.26926439133577296,0,normal
https://openalex.org/W164672907,https://openalex.org/W414703735,0.9990735650062561,0.2643481807145167,0,normal
https://openalex.org/W164672907,https://openalex.org/W727149452,0.9990683794021606,0.2643848374956361,0,normal
https://openalex.org/W164672907,https://openalex.org/W461108489,0.9991275072097778,0.26396705907681034,0,normal
https://openalex.org/W164672907,https://openalex.org/W101742283,0.9989563226699829,0.2651777560779498,0,normal
https://openalex.org/W164672907,https://openalex.org/W605605995,0.9982144236564636,0.27046566081905576,0,normal
https://openalex.org/W164672907,https://openalex.org/W485237573,0.9430120587348938,0.7338538684235519,0,normal
https://openalex.org/W164672907,https://openalex.org/W379247503,0.9425899386405945,0.7368398615913536,0,normal
https://openalex.org/W164672907,https://openalex.org/W739465865,0.9426959156990051,0.7360922294137865,0,normal
https://openalex.org/W164672907,https://openalex.org/W759666057,0.9435641765594482,0.7299158575361949,0,normal
https://openalex.org/W164672907,https://openalex.org/W46332083,0.9434749484062195,0.7305547631759882,0,normal
https://openalex.org/W164672907,https://openalex.org/W972297439,0.9430175423622131,0.7338149365807827,0,normal
https://openalex.org/W164672907,https://openalex.org/W912516311,0.9437340497970581,0.7286968693636601,0,normal
https://openalex.org/W164672907,https://openalex.org/W691259760,0.9442088007926941,0.7252718648159396,0,normal
https://openalex.org/W164672907,https://openalex.org/W526067545,0.9439584612846375,0.7270812377245351,0,normal
https://openalex.org/W164672907,https://openalex.org/W763767729,0.9441903829574585,0.7254052366383247,0,normal
https://openalex.org/W164672907,https://openalex.org/W655324685,0.9434553980827332,0.7306946230425496,0,normal
https://openalex.org/W164672907,https://openalex.org/W39369868,0.9440027475357056,0.726761693496202,0,normal
https://openalex.org/W164672907,https://openalex.org/W892421272,0.9445174336433411,0.7230309387777711,0,normal
https://openalex.org/W164672907,https://openalex.org/W927523660,0.9455466270446777,0.7154772367737473,0,normal
https://openalex.org/W164672907,https://openalex.org/W983782958,0.9452534317970276,0.7176417315391558,0,normal
https://openalex.org/W164672907,https://openalex.org/W417776810,0.9452024102210999,0.7180173731738306,0,normal
https://openalex.org/W164672907,https://openalex.org/W135429719,0.9448124766349792,0.7208781752262533,0,normal
https://openalex.org/W164672907,https://openalex.org/W85054999,0.9446201324462891,0.7222827661996964,0,normal
https://openalex.org/W164672907,https://openalex.org/W107558930,0.9442356824874878,0.7250771301695216,0,normal
https://openalex.org/W164672907,https://openalex.org/W213569326,0.9448037147521973,0.7209422533223476,0,normal
https://openalex.org/W164672907,https://openalex.org/W26295654,0.9435160160064697,0.7302608229213469,0,normal
https://openalex.org/W164672907,https://openalex.org/W765801405,0.9435127973556519,0.7302838676307204,0,normal
https://openalex.org/W164672907,https://openalex.org/W387547345,0.944094717502594,0.7260973455068279,0,normal
https://openalex.org/W164672907,https://openalex.org/W210408571,0.9447678327560425,0.7212045742905326,0,normal
https://openalex.org/W164672907,https://openalex.org/W500318522,0.9442169666290283,0.7252127194507967,0,normal
https://openalex.org/W164672907,https://openalex.org/W869647018,0.943294107913971,0.7318467163432856,0,normal
https://openalex.org/W164672907,https://openalex.org/W601966386,0.9430798888206482,0.7333720433377784,0,normal
https://openalex.org/W164672907,https://openalex.org/W811675919,0.9450768232345581,0.718940701638525,0,normal
https://openalex.org/W135055795,https://openalex.org/W85923484,0.9982838034629822,0.26996835167114397,0,normal
https://openalex.org/W135055795,https://openalex.org/W291178543,0.9981812238693237,0.2707038381770109,0,normal
https://openalex.org/W135055795,https://openalex.org/W77917673,0.9983006715774536,0.26984752943718343,0,normal
https://openalex.org/W135055795,https://openalex.org/W556733401,0.9984867572784424,0.26851690701164,0,normal
https://openalex.org/W135055795,https://openalex.org/W945731721,0.9989492893218994,0.26522757503234906,0,normal
https://openalex.org/W135055795,https://openalex.org/W537413728,0.9985080361366272,0.2683650154951777,0,normal
https://openalex.org/W135055795,https://openalex.org/W237884500,0.9988353252410889,0.2660356441404766,0,normal
https://openalex.org/W135055795,https://openalex.org/W569398880,0.9987768530845642,0.2664508531788238,0,normal
https://openalex.org/W135055795,https://openalex.org/W425739353,0.9988757371902466,0.2657489212748241,0,normal
https://openalex.org/W135055795,https://openalex.org/W12844123,0.9987924098968506,0.2663403444403619,0,normal
https://openalex.org/W135055795,https://openalex.org/W873100341,0.9986541271209717,0.2673236673805738,0,normal
https://openalex.org/W135055795,https://openalex.org/W70306005,0.9988059997558594,0.26624383196516554,0,normal
https://openalex.org/W135055795,https://openalex.org/W334756270,0.9990731477737427,0.2643511299902419,0,normal
https://openalex.org/W135055795,https://openalex.org/W455378056,0.9984138011932373,0.26903809081835517,0,normal
https://openalex.org/W135055795,https://openalex.org/W788534703,0.9987029433250427,0.2669762742388967,0,normal
https://openalex.org/W135055795,https://openalex.org/W365667930,0.9980611205101013,0.27156656797369255,0,normal
https://openalex.org/W135055795,https://openalex.org/W715039643,0.9979864358901978,0.27210391335742823,0,normal
https://openalex.org/W135055795,https://openalex.org/W326450296,0.9975243806838989,0.2754430969285789,0,normal
https://openalex.org/W135055795,https://openalex.org/W721100110,0.9982234239578247,0.2704011148165966,0,normal
https://openalex.org/W135055795,https://openalex.org/W666913073,0.9987935423851013,0.2663323008830005,0,normal
https://openalex.org/W135055795,https://openalex.org/W388978333,0.9992184638977051,0.26332521506267137,0,normal
https://openalex.org/W135055795,https://openalex.org/W753250510,0.9983991384506226,0.26914291566204324,0,normal
https://openalex.org/W135055795,https://openalex.org/W520412074,0.9988681077957153,0.2658030367440989,0,normal
https://openalex.org/W135055795,https://openalex.org/W524038184,0.9991130232810974,0.26406935877783744,0,normal
https://openalex.org/W135055795,https://openalex.org/W516247359,0.9990673661231995,0.2643920006952253,0,normal
https://openalex.org/W135055795,https://openalex.org/W998641904,0.9985193014144897,0.268284624368312,0,normal
https://openalex.org/W135055795,https://openalex.org/W222543423,0.9983168244361877,0.2697318623640102,0,normal
https://openalex.org/W135055795,https://openalex.org/W414703735,0.9990056157112122,0.26482876908696107,0,normal
https://openalex.org/W135055795,https://openalex.org/W164672907,0.9992713332176208,0.2629525991467955,0,normal
https://openalex.org/W135055795,https://openalex.org/W727149452,0.9993966221809387,0.2620709345289787,0,normal
https://openalex.org/W135055795,https://openalex.org/W461108489,0.9993289709091187,0.2625467630063322,0,normal
https://openalex.org/W135055795,https://openalex.org/W101742283,0.9991488456726074,0.26381639225227765,0,normal
https://openalex.org/W135055795,https://openalex.org/W605605995,0.9984739422798157,0.2686084085417518,0,normal
https://openalex.org/W135055795,https://openalex.org/W485237573,0.9439746141433716,0.7269647149918265,0,normal
https://openalex.org/W135055795,https://openalex.org/W379247503,0.9435769319534302,0.7298244464029695,0,normal
https://openalex.org/W135055795,https://openalex.org/W739465865,0.9436672925949097,0.7291763220136934,0,normal
https://openalex.org/W135055795,https://openalex.org/W759666057,0.9443738460540771,0.7240749035814659,0,normal
https://openalex.org/W135055795,https://openalex.org/W567040765,0.9443920850753784,0.723942430458631,0,normal
https://openalex.org/W135055795,https://openalex.org/W46332083,0.9444712400436401,0.7233670587195379,0,normal
https://openalex.org/W135055795,https://openalex.org/W972297439,0.9440008997917175,0.7267750304251533,0,normal
https://openalex.org/W135055795,https://openalex.org/W912516311,0.9447399377822876,0.7214084003371039,0,normal
https://openalex.org/W135055795,https://openalex.org/W691259760,0.945233166217804,0.7177909713249854,0,normal
https://openalex.org/W135055795,https://openalex.org/W120977504,0.9450362920761108,0.7192382975409705,0,normal
https://openalex.org/W135055795,https://openalex.org/W526067545,0.9448285102844238,0.7207608933257162,0,normal
https://openalex.org/W135055795,https://openalex.org/W763767729,0.944933295249939,0.7199936762389495,0,normal
https://openalex.org/W135055795,https://openalex.org/W655324685,0.9447773098945618,0.7211353048825031,0,normal
https://openalex.org/W135055795,https://openalex.org/W39369868,0.9449746608734131,0.7196904500314472,0,normal
https://openalex.org/W135055795,https://openalex.org/W228645413,0.9450842142105103,0.718886413443582,0,normal
https://openalex.org/W135055795,https://openalex.org/W892421272,0.9454386830329895,0.7162752881651071,0,normal
https://openalex.org/W135055795,https://openalex.org/W927523660,0.9466781616210938,0.7070308291424726,0,normal
https://openalex.org/W135055795,https://openalex.org/W983782958,0.9462815523147583,0.710008032184935,0,normal
https://openalex.org/W135055795,https://openalex.org/W417776810,0.9462629556655884,0.710147190546377,0,normal
https://openalex.org/W135055795,https://openalex.org/W311676011,0.9455953240394592,0.7151167680389573,0,normal
https://openalex.org/W135055795,https://openalex.org/W135429719,0.9460160136222839,0.7119912997143456,0,normal
https://openalex.org/W135055795,https://openalex.org/W85054999,0.9457125663757324,0.7142477815710725,0,normal
https://openalex.org/W135055795,https://openalex.org/W107558930,0.9451994895935059,0.7180388668389205,0,normal
https://openalex.org/W135055795,https://openalex.org/W213569326,0.9457440972328186,0.7140138073909,0,normal
https://openalex.org/W135055795,https://openalex.org/W672623334,0.944987416267395,0.7195969075723254,0,normal
https://openalex.org/W135055795,https://openalex.org/W26295654,0.9444417953491211,0.7235811765641093,0,normal
https://openalex.org/W135055795,https://openalex.org/W765801405,0.9443919062614441,0.7239437294057143,0,normal
https://openalex.org/W135055795,https://openalex.org/W387547345,0.9450113773345947,0.7194211361252979,0,normal
https://openalex.org/W135055795,https://openalex.org/W210408571,0.9453169107437134,0.7171739501881439,0,normal
https://openalex.org/W135055795,https://openalex.org/W365505908,0.9453133344650269,0.7172003165403121,0,normal
https://openalex.org/W135055795,https://openalex.org/W500318522,0.9453696608543396,0.7167848736189235,0,normal
https://openalex.org/W135055795,https://openalex.org/W869647018,0.9443304538726807,0.7243899101943023,0,normal
https://openalex.org/W135055795,https://openalex.org/W601966386,0.9440911412239075,0.7261231976600235,0,normal
https://openalex.org/W135055795,https://openalex.org/W811675919,0.9461069107055664,0.7113133130056731,0,normal
https://openalex.org/W101479238,https://openalex.org/W85923484,0.9968657493591309,0.280246555033756,0,normal
https://openalex.org/W101479238,https://openalex.org/W291178543,0.9967591166496277,0.28102903106852506,0,normal
https://openalex.org/W101479238,https://openalex.org/W77917673,0.996862530708313,0.2802701541698547,0,normal
https://openalex.org/W101479238,https://openalex.org/W556733401,0.9971081018447876,0.27847311773714295,0,normal
https://openalex.org/W101479238,https://openalex.org/W945731721,0.997206449508667,0.27775541825438865,0,normal
https://openalex.org/W101479238,https://openalex.org/W615774397,0.9978481531143188,0.2731005942963814,0,normal
https://openalex.org/W101479238,https://openalex.org/W537413728,0.9969653487205505,0.2795168929471815,0,normal
https://openalex.org/W101479238,https://openalex.org/W237884500,0.9974302053451538,0.27612679155164843,0,normal
https://openalex.org/W101479238,https://openalex.org/W569398880,0.9973699450492859,0.2765648198737402,0,normal
https://openalex.org/W101479238,https://openalex.org/W425739353,0.9973582029342651,0.27665022252284827,0,normal
https://openalex.org/W101479238,https://openalex.org/W12844123,0.9975243806838989,0.2754430969285789,0,normal
https://openalex.org/W101479238,https://openalex.org/W568875334,0.9977511167526245,0.2738013485789968,0,normal
https://openalex.org/W101479238,https://openalex.org/W873100341,0.9973752498626709,0.27652624229205486,0,normal
https://openalex.org/W101479238,https://openalex.org/W70306005,0.9975339770317078,0.27537348824966673,0,normal
https://openalex.org/W101479238,https://openalex.org/W334756270,0.9975339770317078,0.27537348824966673,0,normal
https://openalex.org/W101479238,https://openalex.org/W455378056,0.9980545043945312,0.2716141431223432,0,normal
https://openalex.org/W101479238,https://openalex.org/W788534703,0.9974790215492249,0.27577226440316155,0,normal
https://openalex.org/W101479238,https://openalex.org/W638373465,0.9981069564819336,0.2712371143392887,0,normal
https://openalex.org/W101479238,https://openalex.org/W365667930,0.9972764253616333,0.27724545790532573,0,normal
https://openalex.org/W101479238,https://openalex.org/W715039643,0.9969695806503296,0.2794859157139019,0,normal
https://openalex.org/W101479238,https://openalex.org/W326450296,0.996598482131958,0.28221028382612184,0,normal
https://openalex.org/W101479238,https://openalex.org/W721100110,0.9970548152923584,0.27886245565813794,0,normal
https://openalex.org/W101479238,https://openalex.org/W666913073,0.9973703622817993,0.276561785561472,0,normal
https://openalex.org/W101479238,https://openalex.org/W532600448,0.9976046085357666,0.27486148676674743,0,normal
https://openalex.org/W101479238,https://openalex.org/W388978333,0.9975118041038513,0.2755343397210257,0,normal
https://openalex.org/W101479238,https://openalex.org/W753250510,0.9981372356414795,0.2710196155499568,0,normal
https://openalex.org/W101479238,https://openalex.org/W520412074,0.9975494742393494,0.27526109974886354,0,normal
https://openalex.org/W101479238,https://openalex.org/W524038184,0.9978041052818298,0.2734185497291304,0,normal
https://openalex.org/W101479238,https://openalex.org/W516247359,0.9976659417152405,0.2744173678439659,0,normal
https://openalex.org/W101479238,https://openalex.org/W150888063,0.9974716305732727,0.27582592317496146,0,normal
https://openalex.org/W101479238,https://openalex.org/W998641904,0.9975317716598511,0.2753894843100319,0,normal
https://openalex.org/W101479238,https://openalex.org/W222543423,0.9978286027908325,0.2732416881063534,0,normal
https://openalex.org/W101479238,https://openalex.org/W414703735,0.9979702234268188,0.2722206476720935,0,normal
https://openalex.org/W101479238,https://openalex.org/W164672907,0.9983876943588257,0.2692247480998374,0,normal
https://openalex.org/W101479238,https://openalex.org/W135055795,0.9986469745635986,0.26737459158282056,0,normal
https://openalex.org/W101479238,https://openalex.org/W727149452,0.9985033273696899,0.2683986226554611,0,normal
https://openalex.org/W101479238,https://openalex.org/W461108489,0.9985568523406982,0.26801676412588166,0,normal
https://openalex.org/W101479238,https://openalex.org/W101742283,0.9982795119285583,0.2699990963363019,0,normal
https://openalex.org/W101479238,https://openalex.org/W605605995,0.9976427555084229,0.2745852087319462,0,normal
https://openalex.org/W101479238,https://openalex.org/W485237573,0.9422993063926697,0.7388831740733034,0,normal
https://openalex.org/W101479238,https://openalex.org/W379247503,0.9418694376945496,0.7418865291225258,0,normal
https://openalex.org/W101479238,https://openalex.org/W739465865,0.9419673681259155,0.7412043058886508,0,normal
https://openalex.org/W101479238,https://openalex.org/W759666057,0.9427090883255005,0.7359992058619442,0,normal
https://openalex.org/W101479238,https://openalex.org/W567040765,0.9425756335258484,0.7369406749573563,0,normal
https://openalex.org/W101479238,https://openalex.org/W164865427,0.9433989524841309,0.7310981684380488,0,normal
https://openalex.org/W101479238,https://openalex.org/W46332083,0.9427313804626465,0.7358417334936123,0,normal
https://openalex.org/W101479238,https://openalex.org/W972297439,0.9423470497131348,0.7385482161430399,0,normal
https://openalex.org/W101479238,https://openalex.org/W912516311,0.9430784583091736,0.7333822105795584,0,normal
https://openalex.org/W101479238,https://openalex.org/W691259760,0.9435049891471863,0.7303397672286536,0,normal
https://openalex.org/W101479238,https://openalex.org/W120977504,0.9434524774551392,0.7307155128061205,0,normal
https://openalex.org/W101479238,https://openalex.org/W971757993,0.9437627792358398,0.7284903695880222,0,normal
https://openalex.org/W101479238,https://openalex.org/W526067545,0.9432293176651001,0.7323086319900843,0,normal
https://openalex.org/W101479238,https://openalex.org/W763767729,0.9433709383010864,0.7312983076727678,0,normal
https://openalex.org/W101479238,https://openalex.org/W655324685,0.9431012272834778,0.7332203526911409,0,normal
https://openalex.org/W101479238,https://openalex.org/W39369868,0.9440778493881226,0.7262192681744145,0,normal
https://openalex.org/W101479238,https://openalex.org/W228645413,0.9435750246047974,0.7298381165964013,0,normal
https://openalex.org/W101479238,https://openalex.org/W466940171,0.9438864588737488,0.7276002673316662,0,normal
https://openalex.org/W101479238,https://openalex.org/W892421272,0.944189727306366,0.7254099837607748,0,normal
https://openalex.org/W101479238,https://openalex.org/W927523660,0.945264458656311,0.7175605074313903,0,normal
https://openalex.org/W101479238,https://openalex.org/W983782958,0.9449774026870728,0.7196703443814018,0,normal
https://openalex.org/W101479238,https://openalex.org/W417776810,0.9447982907295227,0.7209819161964238,0,normal
https://openalex.org/W101479238,https://openalex.org/W311676011,0.9439682960510254,0.7270102958480987,0,normal
https://openalex.org/W101479238,https://openalex.org/W784383996,0.9449910521507263,0.7195702401111949,0,normal
https://openalex.org/W101479238,https://openalex.org/W135429719,0.9442235827445984,0.7251647929542997,0,normal
https://openalex.org/W101479238,https://openalex.org/W85054999,0.9448277950286865,0.7207661258753096,0,normal
https://openalex.org/W101479238,https://openalex.org/W107558930,0.9436255693435669,0.7294757093127967,0,normal
https://openalex.org/W101479238,https://openalex.org/W213569326,0.9442094564437866,0.725267116210012,0,normal
https://openalex.org/W101479238,https://openalex.org/W672623334,0.943392276763916,0.7311458697439418,0,normal
https://openalex.org/W101479238,https://openalex.org/W901693008,0.9442410469055176,0.7250382593417325,0,normal
https://openalex.org/W101479238,https://openalex.org/W26295654,0.943078339099884,0.7333830578385683,0,normal
https://openalex.org/W101479238,https://openalex.org/W765801405,0.9433425664901733,0.7315009058102698,0,normal
https://openalex.org/W101479238,https://openalex.org/W387547345,0.9436097145080566,0.7295894218739382,0,normal
https://openalex.org/W101479238,https://openalex.org/W210408571,0.9440038800239563,0.726753519048626,0,normal
https://openalex.org/W101479238,https://openalex.org/W365505908,0.9437515735626221,0.7285709247963891,0,normal
https://openalex.org/W101479238,https://openalex.org/W412780848,0.945631742477417,0.7148470091095925,0,normal
https://openalex.org/W101479238,https://openalex.org/W500318522,0.9440394639968872,0.7264965915854558,0,normal
https://openalex.org/W101479238,https://openalex.org/W869647018,0.9430168271064758,0.7338200148530377,0,normal
https://openalex.org/W101479238,https://openalex.org/W601966386,0.9427855014801025,0.7354591704504403,0,normal
https://openalex.org/W101479238,https://openalex.org/W811675919,0.9447704553604126,0.7211854064540594,0,normal
https://openalex.org/W727149452,https://openalex.org/W85923484,0.9982004165649414,0.27056613249042544,0,normal
https://openalex.org/W727149452,https://openalex.org/W537413728,0.9989988207817078,0.2648768586560981,0,normal
https://openalex.org/W727149452,https://openalex.org/W873100341,0.9990310668945312,0.26464869377335776,0,normal
https://openalex.org/W727149452,https://openalex.org/W365667930,0.9983968138694763,0.2691595366041648,0,normal
https://openalex.org/W727149452,https://openalex.org/W388978333,0.9991003274917603,0.26415904978975435,0,normal
https://openalex.org/W727149452,https://openalex.org/W998641904,0.9985013008117676,0.26841308731674524,0,normal
https://openalex.org/W727149452,https://openalex.org/W485237573,0.943886399269104,0.7276006967360339,0,normal
https://openalex.org/W727149452,https://openalex.org/W46332083,0.9447367191314697,0.7214319128402635,0,normal
https://openalex.org/W727149452,https://openalex.org/W526067545,0.9450249671936035,0.7193214149925224,0,normal
https://openalex.org/W727149452,https://openalex.org/W892421272,0.9456170797348022,0.7149556375515376,0,normal
https://openalex.org/W727149452,https://openalex.org/W135429719,0.9459552764892578,0.7124437993544254,0,normal
https://openalex.org/W727149452,https://openalex.org/W26295654,0.9444674253463745,0.7233948044580873,0,normal
https://openalex.org/W727149452,https://openalex.org/W500318522,0.945720374584198,0.714189851593871,0,normal
https://openalex.org/W461108489,https://openalex.org/W85923484,0.9983795881271362,0.269282722250241,0,normal
https://openalex.org/W461108489,https://openalex.org/W291178543,0.9984824657440186,0.2685475471873464,0,normal
https://openalex.org/W461108489,https://openalex.org/W537413728,0.9987226128578186,0.2668363801327987,0,normal
https://openalex.org/W461108489,https://openalex.org/W237884500,0.9992168545722961,0.2633365626928662,0,normal
https://openalex.org/W461108489,https://openalex.org/W873100341,0.9988631010055542,0.26583855384120525,0,normal
https://openalex.org/W461108489,https://openalex.org/W70306005,0.9990718364715576,0.26436039927975796,0,normal
https://openalex.org/W461108489,https://openalex.org/W365667930,0.9984540343284607,0.26875059422994013,0,normal
https://openalex.org/W461108489,https://openalex.org/W715039643,0.998044490814209,0.2716861586935839,0,normal
https://openalex.org/W461108489,https://openalex.org/W388978333,0.998977780342102,0.265025803009167,0,normal
https://openalex.org/W461108489,https://openalex.org/W753250510,0.9985513091087341,0.26805629473320014,0,normal
https://openalex.org/W461108489,https://openalex.org/W998641904,0.9984881281852722,0.26850711964404406,0,normal
https://openalex.org/W461108489,https://openalex.org/W222543423,0.9986687302589417,0.2672197162640907,0,normal
https://openalex.org/W461108489,https://openalex.org/W727149452,0.9994978904724121,0.26135969920743946,0,normal
https://openalex.org/W461108489,https://openalex.org/W485237573,0.9441301822662354,0.7258408960763885,0,normal
https://openalex.org/W461108489,https://openalex.org/W379247503,0.9438208937644958,0.7280723560773026,0,normal
https://openalex.org/W461108489,https://openalex.org/W46332083,0.9447011947631836,0.7216913402728423,0,normal
https://openalex.org/W461108489,https://openalex.org/W972297439,0.9442979097366333,0.7246260188884239,0,normal
https://openalex.org/W461108489,https://openalex.org/W526067545,0.9450454711914062,0.719170917650234,0,normal
https://openalex.org/W461108489,https://openalex.org/W763767729,0.9451906681060791,0.7181037804388628,0,normal
https://openalex.org/W461108489,https://openalex.org/W892421272,0.9457815885543823,0.7137354542802605,0,normal
https://openalex.org/W461108489,https://openalex.org/W927523660,0.9468072652816772,0.7060578417521193,0,normal
https://openalex.org/W461108489,https://openalex.org/W135429719,0.945968747138977,0.7123434778349889,0,normal
https://openalex.org/W461108489,https://openalex.org/W85054999,0.9459151029586792,0.7127428643653938,0,normal
https://openalex.org/W461108489,https://openalex.org/W26295654,0.944573700428009,0.7226211828215792,0,normal
https://openalex.org/W461108489,https://openalex.org/W765801405,0.944748044013977,0.7213491782654082,0,normal
https://openalex.org/W461108489,https://openalex.org/W500318522,0.945533275604248,0.7155760198577857,0,normal
https://openalex.org/W461108489,https://openalex.org/W869647018,0.9448065757751465,0.7209213308538133,0,normal
https://openalex.org/W101742283,https://openalex.org/W85923484,0.9981352090835571,0.2710341691338769,0,normal
https://openalex.org/W101742283,https://openalex.org/W291178543,0.9979977011680603,0.27202281863535943,0,normal
https://openalex.org/W101742283,https://openalex.org/W77917673,0.998525857925415,0.2682378429041101,0,normal
https://openalex.org/W101742283,https://openalex.org/W537413728,0.998421311378479,0.26898441003743895,0,normal
https://openalex.org/W101742283,https://openalex.org/W237884500,0.9988019466400146,0.26627261405562025,0,normal
https://openalex.org/W101742283,https://openalex.org/W569398880,0.9989685416221619,0.2650912204214932,0,normal
https://openalex.org/W101742283,https://openalex.org/W873100341,0.9988698959350586,0.26579035280024305,0,normal
https://openalex.org/W101742283,https://openalex.org/W70306005,0.9987831711769104,0.26640596871445293,0,normal
https://openalex.org/W101742283,https://openalex.org/W334756270,0.998691976070404,0.2670542960463359,0,normal
https://openalex.org/W101742283,https://openalex.org/W365667930,0.9987914562225342,0.26634711808236616,0,normal
https://openalex.org/W101742283,https://openalex.org/W715039643,0.9978024959564209,0.27343017087484484,0,normal
https://openalex.org/W101742283,https://openalex.org/W326450296,0.9975346922874451,0.2753683004619071,0,normal
https://openalex.org/W101742283,https://openalex.org/W388978333,0.9988560676574707,0.2658884520193401,0,normal
https://openalex.org/W101742283,https://openalex.org/W753250510,0.9983524084091187,0.2694771636863825,0,normal
https://openalex.org/W101742283,https://openalex.org/W520412074,0.9989751577377319,0.2650443720640879,0,normal
https://openalex.org/W101742283,https://openalex.org/W998641904,0.9985146522521973,0.26831779981029397,0,normal
https://openalex.org/W101742283,https://openalex.org/W222543423,0.9981693625450134,0.270788964033027,0,normal
https://openalex.org/W101742283,https://openalex.org/W414703735,0.9989204406738281,0.26543197975244254,0,normal
https://openalex.org/W101742283,https://openalex.org/W727149452,0.9993274211883545,0.2625576695578791,0,normal
https://openalex.org/W101742283,https://openalex.org/W461108489,0.9995777606964111,0.2607996289899425,0,normal
https://openalex.org/W101742283,https://openalex.org/W485237573,0.9437481760978699,0.7285953454871534,0,normal
https://openalex.org/W101742283,https://openalex.org/W379247503,0.9432969093322754,0.7318267325235421,0,normal
https://openalex.org/W101742283,https://openalex.org/W739465865,0.9436142444610596,0.7295569356405728,0,normal
https://openalex.org/W101742283,https://openalex.org/W46332083,0.9442570805549622,0.7249220584213619,0,normal
https://openalex.org/W101742283,https://openalex.org/W972297439,0.9438100457191467,0.7281504158664756,0,normal
https://openalex.org/W101742283,https://openalex.org/W912516311,0.9446625709533691,0.7219732338275352,0,normal
https://openalex.org/W101742283,https://openalex.org/W526067545,0.9448091983795166,0.7209021510797692,0,normal
https://openalex.org/W101742283,https://openalex.org/W763767729,0.9447498917579651,0.7213356780354991,0,normal
https://openalex.org/W101742283,https://openalex.org/W655324685,0.9444047212600708,0.7238506286234999,0,normal
https://openalex.org/W101742283,https://openalex.org/W892421272,0.9457183480262756,0.7142048875319948,0,normal
https://openalex.org/W101742283,https://openalex.org/W927523660,0.9463793635368347,0.7092754626024554,0,normal
https://openalex.org/W101742283,https://openalex.org/W983782958,0.9461132287979126,0.7112661521389226,0,normal
https://openalex.org/W101742283,https://openalex.org/W135429719,0.9456384181976318,0.7147975440151236,0,normal
https://openalex.org/W101742283,https://openalex.org/W85054999,0.9455239772796631,0.7156448030116184,0,normal
https://openalex.org/W101742283,https://openalex.org/W107558930,0.9451084136962891,0.7187086187120183,0,normal
https://openalex.org/W101742283,https://openalex.org/W26295654,0.9443106651306152,0.7245334930625924,0,normal
https://openalex.org/W101742283,https://openalex.org/W765801405,0.9441763758659363,0.7255066413412989,0,normal
https://openalex.org/W101742283,https://openalex.org/W387547345,0.944831132888794,0.7207417067966624,0,normal
https://openalex.org/W101742283,https://openalex.org/W500318522,0.9451770782470703,0.7182037647044162,0,normal
https://openalex.org/W101742283,https://openalex.org/W869647018,0.9443036317825317,0.7245845143589983,0,normal
https://openalex.org/W101742283,https://openalex.org/W601966386,0.9444504976272583,0.7235179054346744,0,normal
https://openalex.org/W605605995,https://openalex.org/W85923484,0.9973931312561035,0.27639622999164337,0,normal
https://openalex.org/W605605995,https://openalex.org/W291178543,0.9972403049468994,0.27750861919648,0,normal
https://openalex.org/W605605995,https://openalex.org/W77917673,0.9974994659423828,0.27562387099034086,0,normal
https://openalex.org/W605605995,https://openalex.org/W556733401,0.9977930188179016,0.27349861275888687,0,normal
https://openalex.org/W605605995,https://openalex.org/W537413728,0.9973889589309692,0.27642656281582295,0,normal
https://openalex.org/W605605995,https://openalex.org/W237884500,0.9978837966918945,0.27284347327961167,0,normal
https://openalex.org/W605605995,https://openalex.org/W569398880,0.9976869821548462,0.27426511501080614,0,normal
https://openalex.org/W605605995,https://openalex.org/W425739353,0.9984060525894165,0.26909348284626866,0,normal
https://openalex.org/W605605995,https://openalex.org/W873100341,0.9976255893707275,0.27470951248819725,0,normal
https://openalex.org/W605605995,https://openalex.org/W70306005,0.997819721698761,0.27330579757372986,0,normal
https://openalex.org/W605605995,https://openalex.org/W334756270,0.9977437853813171,0.27385433803416537,0,normal
https://openalex.org/W605605995,https://openalex.org/W455378056,0.9977977275848389,0.27346460570771897,0,normal
https://openalex.org/W605605995,https://openalex.org/W365667930,0.9970955848693848,0.278564542954193,0,normal
https://openalex.org/W605605995,https://openalex.org/W715039643,0.9982225894927979,0.27040709880639685,0,normal
https://openalex.org/W605605995,https://openalex.org/W326450296,0.9965766668319702,0.2823709384696988,0,normal
https://openalex.org/W605605995,https://openalex.org/W721100110,0.997076690196991,0.27870258639078616,0,normal
https://openalex.org/W605605995,https://openalex.org/W388978333,0.9982020258903503,0.27055458774294955,0,normal
https://openalex.org/W605605995,https://openalex.org/W753250510,0.9975170493125916,0.27549628357827627,0,normal
https://openalex.org/W605605995,https://openalex.org/W520412074,0.9980313777923584,0.2717804828996862,0,normal
https://openalex.org/W605605995,https://openalex.org/W524038184,0.9982261061668396,0.2703818811281688,0,normal
https://openalex.org/W605605995,https://openalex.org/W998641904,0.9977099895477295,0.27409868907132534,0,normal
https://openalex.org/W605605995,https://openalex.org/W222543423,0.9978015422821045,0.2734370576250744,0,normal
https://openalex.org/W605605995,https://openalex.org/W414703735,0.9980025887489319,0.271987639390754,0,normal
https://openalex.org/W605605995,https://openalex.org/W164672907,0.9982144236564636,0.27046566081905576,0,normal
https://openalex.org/W605605995,https://openalex.org/W727149452,0.9984245300292969,0.2689614060609379,0,normal
https://openalex.org/W605605995,https://openalex.org/W461108489,0.9986898899078369,0.2670691387915639,0,normal
https://openalex.org/W605605995,https://openalex.org/W101742283,0.9987629652023315,0.26654953123664515,0,normal
https://openalex.org/W605605995,https://openalex.org/W485237573,0.9421019554138184,0.7402648033491842,0,normal
https://openalex.org/W605605995,https://openalex.org/W379247503,0.9417067170143127,0.7430175113830766,0,normal
https://openalex.org/W605605995,https://openalex.org/W739465865,0.9419037103652954,0.7416479052020384,0,normal
https://openalex.org/W605605995,https://openalex.org/W759666057,0.9426696300506592,0.7362777927441279,0,normal
https://openalex.org/W605605995,https://openalex.org/W46332083,0.9425714015960693,0.7369704941508772,0,normal
https://openalex.org/W605605995,https://openalex.org/W972297439,0.9421542882919312,0.7398988902392054,0,normal
https://openalex.org/W605605995,https://openalex.org/W912516311,0.9428397417068481,0.735075409014659,0,normal
https://openalex.org/W605605995,https://openalex.org/W691259760,0.9436454772949219,0.7293328847782954,0,normal
https://openalex.org/W605605995,https://openalex.org/W526067545,0.9429935812950134,0.7339850250877195,0,normal
https://openalex.org/W605605995,https://openalex.org/W763767729,0.9430915713310242,0.7332890016274977,0,normal
https://openalex.org/W605605995,https://openalex.org/W655324685,0.9427766799926758,0.7355215507344129,0,normal
https://openalex.org/W605605995,https://openalex.org/W39369868,0.9434438943862915,0.7307768972092558,0,normal
https://openalex.org/W605605995,https://openalex.org/W892421272,0.9436721205711365,0.7291416651850433,0,normal
https://openalex.org/W605605995,https://openalex.org/W927523660,0.9456115961074829,0.7149962564287806,0,normal
https://openalex.org/W605605995,https://openalex.org/W983782958,0.944494366645813,0.7231988133886714,0,normal
https://openalex.org/W605605995,https://openalex.org/W417776810,0.9443352818489075,0.7243548723990929,0,normal
https://openalex.org/W605605995,https://openalex.org/W135429719,0.9442138671875,0.7252351697176591,0,normal
https://openalex.org/W605605995,https://openalex.org/W85054999,0.9439771175384521,0.7269466533380983,0,normal
https://openalex.org/W605605995,https://openalex.org/W107558930,0.9434977769851685,0.7303913931889405,0,normal
https://openalex.org/W605605995,https://openalex.org/W213569326,0.9439886808395386,0.7268632160188606,0,normal
https://openalex.org/W605605995,https://openalex.org/W26295654,0.9427742958068848,0.7355384086534489,0,normal
https://openalex.org/W605605995,https://openalex.org/W765801405,0.9429091811180115,0.7345835906231273,0,normal
https://openalex.org/W605605995,https://openalex.org/W387547345,0.9432169795036316,0.73239653844359,0,normal
https://openalex.org/W605605995,https://openalex.org/W210408571,0.943467378616333,0.7306089216726817,0,normal
https://openalex.org/W605605995,https://openalex.org/W500318522,0.9436097145080566,0.7295894218739382,0,normal
https://openalex.org/W605605995,https://openalex.org/W869647018,0.9427176117897034,0.7359390029479205,0,normal
https://openalex.org/W605605995,https://openalex.org/W601966386,0.9426679015159607,0.7362899923864865,0,normal
https://openalex.org/W605605995,https://openalex.org/W811675919,0.945716381072998,0.7142194807828806,0,normal
https://openalex.org/W485237573,https://openalex.org/W85923484,0.9425636529922485,0.7370250870400687,0,normal
https://openalex.org/W485237573,https://openalex.org/W537413728,0.9438800811767578,0.7276462111973804,0,normal
https://openalex.org/W485237573,https://openalex.org/W873100341,0.9434868097305298,0.7304698868301367,0,normal
https://openalex.org/W485237573,https://openalex.org/W365667930,0.9418226480484009,0.7422120705232508,0,normal
https://openalex.org/W485237573,https://openalex.org/W388978333,0.9435852766036987,0.7297646341847243,0,normal
https://openalex.org/W485237573,https://openalex.org/W998641904,0.9432709813117981,0.7320116531034888,0,normal
https://openalex.org/W485237573,https://openalex.org/W727149452,0.943886399269104,0.7276006967360339,0,normal
https://openalex.org/W485237573,https://openalex.org/W46332083,0.9996107816696167,0.2605683046490913,0,normal
https://openalex.org/W485237573,https://openalex.org/W526067545,0.999527096748352,0.26115480730533935,0,normal
https://openalex.org/W485237573,https://openalex.org/W892421272,0.9992897510528564,0.2628228723840642,0,normal
https://openalex.org/W485237573,https://openalex.org/W135429719,0.9994813799858093,0.2614755718000565,0,normal
https://openalex.org/W485237573,https://openalex.org/W26295654,0.999301016330719,0.2627435452478016,0,normal
https://openalex.org/W485237573,https://openalex.org/W500318522,0.9993003606796265,0.262748161748705,0,normal
https://openalex.org/W379247503,https://openalex.org/W85923484,0.941877007484436,0.7418338367291994,0,normal
https://openalex.org/W379247503,https://openalex.org/W291178543,0.942403256893158,0.7381535218369721,0,normal
https://openalex.org/W379247503,https://openalex.org/W537413728,0.9435363411903381,0.7301152711749284,0,normal
https://openalex.org/W379247503,https://openalex.org/W237884500,0.9441699981689453,0.7255528051307149,0,normal
https://openalex.org/W379247503,https://openalex.org/W873100341,0.9431524276733398,0.7328561560552899,0,normal
https://openalex.org/W379247503,https://openalex.org/W70306005,0.9430476427078247,0.7336011699936139,0,normal
https://openalex.org/W379247503,https://openalex.org/W365667930,0.941460371017456,0.7447235474650394,0,normal
https://openalex.org/W379247503,https://openalex.org/W715039643,0.9404363632202148,0.7517350068958352,0,normal
https://openalex.org/W379247503,https://openalex.org/W388978333,0.943260669708252,0.7320851737610367,0,normal
https://openalex.org/W379247503,https://openalex.org/W753250510,0.942865252494812,0.7348947915558324,0,normal
https://openalex.org/W379247503,https://openalex.org/W998641904,0.942747175693512,0.7357301190399638,0,normal
https://openalex.org/W379247503,https://openalex.org/W222543423,0.9432590007781982,0.732097071855735,0,normal
https://openalex.org/W379247503,https://openalex.org/W727149452,0.9434393644332886,0.7308092909698386,0,normal
https://openalex.org/W379247503,https://openalex.org/W461108489,0.9438208937644958,0.7280723560773026,0,normal
https://openalex.org/W379247503,https://openalex.org/W485237573,0.9997438788414001,0.259637257015805,0,normal
https://openalex.org/W379247503,https://openalex.org/W46332083,0.9995994567871094,0.2606476247386451,0,normal
https://openalex.org/W379247503,https://openalex.org/W972297439,0.9997494220733643,0.2595985276284047,0,normal
https://openalex.org/W379247503,https://openalex.org/W526067545,0.9995067119598389,0.2612978025428514,0,normal
https://openalex.org/W379247503,https://openalex.org/W763767729,0.9995411038398743,0.2610565796754298,0,normal
https://openalex.org/W379247503,https://openalex.org/W892421272,0.9992563724517822,0.26305800621398684,0,normal
https://openalex.org/W379247503,https://openalex.org/W927523660,0.9992198348045349,0.2633155488107047,0,normal
https://openalex.org/W379247503,https://openalex.org/W135429719,0.9994525909423828,0.26167769615019504,0,normal
https://openalex.org/W379247503,https://openalex.org/W85054999,0.9992181062698364,0.263327736731117,0,normal
https://openalex.org/W379247503,https://openalex.org/W26295654,0.999148428440094,0.2638193377226627,0,normal
https://openalex.org/W379247503,https://openalex.org/W765801405,0.9990983009338379,0.26417336847206435,0,normal
https://openalex.org/W379247503,https://openalex.org/W500318522,0.999183177947998,0.2635740944322313,0,normal
https://openalex.org/W379247503,https://openalex.org/W869647018,0.99944669008255,0.2617191378188534,0,normal
https://openalex.org/W739465865,https://openalex.org/W85923484,0.9418541193008423,0.7419931371542835,0,normal
https://openalex.org/W739465865,https://openalex.org/W291178543,0.9420004487037659,0.7409735881252948,0,normal
https://openalex.org/W739465865,https://openalex.org/W77917673,0.9435076713562012,0.7303205659007052,0,normal
https://openalex.org/W739465865,https://openalex.org/W537413728,0.9437465071678162,0.7286073411109647,0,normal
https://openalex.org/W739465865,https://openalex.org/W237884500,0.9442277550697327,0.7251345663687283,0,normal
https://openalex.org/W739465865,https://openalex.org/W569398880,0.9435176849365234,0.7302488733239599,0,normal
https://openalex.org/W739465865,https://openalex.org/W873100341,0.9435118436813354,0.7302906954543003,0,normal
https://openalex.org/W739465865,https://openalex.org/W70306005,0.9431538581848145,0.7328459760604928,0,normal
https://openalex.org/W739465865,https://openalex.org/W334756270,0.9444862008094788,0.7232582268139301,0,normal
https://openalex.org/W739465865,https://openalex.org/W365667930,0.9416896104812622,0.7431362210228794,0,normal
https://openalex.org/W739465865,https://openalex.org/W715039643,0.940409243106842,0.751918936234101,0,normal
https://openalex.org/W739465865,https://openalex.org/W326450296,0.9393423795700073,0.7590817648443369,0,normal
https://openalex.org/W739465865,https://openalex.org/W388978333,0.9433337450027466,0.7315638788000881,0,normal
https://openalex.org/W739465865,https://openalex.org/W753250510,0.942729651927948,0.7358539460709996,0,normal
https://openalex.org/W739465865,https://openalex.org/W520412074,0.9435061812400818,0.730331233411586,0,normal
https://openalex.org/W739465865,https://openalex.org/W998641904,0.9428702592849731,0.7348593340302196,0,normal
https://openalex.org/W739465865,https://openalex.org/W222543423,0.9430345892906189,0.7336938861558365,0,normal
https://openalex.org/W739465865,https://openalex.org/W414703735,0.9433751702308655,0.7312680799162667,0,normal
https://openalex.org/W739465865,https://openalex.org/W727149452,0.9436982870101929,0.7289537852451556,0,normal
https://openalex.org/W739465865,https://openalex.org/W461108489,0.9438467025756836,0.7278865859658702,0,normal
https://openalex.org/W739465865,https://openalex.org/W101742283,0.9436142444610596,0.7295569356405728,0,normal
https://openalex.org/W739465865,https://openalex.org/W485237573,0.9997157454490662,0.2598338768996254,0,normal
https://openalex.org/W739465865,https://openalex.org/W379247503,0.9997565746307373,0.2595485597690679,0,normal
https://openalex.org/W739465865,https://openalex.org/W46332083,0.9997272491455078,0.2597534676862457,0,normal
https://openalex.org/W739465865,https://openalex.org/W972297439,0.9997861981391907,0.25934167607222813,0,normal
https://openalex.org/W739465865,https://openalex.org/W912516311,0.9997743368148804,0.25942449993849587,0,normal
https://openalex.org/W739465865,https://openalex.org/W526067545,0.9997339248657227,0.25970681275174345,0,normal
https://openalex.org/W739465865,https://openalex.org/W763767729,0.9996134638786316,0.26054952060191067,0,normal
https://openalex.org/W739465865,https://openalex.org/W655324685,0.9995607733726501,0.2609186833447087,0,normal
https://openalex.org/W739465865,https://openalex.org/W892421272,0.9993758797645569,0.26221676818265216,0,normal
https://openalex.org/W739465865,https://openalex.org/W927523660,0.999191403388977,0.2635160651350519,0,normal
https://openalex.org/W739465865,https://openalex.org/W983782958,0.9989960789680481,0.2648962648007654,0,normal
https://openalex.org/W739465865,https://openalex.org/W135429719,0.999504566192627,0.26131285761633033,0,normal
https://openalex.org/W739465865,https://openalex.org/W85054999,0.9991177916526794,0.26403567705727876,0,normal
https://openalex.org/W739465865,https://openalex.org/W107558930,0.9995492696762085,0.2609993260834106,0,normal
https://openalex.org/W739465865,https://openalex.org/W26295654,0.9992265701293945,0.26326806140651143,0,normal
https://openalex.org/W739465865,https://openalex.org/W765801405,0.9989458918571472,0.26525164226275366,0,normal
https://openalex.org/W739465865,https://openalex.org/W387547345,0.9993726015090942,0.26223982139126795,0,normal
https://openalex.org/W739465865,https://openalex.org/W500318522,0.9993552565574646,0.26236181556089416,0,normal
https://openalex.org/W739465865,https://openalex.org/W869647018,0.9994592666625977,0.26163081775381863,0,normal
https://openalex.org/W739465865,https://openalex.org/W601966386,0.9994104504585266,0.2619737411547589,0,normal
https://openalex.org/W759666057,https://openalex.org/W85923484,0.9425109624862671,0.737396125357785,0,normal
https://openalex.org/W759666057,https://openalex.org/W291178543,0.9426288604736328,0.7365654395342685,0,normal
https://openalex.org/W759666057,https://openalex.org/W77917673,0.9437888860702515,0.7283026349315035,0,normal
https://openalex.org/W759666057,https://openalex.org/W556733401,0.9436556100845337,0.7292601714479531,0,normal
https://openalex.org/W759666057,https://openalex.org/W537413728,0.9444156885147095,0.7237709362551321,0,normal
https://openalex.org/W759666057,https://openalex.org/W237884500,0.9449508190155029,0.7198652446536119,0,normal
https://openalex.org/W759666057,https://openalex.org/W569398880,0.9441368579864502,0.7257926065360031,0,normal
https://openalex.org/W759666057,https://openalex.org/W425739353,0.9429116249084473,0.7345662713746323,0,normal
https://openalex.org/W759666057,https://openalex.org/W873100341,0.9440159797668457,0.7266661720050116,0,normal
https://openalex.org/W759666057,https://openalex.org/W70306005,0.9439999461174011,0.7267819138424344,0,normal
https://openalex.org/W759666057,https://openalex.org/W334756270,0.945144534111023,0.7184431130971052,0,normal
https://openalex.org/W759666057,https://openalex.org/W455378056,0.9440621733665466,0.7263325440824807,0,normal
https://openalex.org/W759666057,https://openalex.org/W365667930,0.9422577619552612,0.7391744159624108,0,normal
https://openalex.org/W759666057,https://openalex.org/W715039643,0.9411231279373169,0.7470469776179407,0,normal
https://openalex.org/W759666057,https://openalex.org/W326450296,0.9400051832199097,0.7546484528631483,0,normal
https://openalex.org/W759666057,https://openalex.org/W721100110,0.9412996768951416,0.7458323936121073,0,normal
https://openalex.org/W759666057,https://openalex.org/W388978333,0.9441045522689819,0.7260262442499228,0,normal
https://openalex.org/W759666057,https://openalex.org/W753250510,0.9435439705848694,0.7300606231373978,0,normal
https://openalex.org/W759666057,https://openalex.org/W520412074,0.9441496133804321,0.7257003243065735,0,normal
https://openalex.org/W759666057,https://openalex.org/W524038184,0.9438107013702393,0.7281456983658511,0,normal
https://openalex.org/W759666057,https://openalex.org/W998641904,0.943476676940918,0.7305423953114141,0,normal
https://openalex.org/W759666057,https://openalex.org/W222543423,0.9436416625976562,0.729360256026218,0,normal
https://openalex.org/W759666057,https://openalex.org/W414703735,0.9437211155891418,0.7287898049165843,0,normal
https://openalex.org/W759666057,https://openalex.org/W164672907,0.9435641765594482,0.7299158575361949,0,normal
https://openalex.org/W759666057,https://openalex.org/W727149452,0.9443588256835938,0.7241839695462984,0,normal
https://openalex.org/W759666057,https://openalex.org/W461108489,0.9445773363113403,0.7225946921031084,0,normal
https://openalex.org/W759666057,https://openalex.org/W101742283,0.9441177845001221,0.7259305626100929,0,normal
https://openalex.org/W759666057,https://openalex.org/W605605995,0.9426696300506592,0.7362777927441279,0,normal
https://openalex.org/W759666057,https://openalex.org/W485237573,0.9997155666351318,0.2598351269112587,0,normal
https://openalex.org/W759666057,https://openalex.org/W379247503,0.9997602701187134,0.2595227454893085,0,normal
https://openalex.org/W759666057,https://openalex.org/W739465865,0.9998182058334351,0.25911826225859186,0,normal
https://openalex.org/W759666057,https://openalex.org/W46332083,0.9997642040252686,0.25949526760466957,0,normal
https://openalex.org/W759666057,https://openalex.org/W972297439,0.9998546838760376,0.2588637980367809,0,normal
https://openalex.org/W759666057,https://openalex.org/W912516311,0.9997884035110474,0.25932627855453094,0,normal
https://openalex.org/W759666057,https://openalex.org/W691259760,0.9998019933700562,0.25923140966459496,0,normal
https://openalex.org/W759666057,https://openalex.org/W526067545,0.9996609091758728,0.2602173966674343,0,normal
https://openalex.org/W759666057,https://openalex.org/W763767729,0.9997819662094116,0.25937122432405324,0,normal
https://openalex.org/W759666057,https://openalex.org/W655324685,0.9995832443237305,0.26076120491589666,0,normal
https://openalex.org/W759666057,https://openalex.org/W39369868,0.9994512796401978,0.2616869050437862,0,normal
https://openalex.org/W759666057,https://openalex.org/W892421272,0.9993499517440796,0.26239913379362007,0,normal
https://openalex.org/W759666057,https://openalex.org/W927523660,0.9992713928222656,0.2629521792526602,0,normal
https://openalex.org/W759666057,https://openalex.org/W983782958,0.9990324974060059,0.2646385747710516,0,normal
https://openalex.org/W759666057,https://openalex.org/W417776810,0.9991338849067688,0.2639220215904781,0,normal
https://openalex.org/W759666057,https://openalex.org/W135429719,0.9996001720428467,0.26064261458629195,0,normal
https://openalex.org/W759666057,https://openalex.org/W85054999,0.9992544651031494,0.2630714465178181,0,normal
https://openalex.org/W759666057,https://openalex.org/W107558930,0.9995467662811279,0.26101687741618357,0,normal
https://openalex.org/W759666057,https://openalex.org/W213569326,0.9995795488357544,0.26078709899796404,0,normal
https://openalex.org/W759666057,https://openalex.org/W26295654,0.999193012714386,0.2635047125366223,0,normal
https://openalex.org/W759666057,https://openalex.org/W765801405,0.9989428520202637,0.26527317728333,0,normal
https://openalex.org/W759666057,https://openalex.org/W387547345,0.999206006526947,0.2634130623228734,0,normal
https://openalex.org/W759666057,https://openalex.org/W210408571,0.9994785785675049,0.26149523578519845,0,normal
https://openalex.org/W759666057,https://openalex.org/W500318522,0.9993591904640198,0.26233414357418805,0,normal
https://openalex.org/W759666057,https://openalex.org/W869647018,0.9995215535163879,0.26119368696632234,0,normal
https://openalex.org/W759666057,https://openalex.org/W601966386,0.9993287324905396,0.26254844091834906,0,normal
https://openalex.org/W759666057,https://openalex.org/W811675919,0.999217689037323,0.26333067869724763,0,normal
https://openalex.org/W567040765,https://openalex.org/W85923484,0.9423263072967529,0.7386937750307077,0,normal
https://openalex.org/W567040765,https://openalex.org/W291178543,0.9424355030059814,0.7379269118534473,0,normal
https://openalex.org/W567040765,https://openalex.org/W77917673,0.9435763955116272,0.7298282911889044,0,normal
https://openalex.org/W567040765,https://openalex.org/W556733401,0.9432964324951172,0.7318301340914071,0,normal
https://openalex.org/W567040765,https://openalex.org/W945731721,0.9446734189987183,0.7218940777534136,0,normal
https://openalex.org/W567040765,https://openalex.org/W537413728,0.9442843198776245,0.7247245766030118,0,normal
https://openalex.org/W567040765,https://openalex.org/W237884500,0.9447816610336304,0.7211034984114423,0,normal
https://openalex.org/W567040765,https://openalex.org/W569398880,0.9440135359764099,0.7266838149298559,0,normal
https://openalex.org/W567040765,https://openalex.org/W425739353,0.9427950978279114,0.7353913001196559,0,normal
https://openalex.org/W567040765,https://openalex.org/W12844123,0.9428473114967346,0.7350218227948135,0,normal
https://openalex.org/W567040765,https://openalex.org/W873100341,0.9438142776489258,0.7281199656412283,0,normal
https://openalex.org/W567040765,https://openalex.org/W70306005,0.9436936378479004,0.7289871730822424,0,normal
https://openalex.org/W567040765,https://openalex.org/W334756270,0.9451343417167664,0.7185180484308195,0,normal
https://openalex.org/W567040765,https://openalex.org/W455378056,0.9438498616218567,0.7278638419030751,0,normal
https://openalex.org/W567040765,https://openalex.org/W788534703,0.9440286159515381,0.7265749338401144,0,normal
https://openalex.org/W567040765,https://openalex.org/W365667930,0.9421307444572449,0.7400635508200128,0,normal
https://openalex.org/W567040765,https://openalex.org/W715039643,0.9410384297370911,0.7476283019202379,0,normal
https://openalex.org/W567040765,https://openalex.org/W326450296,0.939861536026001,0.7556139247428996,0,normal
https://openalex.org/W567040765,https://openalex.org/W721100110,0.9411720633506775,0.7467107070499259,0,normal
https://openalex.org/W567040765,https://openalex.org/W666913073,0.9423238039016724,0.7387113389404792,0,normal
https://openalex.org/W567040765,https://openalex.org/W388978333,0.9440333843231201,0.7265404994081528,0,normal
https://openalex.org/W567040765,https://openalex.org/W753250510,0.9434268474578857,0.7308987872438516,0,normal
https://openalex.org/W567040765,https://openalex.org/W520412074,0.9439514875411987,0.7271315349857153,0,normal
https://openalex.org/W567040765,https://openalex.org/W524038184,0.9435993432998657,0.7296637890014306,0,normal
https://openalex.org/W567040765,https://openalex.org/W516247359,0.9439140558242798,0.7274014076267193,0,normal
https://openalex.org/W567040765,https://openalex.org/W998641904,0.9433495998382568,0.7314506909166545,0,normal
https://openalex.org/W567040765,https://openalex.org/W222543423,0.9434930682182312,0.7304250960297521,0,normal
https://openalex.org/W567040765,https://openalex.org/W414703735,0.9436487555503845,0.7293093612212862,0,normal
https://openalex.org/W567040765,https://openalex.org/W164672907,0.9432076215744019,0.7324631992363064,0,normal
https://openalex.org/W567040765,https://openalex.org/W135055795,0.9443920850753784,0.723942430458631,0,normal
https://openalex.org/W567040765,https://openalex.org/W727149452,0.9442461729049683,0.7250011129188974,0,normal
https://openalex.org/W567040765,https://openalex.org/W461108489,0.944438099861145,0.7236080424190524,0,normal
https://openalex.org/W567040765,https://openalex.org/W101742283,0.9440103769302368,0.7267066205847206,0,normal
https://openalex.org/W567040765,https://openalex.org/W605605995,0.9424805045127869,0.7376104518492373,0,normal
https://openalex.org/W567040765,https://openalex.org/W485237573,0.9997252821922302,0.25976721526702107,0,normal
https://openalex.org/W567040765,https://openalex.org/W379247503,0.9997625350952148,0.25950692465825564,0,normal
https://openalex.org/W567040765,https://openalex.org/W739465865,0.9998130798339844,0.2591540333342273,0,normal
https://openalex.org/W567040765,https://openalex.org/W759666057,0.9998987913131714,0.258556329803404,0,normal
https://openalex.org/W567040765,https://openalex.org/W46332083,0.9998048543930054,0.25921144014170655,0,normal
https://openalex.org/W567040765,https://openalex.org/W972297439,0.999875545501709,0.25871834422364903,0,normal
https://openalex.org/W567040765,https://openalex.org/W912516311,0.9998335838317871,0.25901096829718256,0,normal
https://openalex.org/W567040765,https://openalex.org/W691259760,0.9998385310173035,0.25897645739194264,0,normal
https://openalex.org/W567040765,https://openalex.org/W120977504,0.999783992767334,0.25935707418402437,0,normal
https://openalex.org/W567040765,https://openalex.org/W526067545,0.9996565580368042,0.26024784383633154,0,normal
https://openalex.org/W567040765,https://openalex.org/W763767729,0.9996926188468933,0.25999557745438495,0,normal
https://openalex.org/W567040765,https://openalex.org/W655324685,0.9996923804283142,0.25999724481030356,0,normal
https://openalex.org/W567040765,https://openalex.org/W39369868,0.9994209408760071,0.2619000237617447,0,normal
https://openalex.org/W567040765,https://openalex.org/W228645413,0.9995728731155396,0.2608338796225714,0,normal
https://openalex.org/W567040765,https://openalex.org/W892421272,0.9993879795074463,0.2621316921947094,0,normal
https://openalex.org/W567040765,https://openalex.org/W927523660,0.9993259906768799,0.26256773740287886,0,normal
https://openalex.org/W567040765,https://openalex.org/W983782958,0.9990610480308533,0.2644366681557588,0,normal
https://openalex.org/W567040765,https://openalex.org/W417776810,0.9991843700408936,0.2635656838807795,0,normal
https://openalex.org/W567040765,https://openalex.org/W311676011,0.9994525909423828,0.26167769615019504,0,normal
https://openalex.org/W567040765,https://openalex.org/W135429719,0.9996829032897949,0.26006352782529085,0,normal
https://openalex.org/W567040765,https://openalex.org/W85054999,0.9993036389350891,0.26272507976624954,0,normal
https://openalex.org/W567040765,https://openalex.org/W107558930,0.9995514750480652,0.26098386482749414,0,normal
https://openalex.org/W567040765,https://openalex.org/W213569326,0.9995663166046143,0.2608798301643797,0,normal
https://openalex.org/W567040765,https://openalex.org/W672623334,0.9993946552276611,0.2620847613374315,0,normal
https://openalex.org/W567040765,https://openalex.org/W26295654,0.9992445111274719,0.2631415952682655,0,normal
https://openalex.org/W567040765,https://openalex.org/W765801405,0.9989705681800842,0.265076869911776,0,normal
https://openalex.org/W567040765,https://openalex.org/W387547345,0.9992886781692505,0.26283042815313984,0,normal
https://openalex.org/W567040765,https://openalex.org/W210408571,0.99940025806427,0.26204537712149334,0,normal
https://openalex.org/W567040765,https://openalex.org/W365505908,0.999567985534668,0.260868133165902,0,normal
https://openalex.org/W567040765,https://openalex.org/W500318522,0.9994267821311951,0.26185898237813077,0,normal
https://openalex.org/W567040765,https://openalex.org/W869647018,0.9995566606521606,0.26094751231690083,0,normal
https://openalex.org/W567040765,https://openalex.org/W601966386,0.9993875026702881,0.2621350446061256,0,normal
https://openalex.org/W567040765,https://openalex.org/W811675919,0.9992160201072693,0.2633424467729605,0,normal
https://openalex.org/W164865427,https://openalex.org/W85923484,0.9426358938217163,0.7365158306449522,0,normal
https://openalex.org/W164865427,https://openalex.org/W291178543,0.9427074193954468,0.7360109928145601,0,normal
https://openalex.org/W164865427,https://openalex.org/W77917673,0.9438140988349915,0.7281212523137073,0,normal
https://openalex.org/W164865427,https://openalex.org/W556733401,0.943560004234314,0.7299457541448169,0,normal
https://openalex.org/W164865427,https://openalex.org/W945731721,0.9448516964912415,0.7205912389813629,0,normal
https://openalex.org/W164865427,https://openalex.org/W615774397,0.9445809125900269,0.7225686341381798,0,normal
https://openalex.org/W164865427,https://openalex.org/W537413728,0.9447357058525085,0.7214393146724741,0,normal
https://openalex.org/W164865427,https://openalex.org/W237884500,0.9451476335525513,0.7184203233389271,0,normal
https://openalex.org/W164865427,https://openalex.org/W569398880,0.9443650245666504,0.724138961430573,0,normal
https://openalex.org/W164865427,https://openalex.org/W425739353,0.9430798888206482,0.7333720433377784,0,normal
https://openalex.org/W164865427,https://openalex.org/W12844123,0.943229615688324,0.7323065084191978,0,normal
https://openalex.org/W164865427,https://openalex.org/W568875334,0.9437288045883179,0.728734559923547,0,normal
https://openalex.org/W164865427,https://openalex.org/W873100341,0.9442051649093628,0.7252981970688972,0,normal
https://openalex.org/W164865427,https://openalex.org/W70306005,0.9440677165985107,0.7262924916814182,0,normal
https://openalex.org/W164865427,https://openalex.org/W334756270,0.9453688859939575,0.7167905912104099,0,normal
https://openalex.org/W164865427,https://openalex.org/W455378056,0.9444230794906616,0.7237172225083481,0,normal
https://openalex.org/W164865427,https://openalex.org/W788534703,0.9443715810775757,0.7240913517454717,0,normal
https://openalex.org/W164865427,https://openalex.org/W638373465,0.9442000985145569,0.7253348869376864,0,normal
https://openalex.org/W164865427,https://openalex.org/W365667930,0.9425659775733948,0.7370087099385783,0,normal
https://openalex.org/W164865427,https://openalex.org/W715039643,0.9413902759552002,0.7452076188013308,0,normal
https://openalex.org/W164865427,https://openalex.org/W326450296,0.940355658531189,0.7522820797508256,0,normal
https://openalex.org/W164865427,https://openalex.org/W721100110,0.9415024518966675,0.7444326498232152,0,normal
https://openalex.org/W164865427,https://openalex.org/W666913073,0.9425635933876038,0.7370255069571225,0,normal
https://openalex.org/W164865427,https://openalex.org/W532600448,0.9424874186515808,0.7375618083666131,0,normal
https://openalex.org/W164865427,https://openalex.org/W388978333,0.9441269636154175,0.7258641766424319,0,normal
https://openalex.org/W164865427,https://openalex.org/W753250510,0.9439979195594788,0.7267965407448149,0,normal
https://openalex.org/W164865427,https://openalex.org/W520412074,0.9443067312240601,0.724562031119834,0,normal
https://openalex.org/W164865427,https://openalex.org/W524038184,0.9440023303031921,0.7267647050963141,0,normal
https://openalex.org/W164865427,https://openalex.org/W516247359,0.9442920088768005,0.7246688163727545,0,normal
https://openalex.org/W164865427,https://openalex.org/W150888063,0.943540096282959,0.7300883749654808,0,normal
https://openalex.org/W164865427,https://openalex.org/W998641904,0.943805456161499,0.728183436934408,0,normal
https://openalex.org/W164865427,https://openalex.org/W222543423,0.9439374804496765,0.7272325419005651,0,normal
https://openalex.org/W164865427,https://openalex.org/W414703735,0.9439839124679565,0.7268976250890596,0,normal
https://openalex.org/W164865427,https://openalex.org/W164672907,0.94357830286026,0.729814620682357,0,normal
https://openalex.org/W164865427,https://openalex.org/W135055795,0.9445903897285461,0.7224995732388947,0,normal
https://openalex.org/W164865427,https://openalex.org/W101479238,0.9433989524841309,0.7310981684380488,0,normal
https://openalex.org/W164865427,https://openalex.org/W727149452,0.944562554359436,0.7227023823593306,0,normal
https://openalex.org/W164865427,https://openalex.org/W461108489,0.9447921514511108,0.721026805170066,0,normal
https://openalex.org/W164865427,https://openalex.org/W101742283,0.94431471824646,0.7245040882990287,0,normal
https://openalex.org/W164865427,https://openalex.org/W605605995,0.9426947236061096,0.7361006467971788,0,normal
https://openalex.org/W164865427,https://openalex.org/W485237573,0.999617338180542,0.26052238963762464,0,normal
https://openalex.org/W164865427,https://openalex.org/W379247503,0.999629557132721,0.26043683473700424,0,normal
https://openalex.org/W164865427,https://openalex.org/W739465865,0.9996663928031921,0.2601790281819506,0,normal
https://openalex.org/W164865427,https://openalex.org/W759666057,0.9997631311416626,0.25950276138578543,0,normal
https://openalex.org/W164865427,https://openalex.org/W567040765,0.9998164176940918,0.2591307401761347,0,normal
https://openalex.org/W164865427,https://openalex.org/W46332083,0.9997932314872742,0.2592925725492435,0,normal
https://openalex.org/W164865427,https://openalex.org/W972297439,0.9998167157173157,0.25912866049607836,0,normal
https://openalex.org/W164865427,https://openalex.org/W912516311,0.9997646808624268,0.2594919370804056,0,normal
https://openalex.org/W164865427,https://openalex.org/W691259760,0.9997285008430481,0.25974471947164235,0,normal
https://openalex.org/W164865427,https://openalex.org/W120977504,0.9997313618659973,0.259724724270721,0,normal
https://openalex.org/W164865427,https://openalex.org/W971757993,0.9996987581253052,0.2599526454283087,0,normal
https://openalex.org/W164865427,https://openalex.org/W526067545,0.9996166229248047,0.26052739829330446,0,normal
https://openalex.org/W164865427,https://openalex.org/W763767729,0.9996586441993713,0.26023324559048167,0,normal
https://openalex.org/W164865427,https://openalex.org/W655324685,0.9995754957199097,0.26081550087243094,0,normal
https://openalex.org/W164865427,https://openalex.org/W39369868,0.9995410442352295,0.2610569976147191,0,normal
https://openalex.org/W164865427,https://openalex.org/W228645413,0.9995220303535461,0.2611903423322628,0,normal
https://openalex.org/W164865427,https://openalex.org/W466940171,0.9995673298835754,0.26087272837483216,0,normal
https://openalex.org/W164865427,https://openalex.org/W892421272,0.9993864297866821,0.2621425876328795,0,normal
https://openalex.org/W164865427,https://openalex.org/W927523660,0.9992561936378479,0.26305926622371345,0,normal
https://openalex.org/W164865427,https://openalex.org/W983782958,0.9990981221199036,0.26417463190909396,0,normal
https://openalex.org/W164865427,https://openalex.org/W417776810,0.9991092681884766,0.2640958850716621,0,normal
https://openalex.org/W164865427,https://openalex.org/W311676011,0.9993263483047485,0.2625652204183231,0,normal
https://openalex.org/W164865427,https://openalex.org/W784383996,0.9993844032287598,0.2621568359541085,0,normal
https://openalex.org/W164865427,https://openalex.org/W135429719,0.999471127986908,0.2615475382661579,0,normal
https://openalex.org/W164865427,https://openalex.org/W85054999,0.9994198083877563,0.26190798124496767,0,normal
https://openalex.org/W164865427,https://openalex.org/W107558930,0.9995110034942627,0.26126769407762185,0,normal
https://openalex.org/W164865427,https://openalex.org/W213569326,0.9995677471160889,0.26086980414490757,0,normal
https://openalex.org/W164865427,https://openalex.org/W672623334,0.9993810653686523,0.26218030486568394,0,normal
https://openalex.org/W164865427,https://openalex.org/W901693008,0.9992542862892151,0.2630727065689406,0,normal
https://openalex.org/W164865427,https://openalex.org/W26295654,0.9992511868476868,0.2630945480716732,0,normal
https://openalex.org/W164865427,https://openalex.org/W765801405,0.9989873766899109,0.2649578642401181,0,normal
https://openalex.org/W164865427,https://openalex.org/W387547345,0.9992279410362244,0.26325839650281563,0,normal
https://openalex.org/W164865427,https://openalex.org/W210408571,0.9993634223937988,0.2623043773247354,0,normal
https://openalex.org/W164865427,https://openalex.org/W365505908,0.9994160532951355,0.2619343677001369,0,normal
https://openalex.org/W164865427,https://openalex.org/W412780848,0.999040961265564,0.2645787090753668,0,normal
https://openalex.org/W164865427,https://openalex.org/W500318522,0.9993519186973572,0.26238529629717683,0,normal
https://openalex.org/W164865427,https://openalex.org/W869647018,0.9994960427284241,0.26137266524933356,0,normal
https://openalex.org/W164865427,https://openalex.org/W601966386,0.9993143081665039,0.2626499674416472,0,normal
https://openalex.org/W164865427,https://openalex.org/W811675919,0.9990899562835693,0.26423233299368415,0,normal
https://openalex.org/W46332083,https://openalex.org/W85923484,0.9424901604652405,0.7375425171012268,0,normal
https://openalex.org/W46332083,https://openalex.org/W537413728,0.9449247121810913,0.7200565683755259,0,normal
https://openalex.org/W46332083,https://openalex.org/W873100341,0.9442523717880249,0.7249561875026121,0,normal
https://openalex.org/W46332083,https://openalex.org/W365667930,0.9424170255661011,0.7380567777756438,0,normal
https://openalex.org/W46332083,https://openalex.org/W388978333,0.9440869092941284,0.726153787411386,0,normal
https://openalex.org/W46332083,https://openalex.org/W998641904,0.9437569379806519,0.728532363003993,0,normal
https://openalex.org/W46332083,https://openalex.org/W727149452,0.9447367191314697,0.7214319128402635,0,normal
https://openalex.org/W46332083,https://openalex.org/W485237573,0.9996107816696167,0.2605683046490913,0,normal
https://openalex.org/W46332083,https://openalex.org/W526067545,0.9997450113296509,0.25962934425537804,0,normal
https://openalex.org/W46332083,https://openalex.org/W892421272,0.9993780851364136,0.26220126039550096,0,normal
https://openalex.org/W46332083,https://openalex.org/W135429719,0.9995526075363159,0.2609759254938788,0,normal
https://openalex.org/W46332083,https://openalex.org/W26295654,0.9993304014205933,0.26253669567925,0,normal
https://openalex.org/W46332083,https://openalex.org/W500318522,0.9995736479759216,0.26082844945007566,0,normal
https://openalex.org/W972297439,https://openalex.org/W85923484,0.941963255405426,0.741232980368934,0,normal
https://openalex.org/W972297439,https://openalex.org/W291178543,0.9420374035835266,0.7407156912110312,0,normal
https://openalex.org/W972297439,https://openalex.org/W537413728,0.9440146684646606,0.7266756390286291,0,normal
https://openalex.org/W972297439,https://openalex.org/W237884500,0.944573163986206,0.7226250911562863,0,normal
https://openalex.org/W972297439,https://openalex.org/W873100341,0.943560779094696,0.7299402020751569,0,normal
https://openalex.org/W972297439,https://openalex.org/W70306005,0.9434303641319275,0.7308736449515809,0,normal
https://openalex.org/W972297439,https://openalex.org/W365667930,0.9418215751647949,0.7422195320231779,0,normal
https://openalex.org/W972297439,https://openalex.org/W715039643,0.9406049251556396,0.7505897687309505,0,normal
https://openalex.org/W972297439,https://openalex.org/W388978333,0.9435756206512451,0.7298338447077515,0,normal
https://openalex.org/W972297439,https://openalex.org/W753250510,0.943056583404541,0.7335376539117511,0,normal
https://openalex.org/W972297439,https://openalex.org/W998641904,0.9431692361831665,0.7327365255489288,0,normal
https://openalex.org/W972297439,https://openalex.org/W222543423,0.9434501528739929,0.7307321386213004,0,normal
https://openalex.org/W972297439,https://openalex.org/W727149452,0.9440022706985474,0.7267651353232106,0,normal
https://openalex.org/W972297439,https://openalex.org/W461108489,0.9442979097366333,0.7246260188884239,0,normal
https://openalex.org/W972297439,https://openalex.org/W485237573,0.9997442960739136,0.2596343417700615,0,normal
https://openalex.org/W972297439,https://openalex.org/W379247503,0.9997494220733643,0.2595985276284047,0,normal
https://openalex.org/W972297439,https://openalex.org/W46332083,0.9998737573623657,0.2587308096083605,0,normal
https://openalex.org/W972297439,https://openalex.org/W526067545,0.9997564554214478,0.2595493925155345,0,normal
https://openalex.org/W972297439,https://openalex.org/W763767729,0.9997928142547607,0.259295485301494,0,normal
https://openalex.org/W972297439,https://openalex.org/W892421272,0.999437153339386,0.2617861232086324,0,normal
https://openalex.org/W972297439,https://openalex.org/W927523660,0.999279797077179,0.2628929784974063,0,normal
https://openalex.org/W972297439,https://openalex.org/W135429719,0.9996428489685059,0.26034378837076716,0,normal
https://openalex.org/W972297439,https://openalex.org/W85054999,0.9993278384208679,0.26255473314991523,0,normal
https://openalex.org/W972297439,https://openalex.org/W26295654,0.9993850588798523,0.26215222614848704,0,normal
https://openalex.org/W972297439,https://openalex.org/W765801405,0.9991902112960815,0.26352447466972656,0,normal
https://openalex.org/W972297439,https://openalex.org/W500318522,0.9995205998420715,0.26120037631750365,0,normal
https://openalex.org/W972297439,https://openalex.org/W869647018,0.9997081756591797,0.25988679747292215,0,normal
https://openalex.org/W912516311,https://openalex.org/W85923484,0.942639946937561,0.7364872397464985,0,normal
https://openalex.org/W912516311,https://openalex.org/W291178543,0.9427036046981812,0.7360379331531549,0,normal
https://openalex.org/W912516311,https://openalex.org/W77917673,0.9439162015914917,0.7273859417304002,0,normal
https://openalex.org/W912516311,https://openalex.org/W537413728,0.9446815252304077,0.7218349191160677,0,normal
https://openalex.org/W912516311,https://openalex.org/W237884500,0.9452210664749146,0.7178800534305757,0,normal
https://openalex.org/W912516311,https://openalex.org/W569398880,0.94466233253479,0.721974973365879,0,normal
https://openalex.org/W912516311,https://openalex.org/W873100341,0.9443942308425903,0.7239268427986889,0,normal
https://openalex.org/W912516311,https://openalex.org/W70306005,0.9441671967506409,0.7255730811571937,0,normal
https://openalex.org/W912516311,https://openalex.org/W334756270,0.9454696774482727,0.7160462787140645,0,normal
https://openalex.org/W912516311,https://openalex.org/W365667930,0.9427438974380493,0.7357532867889663,0,normal
https://openalex.org/W912516311,https://openalex.org/W715039643,0.9412792921066284,0.7459728286811466,0,normal
https://openalex.org/W912516311,https://openalex.org/W326450296,0.9402852654457092,0.7527585926881145,0,normal
https://openalex.org/W912516311,https://openalex.org/W388978333,0.9443337917327881,0.7243656868278008,0,normal
https://openalex.org/W912516311,https://openalex.org/W753250510,0.9438164234161377,0.7281045252738751,0,normal
https://openalex.org/W912516311,https://openalex.org/W520412074,0.9444090723991394,0.7238190132443206,0,normal
https://openalex.org/W912516311,https://openalex.org/W998641904,0.94392991065979,0.7272871188894768,0,normal
https://openalex.org/W912516311,https://openalex.org/W222543423,0.9440668225288391,0.726298951993166,0,normal
https://openalex.org/W912516311,https://openalex.org/W414703735,0.9442210793495178,0.7251829279147938,0,normal
https://openalex.org/W912516311,https://openalex.org/W727149452,0.9447131156921387,0.721604300636376,0,normal
https://openalex.org/W912516311,https://openalex.org/W461108489,0.9449417591094971,0.719931649149619,0,normal
https://openalex.org/W912516311,https://openalex.org/W101742283,0.9446625709533691,0.7219732338275352,0,normal
https://openalex.org/W912516311,https://openalex.org/W485237573,0.9996697306632996,0.2601556752474913,0,normal
https://openalex.org/W912516311,https://openalex.org/W379247503,0.9996740221977234,0.26012565204305926,0,normal
https://openalex.org/W912516311,https://openalex.org/W739465865,0.9997743368148804,0.25942449993849587,0,normal
https://openalex.org/W912516311,https://openalex.org/W46332083,0.9998178482055664,0.25912075781084365,0,normal
https://openalex.org/W912516311,https://openalex.org/W972297439,0.999923586845398,0.2583835872692542,0,normal
https://openalex.org/W912516311,https://openalex.org/W526067545,0.999809980392456,0.2591756639142666,0,normal
https://openalex.org/W912516311,https://openalex.org/W763767729,0.9997760653495789,0.2594124290592037,0,normal
https://openalex.org/W912516311,https://openalex.org/W655324685,0.99969482421875,0.2599801547409462,0,normal
https://openalex.org/W912516311,https://openalex.org/W892421272,0.9995392560958862,0.26106953599461113,0,normal
https://openalex.org/W912516311,https://openalex.org/W927523660,0.9992337226867676,0.26321763833081896,0,normal
https://openalex.org/W912516311,https://openalex.org/W983782958,0.9991000890731812,0.2641607343147929,0,normal
https://openalex.org/W912516311,https://openalex.org/W135429719,0.9996516108512878,0.26028246465553506,0,normal
https://openalex.org/W912516311,https://openalex.org/W85054999,0.9993400573730469,0.2624687477242977,0,normal
https://openalex.org/W912516311,https://openalex.org/W107558930,0.9996373653411865,0.2603821726019225,0,normal
https://openalex.org/W912516311,https://openalex.org/W26295654,0.9993810057640076,0.26218072396569936,0,normal
https://openalex.org/W912516311,https://openalex.org/W765801405,0.9990938901901245,0.26420453438263486,0,normal
https://openalex.org/W912516311,https://openalex.org/W387547345,0.9994214773178101,0.26189625448202974,0,normal
https://openalex.org/W912516311,https://openalex.org/W500318522,0.9994962215423584,0.2613714104529213,0,normal
https://openalex.org/W912516311,https://openalex.org/W869647018,0.9996256828308105,0.2604639599298005,0,normal
https://openalex.org/W912516311,https://openalex.org/W601966386,0.9995554685592651,0.26095586892592,0,normal
https://openalex.org/W691259760,https://openalex.org/W85923484,0.9431483745574951,0.7328849980351677,0,normal
https://openalex.org/W691259760,https://openalex.org/W291178543,0.9431749582290649,0.7326957925064229,0,normal
https://openalex.org/W691259760,https://openalex.org/W77917673,0.9443291425704956,0.7243994261560138,0,normal
https://openalex.org/W691259760,https://openalex.org/W556733401,0.9439983367919922,0.7267935293636875,0,normal
https://openalex.org/W691259760,https://openalex.org/W537413728,0.9450980424880981,0.7187848248339469,0,normal
https://openalex.org/W691259760,https://openalex.org/W237884500,0.9456193447113037,0.7149388591733928,0,normal
https://openalex.org/W691259760,https://openalex.org/W569398880,0.9449082016944885,0.7201775241060908,0,normal
https://openalex.org/W691259760,https://openalex.org/W425739353,0.9438409805297852,0.7279277797282494,0,normal
https://openalex.org/W691259760,https://openalex.org/W873100341,0.944847822189331,0.7206195917847957,0,normal
https://openalex.org/W691259760,https://openalex.org/W70306005,0.9446467161178589,0.722088898550522,0,normal
https://openalex.org/W691259760,https://openalex.org/W334756270,0.9459628462791443,0.7123874265555202,0,normal
https://openalex.org/W691259760,https://openalex.org/W455378056,0.9447941780090332,0.7210119879401659,0,normal
https://openalex.org/W691259760,https://openalex.org/W365667930,0.943055272102356,0.7335469702071531,0,normal
https://openalex.org/W691259760,https://openalex.org/W715039643,0.9420580267906189,0.7405716955594936,0,normal
https://openalex.org/W691259760,https://openalex.org/W326450296,0.9407500624656677,0.7496008592929656,0,normal
https://openalex.org/W691259760,https://openalex.org/W721100110,0.9421346783638,0.7400360426192533,0,normal
https://openalex.org/W691259760,https://openalex.org/W388978333,0.9449044466018677,0.7202050294323431,0,normal
https://openalex.org/W691259760,https://openalex.org/W753250510,0.9443432092666626,0.7242973352199646,0,normal
https://openalex.org/W691259760,https://openalex.org/W520412074,0.9449828863143921,0.7196301304403112,0,normal
https://openalex.org/W691259760,https://openalex.org/W524038184,0.9446464776992798,0.7220906376437504,0,normal
https://openalex.org/W691259760,https://openalex.org/W998641904,0.9444116353988647,0.7238003894391455,0,normal
https://openalex.org/W691259760,https://openalex.org/W222543423,0.9445997476577759,0.7224313706416929,0,normal
https://openalex.org/W691259760,https://openalex.org/W414703735,0.9447280764579773,0.7214950422379378,0,normal
https://openalex.org/W691259760,https://openalex.org/W164672907,0.9442088007926941,0.7252718648159396,0,normal
https://openalex.org/W691259760,https://openalex.org/W727149452,0.9452329874038696,0.717792287933563,0,normal
https://openalex.org/W691259760,https://openalex.org/W461108489,0.9453973770141602,0.7165803138626902,0,normal
https://openalex.org/W691259760,https://openalex.org/W101742283,0.9450226426124573,0.7193384740869038,0,normal
https://openalex.org/W691259760,https://openalex.org/W605605995,0.9436454772949219,0.7293328847782954,0,normal
https://openalex.org/W691259760,https://openalex.org/W485237573,0.9996801614761353,0.26008270608721223,0,normal
https://openalex.org/W691259760,https://openalex.org/W379247503,0.9996781349182129,0.2600968819137531,0,normal
https://openalex.org/W691259760,https://openalex.org/W739465865,0.9997471570968628,0.2596143520860976,0,normal
https://openalex.org/W691259760,https://openalex.org/W759666057,0.9998019933700562,0.25923140966459496,0,normal
https://openalex.org/W691259760,https://openalex.org/W46332083,0.999788761138916,0.2593237817157518,0,normal
https://openalex.org/W691259760,https://openalex.org/W972297439,0.999878466129303,0.25869798493608975,0,normal
https://openalex.org/W691259760,https://openalex.org/W912516311,0.9998840093612671,0.25865934670782126,0,normal
https://openalex.org/W691259760,https://openalex.org/W526067545,0.9998254776000977,0.25906752275254497,0,normal
https://openalex.org/W691259760,https://openalex.org/W763767729,0.9998049139976501,0.259211024120614,0,normal
https://openalex.org/W691259760,https://openalex.org/W655324685,0.9997385144233704,0.25967474064009055,0,normal
https://openalex.org/W691259760,https://openalex.org/W39369868,0.9995397329330444,0.2610661923885612,0,normal
https://openalex.org/W691259760,https://openalex.org/W892421272,0.9994596838951111,0.26162788803409004,0,normal
https://openalex.org/W691259760,https://openalex.org/W927523660,0.9994597434997559,0.26162746950442944,0,normal
https://openalex.org/W691259760,https://openalex.org/W983782958,0.9991180896759033,0.2640335720412143,0,normal
https://openalex.org/W691259760,https://openalex.org/W417776810,0.9992750883102417,0.2629261466585985,0,normal
https://openalex.org/W691259760,https://openalex.org/W135429719,0.9997507333755493,0.2595893663865613,0,normal
https://openalex.org/W691259760,https://openalex.org/W85054999,0.9993947744369507,0.26208392333564984,0,normal
https://openalex.org/W691259760,https://openalex.org/W107558930,0.9997261762619019,0.25976096630812384,0,normal
https://openalex.org/W691259760,https://openalex.org/W213569326,0.9997320771217346,0.25971972562661794,0,normal
https://openalex.org/W691259760,https://openalex.org/W26295654,0.9994001388549805,0.2620462150437933,0,normal
https://openalex.org/W691259760,https://openalex.org/W765801405,0.9991294145584106,0.26395358940538843,0,normal
https://openalex.org/W691259760,https://openalex.org/W387547345,0.9994479417800903,0.2617103468078622,0,normal
https://openalex.org/W691259760,https://openalex.org/W210408571,0.99952232837677,0.2611882519500357,0,normal
https://openalex.org/W691259760,https://openalex.org/W500318522,0.9995484352111816,0.2610051764428483,0,normal
https://openalex.org/W691259760,https://openalex.org/W869647018,0.999629557132721,0.26043683473700424,0,normal
https://openalex.org/W691259760,https://openalex.org/W601966386,0.9995037317276001,0.26131871251851346,0,normal
https://openalex.org/W691259760,https://openalex.org/W811675919,0.9994442462921143,0.261736301770621,0,normal
https://openalex.org/W120977504,https://openalex.org/W85923484,0.9430261850357056,0.7337535692442629,0,normal
https://openalex.org/W120977504,https://openalex.org/W291178543,0.9429618120193481,0.7342104335730593,0,normal
https://openalex.org/W120977504,https://openalex.org/W77917673,0.9440879821777344,0.7261460324645304,0,normal
https://openalex.org/W120977504,https://openalex.org/W556733401,0.9437395334243774,0.7286574620820663,0,normal
https://openalex.org/W120977504,https://openalex.org/W945731721,0.9450063109397888,0.7194583073325352,0,normal
https://openalex.org/W120977504,https://openalex.org/W537413728,0.9449069499969482,0.7201866927318755,0,normal
https://openalex.org/W120977504,https://openalex.org/W237884500,0.9454132914543152,0.716462816614989,0,normal
https://openalex.org/W120977504,https://openalex.org/W569398880,0.944713830947876,0.721599077726547,0,normal
https://openalex.org/W120977504,https://openalex.org/W425739353,0.9435182809829712,0.7302446055297069,0,normal
https://openalex.org/W120977504,https://openalex.org/W12844123,0.9437942504882812,0.7282640492393981,0,normal
https://openalex.org/W120977504,https://openalex.org/W873100341,0.9447258710861206,0.7215111497119573,0,normal
https://openalex.org/W120977504,https://openalex.org/W70306005,0.944474458694458,0.7233436469157543,0,normal
https://openalex.org/W120977504,https://openalex.org/W334756270,0.9457228779792786,0.7141712771328859,0,normal
https://openalex.org/W120977504,https://openalex.org/W455378056,0.9446412324905396,0.722128896001053,0,normal
https://openalex.org/W120977504,https://openalex.org/W788534703,0.9447922110557556,0.7210263693760731,0,normal
https://openalex.org/W120977504,https://openalex.org/W365667930,0.942870557308197,0.7348572233676334,0,normal
https://openalex.org/W120977504,https://openalex.org/W715039643,0.9416348338127136,0.7435160985659443,0,normal
https://openalex.org/W120977504,https://openalex.org/W326450296,0.9408724308013916,0.748765062481377,0,normal
https://openalex.org/W120977504,https://openalex.org/W721100110,0.9420549869537354,0.7405929236163983,0,normal
https://openalex.org/W120977504,https://openalex.org/W666913073,0.9431412816047668,0.7329354667377885,0,normal
https://openalex.org/W120977504,https://openalex.org/W388978333,0.9446398615837097,0.7221388948103188,0,normal
https://openalex.org/W120977504,https://openalex.org/W753250510,0.9442252516746521,0.7251527025677779,0,normal
https://openalex.org/W120977504,https://openalex.org/W520412074,0.9448058009147644,0.7209269974506387,0,normal
https://openalex.org/W120977504,https://openalex.org/W524038184,0.9444582462310791,0.7234615605972516,0,normal
https://openalex.org/W120977504,https://openalex.org/W516247359,0.9448158740997314,0.7208533261917299,0,normal
https://openalex.org/W120977504,https://openalex.org/W998641904,0.9444460868835449,0.7235499754815913,0,normal
https://openalex.org/W120977504,https://openalex.org/W222543423,0.9445184469223022,0.7230235630008327,0,normal
https://openalex.org/W120977504,https://openalex.org/W414703735,0.9446292519569397,0.7222162694134896,0,normal
https://openalex.org/W120977504,https://openalex.org/W164672907,0.944047212600708,0.7264406242637793,0,normal
https://openalex.org/W120977504,https://openalex.org/W135055795,0.9450362920761108,0.7192382975409705,0,normal
https://openalex.org/W120977504,https://openalex.org/W727149452,0.9450657367706299,0.7190221219570323,0,normal
https://openalex.org/W120977504,https://openalex.org/W461108489,0.9452332258224487,0.7177905324546312,0,normal
https://openalex.org/W120977504,https://openalex.org/W101742283,0.944835901260376,0.7207068201296193,0,normal
https://openalex.org/W120977504,https://openalex.org/W605605995,0.9431915283203125,0.7325778141635297,0,normal
https://openalex.org/W120977504,https://openalex.org/W485237573,0.999701976776123,0.2599301392134978,0,normal
https://openalex.org/W120977504,https://openalex.org/W379247503,0.9996544122695923,0.2602628597286919,0,normal
https://openalex.org/W120977504,https://openalex.org/W739465865,0.999713659286499,0.2598484606115004,0,normal
https://openalex.org/W120977504,https://openalex.org/W759666057,0.999748945236206,0.25960185904112887,0,normal
https://openalex.org/W120977504,https://openalex.org/W567040765,0.999783992767334,0.25935707418402437,0,normal
https://openalex.org/W120977504,https://openalex.org/W46332083,0.9997776746749878,0.2594011909823851,0,normal
https://openalex.org/W120977504,https://openalex.org/W972297439,0.9998629093170166,0.2588064413224423,0,normal
https://openalex.org/W120977504,https://openalex.org/W912516311,0.9998695850372314,0.25875989702640834,0,normal
https://openalex.org/W120977504,https://openalex.org/W691259760,0.9999077320098877,0.25849403416210714,0,normal
https://openalex.org/W120977504,https://openalex.org/W526067545,0.9998615980148315,0.25881558459226073,0,normal
https://openalex.org/W120977504,https://openalex.org/W763767729,0.9998168349266052,0.25912782862709466,0,normal
https://openalex.org/W120977504,https://openalex.org/W655324685,0.9997047781944275,0.2599105514999877,0,normal
https://openalex.org/W120977504,https://openalex.org/W39369868,0.9995632767677307,0.2609011362835757,0,normal
https://openalex.org/W120977504,https://openalex.org/W228645413,0.9996896386146545,0.26001641990188,0,normal
https://openalex.org/W120977504,https://openalex.org/W892421272,0.9994586110115051,0.2616354216419033,0,normal
https://openalex.org/W120977504,https://openalex.org/W927523660,0.9992896318435669,0.2628237119070592,0,normal
https://openalex.org/W120977504,https://openalex.org/W983782958,0.9993257522583008,0.2625694154012144,0,normal
https://openalex.org/W120977504,https://openalex.org/W417776810,0.9993515610694885,0.2623878121706517,0,normal
https://openalex.org/W120977504,https://openalex.org/W311676011,0.9996011853218079,0.2606355169771985,0,normal
https://openalex.org/W120977504,https://openalex.org/W135429719,0.9996978640556335,0.25995889737899674,0,normal
https://openalex.org/W120977504,https://openalex.org/W85054999,0.999455451965332,0.261657604744919,0,normal
https://openalex.org/W120977504,https://openalex.org/W107558930,0.9997457265853882,0.2596243468031559,0,normal
https://openalex.org/W120977504,https://openalex.org/W213569326,0.9997382760047913,0.2596764066604899,0,normal
https://openalex.org/W120977504,https://openalex.org/W672623334,0.9995986223220825,0.2606534699952,0,normal
https://openalex.org/W120977504,https://openalex.org/W26295654,0.9995437860488892,0.2610377728552784,0,normal
https://openalex.org/W120977504,https://openalex.org/W765801405,0.9992135763168335,0.26335967920775044,0,normal
https://openalex.org/W120977504,https://openalex.org/W387547345,0.9995181560516357,0.2612175182854097,0,normal
https://openalex.org/W120977504,https://openalex.org/W210408571,0.999542772769928,0.2610448775510135,0,normal
https://openalex.org/W120977504,https://openalex.org/W365505908,0.9995874762535095,0.26073155405957604,0,normal
https://openalex.org/W120977504,https://openalex.org/W500318522,0.999567449092865,0.2608718928784037,0,normal
https://openalex.org/W120977504,https://openalex.org/W869647018,0.9996421337127686,0.2603487948016626,0,normal
https://openalex.org/W120977504,https://openalex.org/W601966386,0.9995105266571045,0.2612710393519136,0,normal
https://openalex.org/W120977504,https://openalex.org/W811675919,0.9992680549621582,0.2629756939884206,0,normal
https://openalex.org/W971757993,https://openalex.org/W85923484,0.9429765939712524,0.7341055682373062,0,normal
https://openalex.org/W971757993,https://openalex.org/W291178543,0.9430978894233704,0.73324408445884,0,normal
https://openalex.org/W971757993,https://openalex.org/W77917673,0.9441176056861877,0.7259318557438569,0,normal
https://openalex.org/W971757993,https://openalex.org/W556733401,0.9437673687934875,0.7284573719026582,0,normal
https://openalex.org/W971757993,https://openalex.org/W945731721,0.9449754953384399,0.71968433101376,0,normal
https://openalex.org/W971757993,https://openalex.org/W615774397,0.9445077776908875,0.7231012195136878,0,normal
https://openalex.org/W971757993,https://openalex.org/W537413728,0.9449000954627991,0.7202368986155386,0,normal
https://openalex.org/W971757993,https://openalex.org/W237884500,0.945482075214386,0.7159546437078016,0,normal
https://openalex.org/W971757993,https://openalex.org/W569398880,0.9447466135025024,0.7213596297806347,0,normal
https://openalex.org/W971757993,https://openalex.org/W425739353,0.9435838460922241,0.7297748883000026,0,normal
https://openalex.org/W971757993,https://openalex.org/W12844123,0.9437658190727234,0.7284685142595154,0,normal
https://openalex.org/W971757993,https://openalex.org/W568875334,0.9445717930793762,0.7226350789686008,0,normal
https://openalex.org/W971757993,https://openalex.org/W873100341,0.944904625415802,0.7202037196923929,0,normal
https://openalex.org/W971757993,https://openalex.org/W70306005,0.9446325302124023,0.7221923629460154,0,normal
https://openalex.org/W971757993,https://openalex.org/W334756270,0.9459021091461182,0.7128395548414633,0,normal
https://openalex.org/W971757993,https://openalex.org/W455378056,0.9448554515838623,0.7205637568907478,0,normal
https://openalex.org/W971757993,https://openalex.org/W788534703,0.9448465704917908,0.7206287515447662,0,normal
https://openalex.org/W971757993,https://openalex.org/W638373465,0.9447464942932129,0.721360500729377,0,normal
https://openalex.org/W971757993,https://openalex.org/W365667930,0.9429616332054138,0.7342117019438118,0,normal
https://openalex.org/W971757993,https://openalex.org/W715039643,0.941859245300293,0.7419574660689259,0,normal
https://openalex.org/W971757993,https://openalex.org/W326450296,0.9408062696456909,0.7492171846302168,0,normal
https://openalex.org/W971757993,https://openalex.org/W721100110,0.9423654675483704,0.7384189259949653,0,normal
https://openalex.org/W971757993,https://openalex.org/W666913073,0.943290114402771,0.7318752022848612,0,normal
https://openalex.org/W971757993,https://openalex.org/W532600448,0.9430469274520874,0.7336062508635987,0,normal
https://openalex.org/W971757993,https://openalex.org/W388978333,0.9446271061897278,0.7222319165975807,0,normal
https://openalex.org/W971757993,https://openalex.org/W753250510,0.9443027973175049,0.7245905673443903,0,normal
https://openalex.org/W971757993,https://openalex.org/W520412074,0.9447661638259888,0.7212167715837698,0,normal
https://openalex.org/W971757993,https://openalex.org/W524038184,0.9445741176605225,0.7226181429822373,0,normal
https://openalex.org/W971757993,https://openalex.org/W516247359,0.9448880553245544,0.7203250730029183,0,normal
https://openalex.org/W971757993,https://openalex.org/W150888063,0.9441502690315247,0.7256955803055134,0,normal
https://openalex.org/W971757993,https://openalex.org/W998641904,0.9443721771240234,0.7240870233400992,0,normal
https://openalex.org/W971757993,https://openalex.org/W222543423,0.9448846578598022,0.7203499508187817,0,normal
https://openalex.org/W971757993,https://openalex.org/W414703735,0.9447716474533081,0.7211766935338982,0,normal
https://openalex.org/W971757993,https://openalex.org/W164672907,0.9442121982574463,0.725247257850987,0,normal
https://openalex.org/W971757993,https://openalex.org/W135055795,0.9451019763946533,0.7187559205430781,0,normal
https://openalex.org/W971757993,https://openalex.org/W101479238,0.9437627792358398,0.7284903695880222,0,normal
https://openalex.org/W971757993,https://openalex.org/W727149452,0.9451085329055786,0.7187077427065226,0,normal
https://openalex.org/W971757993,https://openalex.org/W461108489,0.9453788995742798,0.7167166969569938,0,normal
https://openalex.org/W971757993,https://openalex.org/W101742283,0.9448599815368652,0.7205306016903794,0,normal
https://openalex.org/W971757993,https://openalex.org/W605605995,0.9433095455169678,0.7317365810152081,0,normal
https://openalex.org/W971757993,https://openalex.org/W485237573,0.9995669722557068,0.26087523487450603,0,normal
https://openalex.org/W971757993,https://openalex.org/W379247503,0.9996005296707153,0.26064010953349853,0,normal
https://openalex.org/W971757993,https://openalex.org/W739465865,0.9995982050895691,0.2606563926553041,0,normal
https://openalex.org/W971757993,https://openalex.org/W759666057,0.9996407628059387,0.2603583906352568,0,normal
https://openalex.org/W971757993,https://openalex.org/W567040765,0.9996488094329834,0.2603020705395076,0,normal
https://openalex.org/W971757993,https://openalex.org/W164865427,0.9996987581253052,0.2599526454283087,0,normal
https://openalex.org/W971757993,https://openalex.org/W46332083,0.9996619820594788,0.26020988950123203,0,normal
https://openalex.org/W971757993,https://openalex.org/W972297439,0.999779224395752,0.2593903694296068,0,normal
https://openalex.org/W971757993,https://openalex.org/W912516311,0.9997646808624268,0.2594919370804056,0,normal
https://openalex.org/W971757993,https://openalex.org/W691259760,0.999803900718689,0.2592180965382186,0,normal
https://openalex.org/W971757993,https://openalex.org/W120977504,0.9998492002487183,0.25890204044134757,0,normal
https://openalex.org/W971757993,https://openalex.org/W526067545,0.9998363256454468,0.25899184140187054,0,normal
https://openalex.org/W971757993,https://openalex.org/W763767729,0.9998072981834412,0.259194383632845,0,normal
https://openalex.org/W971757993,https://openalex.org/W655324685,0.9997020959854126,0.2599293056742643,0,normal
https://openalex.org/W971757993,https://openalex.org/W39369868,0.9996045827865601,0.2606117200246798,0,normal
https://openalex.org/W971757993,https://openalex.org/W228645413,0.9996126294136047,0.26055536443372074,0,normal
https://openalex.org/W971757993,https://openalex.org/W466940171,0.9996837377548218,0.26005769114501265,0,normal
https://openalex.org/W971757993,https://openalex.org/W892421272,0.9994094967842102,0.26198044339957327,0,normal
https://openalex.org/W971757993,https://openalex.org/W927523660,0.9993226528167725,0.262591230007957,0,normal
https://openalex.org/W971757993,https://openalex.org/W983782958,0.9991734027862549,0.26364306745404137,0,normal
https://openalex.org/W971757993,https://openalex.org/W417776810,0.9994555711746216,0.2616567676246459,0,normal
https://openalex.org/W971757993,https://openalex.org/W311676011,0.9995912909507751,0.26070482839749215,0,normal
https://openalex.org/W971757993,https://openalex.org/W784383996,0.9995473027229309,0.26101311635203983,0,normal
https://openalex.org/W971757993,https://openalex.org/W135429719,0.9995807409286499,0.26077874588643624,0,normal
https://openalex.org/W971757993,https://openalex.org/W85054999,0.9994074106216431,0.2619951049456894,0,normal
https://openalex.org/W971757993,https://openalex.org/W107558930,0.9996103644371033,0.26057122669080696,0,normal
https://openalex.org/W971757993,https://openalex.org/W213569326,0.9997171759605408,0.25982387694705034,0,normal
https://openalex.org/W971757993,https://openalex.org/W672623334,0.9995428323745728,0.26104445962427314,0,normal
https://openalex.org/W971757993,https://openalex.org/W901693008,0.9994036555290222,0.26202149706233135,0,normal
https://openalex.org/W971757993,https://openalex.org/W26295654,0.9993972778320312,0.2620663256973619,0,normal
https://openalex.org/W971757993,https://openalex.org/W765801405,0.9993303418159485,0.2625371151462482,0,normal
https://openalex.org/W971757993,https://openalex.org/W387547345,0.9994845390319824,0.26145339866482026,0,normal
https://openalex.org/W971757993,https://openalex.org/W210408571,0.9995407462120056,0.2610590873176565,0,normal
https://openalex.org/W971757993,https://openalex.org/W365505908,0.999520480632782,0.2612012124941883,0,normal
https://openalex.org/W971757993,https://openalex.org/W412780848,0.9990742206573486,0.26434354618096817,0,normal
https://openalex.org/W971757993,https://openalex.org/W500318522,0.9994794130325317,0.2614893783280379,0,normal
https://openalex.org/W971757993,https://openalex.org/W869647018,0.9996141195297241,0.26054492907932414,0,normal
https://openalex.org/W971757993,https://openalex.org/W601966386,0.9994200468063354,0.2619063059723792,0,normal
https://openalex.org/W971757993,https://openalex.org/W811675919,0.9992297887802124,0.2632453702542833,0,normal
https://openalex.org/W526067545,https://openalex.org/W85923484,0.9426686763763428,0.7362845236260847,0,normal
https://openalex.org/W526067545,https://openalex.org/W537413728,0.9447968602180481,0.7209923761587418,0,normal
https://openalex.org/W526067545,https://openalex.org/W873100341,0.9448943734169006,0.720278805394769,0,normal
https://openalex.org/W526067545,https://openalex.org/W365667930,0.9429410099983215,0.7343579614622001,0,normal
https://openalex.org/W526067545,https://openalex.org/W388978333,0.9444860816001892,0.7232590941048951,0,normal
https://openalex.org/W526067545,https://openalex.org/W998641904,0.9442362785339355,0.7250728113571318,0,normal
https://openalex.org/W526067545,https://openalex.org/W727149452,0.9450249671936035,0.7193214149925224,0,normal
https://openalex.org/W526067545,https://openalex.org/W485237573,0.999527096748352,0.26115480730533935,0,normal
https://openalex.org/W526067545,https://openalex.org/W46332083,0.9997450113296509,0.25962934425537804,0,normal
https://openalex.org/W526067545,https://openalex.org/W892421272,0.9995315670967102,0.26112345546568594,0,normal
https://openalex.org/W526067545,https://openalex.org/W135429719,0.9996504783630371,0.2602903903231652,0,normal
https://openalex.org/W526067545,https://openalex.org/W26295654,0.9994632005691528,0.2616031955237784,0,normal
https://openalex.org/W526067545,https://openalex.org/W500318522,0.9995914697647095,0.2607035756755956,0,normal
https://openalex.org/W763767729,https://openalex.org/W85923484,0.9427231550216675,0.7358998452801538,0,normal
https://openalex.org/W763767729,https://openalex.org/W291178543,0.9427818059921265,0.7354853038781713,0,normal
https://openalex.org/W763767729,https://openalex.org/W537413728,0.9448540210723877,0.7205742264537258,0,normal
https://openalex.org/W763767729,https://openalex.org/W237884500,0.9453076124191284,0.717242499606964,0,normal
https://openalex.org/W763767729,https://openalex.org/W873100341,0.9447711706161499,0.7211801787220037,0,normal
https://openalex.org/W763767729,https://openalex.org/W70306005,0.9447113275527954,0.7216173576476509,0,normal
https://openalex.org/W763767729,https://openalex.org/W365667930,0.942969560623169,0.7341554671312536,0,normal
https://openalex.org/W763767729,https://openalex.org/W715039643,0.9416199326515198,0.7436193747902621,0,normal
https://openalex.org/W763767729,https://openalex.org/W388978333,0.9445852637290955,0.7225369282475307,0,normal
https://openalex.org/W763767729,https://openalex.org/W753250510,0.9441087245941162,0.7259960766086994,0,normal
https://openalex.org/W763767729,https://openalex.org/W998641904,0.9442529082298279,0.7249522995120717,0,normal
https://openalex.org/W763767729,https://openalex.org/W222543423,0.944362998008728,0.7241536761224714,0,normal
https://openalex.org/W763767729,https://openalex.org/W727149452,0.9450615644454956,0.7190527602905502,0,normal
https://openalex.org/W763767729,https://openalex.org/W461108489,0.9451906681060791,0.7181037804388628,0,normal
https://openalex.org/W763767729,https://openalex.org/W485237573,0.999534010887146,0.2611063174888868,0,normal
https://openalex.org/W763767729,https://openalex.org/W379247503,0.9995411038398743,0.2610565796754298,0,normal
https://openalex.org/W763767729,https://openalex.org/W46332083,0.9997419118881226,0.2596510006034428,0,normal
https://openalex.org/W763767729,https://openalex.org/W972297439,0.9997928142547607,0.259295485301494,0,normal
https://openalex.org/W763767729,https://openalex.org/W526067545,0.9998694062232971,0.2587611436776043,0,normal
https://openalex.org/W763767729,https://openalex.org/W892421272,0.9995082020759583,0.2612873479605237,0,normal
https://openalex.org/W763767729,https://openalex.org/W927523660,0.9992876052856445,0.26283798406198466,0,normal
https://openalex.org/W763767729,https://openalex.org/W135429719,0.9996622800827026,0.26020780420220396,0,normal
https://openalex.org/W763767729,https://openalex.org/W85054999,0.9993647933006287,0.26229473520363933,0,normal
https://openalex.org/W763767729,https://openalex.org/W26295654,0.9994145035743713,0.26194525784820494,0,normal
https://openalex.org/W763767729,https://openalex.org/W765801405,0.9991063475608826,0.26411651781457585,0,normal
https://openalex.org/W763767729,https://openalex.org/W500318522,0.9995484352111816,0.2610051764428483,0,normal
https://openalex.org/W763767729,https://openalex.org/W869647018,0.9996103048324585,0.26057164412707,0,normal
https://openalex.org/W655324685,https://openalex.org/W85923484,0.9422011971473694,0.7395706180925733,0,normal
https://openalex.org/W655324685,https://openalex.org/W291178543,0.9423019289970398,0.7388647815910415,0,normal
https://openalex.org/W655324685,https://openalex.org/W77917673,0.9434818029403687,0.7305057160890441,0,normal
https://openalex.org/W655324685,https://openalex.org/W537413728,0.9442801475524902,0.7247548311609446,0,normal
https://openalex.org/W655324685,https://openalex.org/W237884500,0.9447622895240784,0.7212450854667056,0,normal
https://openalex.org/W655324685,https://openalex.org/W569398880,0.94408118724823,0.7261951448176943,0,normal
https://openalex.org/W655324685,https://openalex.org/W873100341,0.9442074298858643,0.725281793554482,0,normal
https://openalex.org/W655324685,https://openalex.org/W70306005,0.9440442323684692,0.7264621510016688,0,normal
https://openalex.org/W655324685,https://openalex.org/W334756270,0.9458547234535217,0.7131919998736724,0,normal
https://openalex.org/W655324685,https://openalex.org/W365667930,0.942615270614624,0.736661277000576,0,normal
https://openalex.org/W655324685,https://openalex.org/W715039643,0.9414513111114502,0.7447861485084947,0,normal
https://openalex.org/W655324685,https://openalex.org/W326450296,0.9403042197227478,0.7526303458072524,0,normal
https://openalex.org/W655324685,https://openalex.org/W388978333,0.9442995190620422,0.7246143461314698,0,normal
https://openalex.org/W655324685,https://openalex.org/W753250510,0.9438009262084961,0.7282160266921714,0,normal
https://openalex.org/W655324685,https://openalex.org/W520412074,0.9442636966705322,0.7248741004621101,0,normal
https://openalex.org/W655324685,https://openalex.org/W998641904,0.9438730478286743,0.7276968726419383,0,normal
https://openalex.org/W655324685,https://openalex.org/W222543423,0.9440794587135315,0.7262076374355863,0,normal
https://openalex.org/W655324685,https://openalex.org/W414703735,0.9440489411354065,0.7264281382718893,0,normal
https://openalex.org/W655324685,https://openalex.org/W727149452,0.9446909427642822,0.7217661809872123,0,normal
https://openalex.org/W655324685,https://openalex.org/W461108489,0.9447839260101318,0.7210869407378829,0,normal
https://openalex.org/W655324685,https://openalex.org/W101742283,0.9444047212600708,0.7238506286234999,0,normal
https://openalex.org/W655324685,https://openalex.org/W485237573,0.9994685649871826,0.2615655318813006,0,normal
https://openalex.org/W655324685,https://openalex.org/W379247503,0.9994869232177734,0.26143666502743856,0,normal
https://openalex.org/W655324685,https://openalex.org/W739465865,0.9995607733726501,0.2609186833447087,0,normal
https://openalex.org/W655324685,https://openalex.org/W46332083,0.9996188879013062,0.26051153776427594,0,normal
https://openalex.org/W655324685,https://openalex.org/W972297439,0.9996898174285889,0.2600151693244696,0,normal
https://openalex.org/W655324685,https://openalex.org/W912516311,0.99969482421875,0.2599801547409462,0,normal
https://openalex.org/W655324685,https://openalex.org/W526067545,0.999745786190033,0.25962393035162346,0,normal
https://openalex.org/W655324685,https://openalex.org/W763767729,0.9997878074645996,0.2593304399872142,0,normal
https://openalex.org/W655324685,https://openalex.org/W892421272,0.9995096921920776,0.2612768936485383,0,normal
https://openalex.org/W655324685,https://openalex.org/W927523660,0.9993962049484253,0.2620738674490393,0,normal
https://openalex.org/W655324685,https://openalex.org/W983782958,0.999208927154541,0.2633924648643429,0,normal
https://openalex.org/W655324685,https://openalex.org/W135429719,0.9997228980064392,0.2597838796344366,0,normal
https://openalex.org/W655324685,https://openalex.org/W85054999,0.9994024038314819,0.26203029481557216,0,normal
https://openalex.org/W655324685,https://openalex.org/W107558930,0.9996282458305359,0.2604460153666022,0,normal
https://openalex.org/W655324685,https://openalex.org/W26295654,0.9994163513183594,0.26193227347437786,0,normal
https://openalex.org/W655324685,https://openalex.org/W765801405,0.999153733253479,0.263781889742014,0,normal
https://openalex.org/W655324685,https://openalex.org/W387547345,0.9993773102760315,0.2622067090101031,0,normal
https://openalex.org/W655324685,https://openalex.org/W500318522,0.9995678663253784,0.26086896865453907,0,normal
https://openalex.org/W655324685,https://openalex.org/W869647018,0.9995823502540588,0.2607674694605639,0,normal
https://openalex.org/W655324685,https://openalex.org/W601966386,0.9994754195213318,0.2615174112121551,0,normal
https://openalex.org/W39369868,https://openalex.org/W85923484,0.942703366279602,0.736039616865768,0,normal
https://openalex.org/W39369868,https://openalex.org/W291178543,0.9428203105926514,0.7352129293088968,0,normal
https://openalex.org/W39369868,https://openalex.org/W77917673,0.9438473582267761,0.7278818655978885,0,normal
https://openalex.org/W39369868,https://openalex.org/W556733401,0.9436532258987427,0.7292772815717685,0,normal
https://openalex.org/W39369868,https://openalex.org/W537413728,0.9446215033531189,0.7222727705765326,0,normal
https://openalex.org/W39369868,https://openalex.org/W237884500,0.9452610015869141,0.7175859738114398,0,normal
https://openalex.org/W39369868,https://openalex.org/W569398880,0.944520115852356,0.7230114143981964,0,normal
https://openalex.org/W39369868,https://openalex.org/W425739353,0.9433549046516418,0.7314128130399028,0,normal
https://openalex.org/W39369868,https://openalex.org/W873100341,0.9446210265159607,0.7222762473401391,0,normal
https://openalex.org/W39369868,https://openalex.org/W70306005,0.9445763230323792,0.7226020749190192,0,normal
https://openalex.org/W39369868,https://openalex.org/W334756270,0.9461092352867126,0.7112959618982055,0,normal
https://openalex.org/W39369868,https://openalex.org/W455378056,0.9455605149269104,0.7153744628025415,0,normal
https://openalex.org/W39369868,https://openalex.org/W365667930,0.9432376027107239,0.7322495927380842,0,normal
https://openalex.org/W39369868,https://openalex.org/W715039643,0.9420239925384521,0.7408093021230355,0,normal
https://openalex.org/W39369868,https://openalex.org/W326450296,0.941012978553772,0.7478028125531987,0,normal
https://openalex.org/W39369868,https://openalex.org/W721100110,0.9422547221183777,0.7391957180888885,0,normal
https://openalex.org/W39369868,https://openalex.org/W388978333,0.944647490978241,0.7220832464512972,0,normal
https://openalex.org/W39369868,https://openalex.org/W753250510,0.9447884559631348,0.7210538235824796,0,normal
https://openalex.org/W39369868,https://openalex.org/W520412074,0.9447376728057861,0.7214249462996579,0,normal
https://openalex.org/W39369868,https://openalex.org/W524038184,0.944541871547699,0.7228530186171571,0,normal
https://openalex.org/W39369868,https://openalex.org/W998641904,0.9445752501487732,0.7226098918862697,0,normal
https://openalex.org/W39369868,https://openalex.org/W222543423,0.945016086101532,0.7193865860744476,0,normal
https://openalex.org/W39369868,https://openalex.org/W414703735,0.9445483684539795,0.7228057060352199,0,normal
https://openalex.org/W39369868,https://openalex.org/W164672907,0.9440027475357056,0.726761693496202,0,normal
https://openalex.org/W39369868,https://openalex.org/W727149452,0.9450499415397644,0.7191380991997631,0,normal
https://openalex.org/W39369868,https://openalex.org/W461108489,0.9454002380371094,0.7165591929320992,0,normal
https://openalex.org/W39369868,https://openalex.org/W101742283,0.9449388980865479,0.719952616992291,0,normal
https://openalex.org/W39369868,https://openalex.org/W605605995,0.9434438943862915,0.7307768972092558,0,normal
https://openalex.org/W39369868,https://openalex.org/W485237573,0.9993005394935608,0.2627469026978267,0,normal
https://openalex.org/W39369868,https://openalex.org/W379247503,0.9993236660957336,0.2625840981812051,0,normal
https://openalex.org/W39369868,https://openalex.org/W739465865,0.9993221759796143,0.2625945862048795,0,normal
https://openalex.org/W39369868,https://openalex.org/W759666057,0.9994512796401978,0.2616869050437862,0,normal
https://openalex.org/W39369868,https://openalex.org/W46332083,0.9993690252304077,0.2622649718359485,0,normal
https://openalex.org/W39369868,https://openalex.org/W972297439,0.9995294809341431,0.2611380860213307,0,normal
https://openalex.org/W39369868,https://openalex.org/W912516311,0.9994955062866211,0.26137642966192454,0,normal
https://openalex.org/W39369868,https://openalex.org/W691259760,0.9995397329330444,0.2610661923885612,0,normal
https://openalex.org/W39369868,https://openalex.org/W526067545,0.9995380640029907,0.261077895130894,0,normal
https://openalex.org/W39369868,https://openalex.org/W763767729,0.9996616840362549,0.2602119748110937,0,normal
https://openalex.org/W39369868,https://openalex.org/W655324685,0.9997113347053528,0.2598647116589899,0,normal
https://openalex.org/W39369868,https://openalex.org/W892421272,0.9994487762451172,0.26170448623976483,0,normal
https://openalex.org/W39369868,https://openalex.org/W927523660,0.9992977380752563,0.2627666282743678,0,normal
https://openalex.org/W39369868,https://openalex.org/W983782958,0.9992073774337769,0.2634033939991997,0,normal
https://openalex.org/W39369868,https://openalex.org/W417776810,0.9992886781692505,0.26283042815313984,0,normal
https://openalex.org/W39369868,https://openalex.org/W135429719,0.9994778037071228,0.2615006749284467,0,normal
https://openalex.org/W39369868,https://openalex.org/W85054999,0.9995911121368408,0.2607060811232856,0,normal
https://openalex.org/W39369868,https://openalex.org/W107558930,0.9994766712188721,0.2615086245769479,0,normal
https://openalex.org/W39369868,https://openalex.org/W213569326,0.9996083378791809,0.2605854197667056,0,normal
https://openalex.org/W39369868,https://openalex.org/W26295654,0.99941086769104,0.2619708089574314,0,normal
https://openalex.org/W39369868,https://openalex.org/W765801405,0.9993441104888916,0.26244022973600367,0,normal
https://openalex.org/W39369868,https://openalex.org/W387547345,0.9992622137069702,0.2630168480303709,0,normal
https://openalex.org/W39369868,https://openalex.org/W210408571,0.9993195533752441,0.2626130457816603,0,normal
https://openalex.org/W39369868,https://openalex.org/W500318522,0.9993541836738586,0.26236936279276046,0,normal
https://openalex.org/W39369868,https://openalex.org/W869647018,0.9995275735855103,0.2611514629931584,0,normal
https://openalex.org/W39369868,https://openalex.org/W601966386,0.9993903636932373,0.262114930552271,0,normal
https://openalex.org/W39369868,https://openalex.org/W811675919,0.9992113709449768,0.2633752310512959,0,normal
https://openalex.org/W228645413,https://openalex.org/W85923484,0.9427074790000916,0.7360105718577783,0,normal
https://openalex.org/W228645413,https://openalex.org/W291178543,0.9427330493927002,0.7358299416961546,0,normal
https://openalex.org/W228645413,https://openalex.org/W77917673,0.9439505338668823,0.727138412793526,0,normal
https://openalex.org/W228645413,https://openalex.org/W556733401,0.943589448928833,0.7297347249490289,0,normal
https://openalex.org/W228645413,https://openalex.org/W945731721,0.9448912143707275,0.720301939784049,0,normal
https://openalex.org/W228645413,https://openalex.org/W537413728,0.9449694752693176,0.7197284735276273,0,normal
https://openalex.org/W228645413,https://openalex.org/W237884500,0.9452461004257202,0.7176957267525168,0,normal
https://openalex.org/W228645413,https://openalex.org/W569398880,0.9444984197616577,0.7231693205897176,0,normal
https://openalex.org/W228645413,https://openalex.org/W425739353,0.9433841109275818,0.7312042113872359,0,normal
https://openalex.org/W228645413,https://openalex.org/W12844123,0.9435238838195801,0.7302044861825319,0,normal
https://openalex.org/W228645413,https://openalex.org/W873100341,0.944733738899231,0.7214536825903372,0,normal
https://openalex.org/W228645413,https://openalex.org/W70306005,0.944524347782135,0.7229806075394207,0,normal
https://openalex.org/W228645413,https://openalex.org/W334756270,0.946049690246582,0.7117402217807741,0,normal
https://openalex.org/W228645413,https://openalex.org/W455378056,0.9450099468231201,0.7194316318293631,0,normal
https://openalex.org/W228645413,https://openalex.org/W788534703,0.9454505443572998,0.7161876611851481,0,normal
https://openalex.org/W228645413,https://openalex.org/W365667930,0.943361759185791,0.7313638647099691,0,normal
https://openalex.org/W228645413,https://openalex.org/W715039643,0.942034125328064,0.7407385759075212,0,normal
https://openalex.org/W228645413,https://openalex.org/W326450296,0.9409475922584534,0.7482507787028791,0,normal
https://openalex.org/W228645413,https://openalex.org/W721100110,0.9421994090080261,0.7395831365629602,0,normal
https://openalex.org/W228645413,https://openalex.org/W666913073,0.9433789253234863,0.7312412563032495,0,normal
https://openalex.org/W228645413,https://openalex.org/W388978333,0.9447536468505859,0.7213082408476826,0,normal
https://openalex.org/W228645413,https://openalex.org/W753250510,0.9443967938423157,0.7239082234912707,0,normal
https://openalex.org/W228645413,https://openalex.org/W520412074,0.9450613856315613,0.7190540733164982,0,normal
https://openalex.org/W228645413,https://openalex.org/W524038184,0.944553792476654,0.7227662027265617,0,normal
https://openalex.org/W228645413,https://openalex.org/W516247359,0.9449307918548584,0.7200120206706885,0,normal
https://openalex.org/W228645413,https://openalex.org/W998641904,0.9443767666816711,0.7240536932110164,0,normal
https://openalex.org/W228645413,https://openalex.org/W222543423,0.944603681564331,0.722402696404703,0,normal
https://openalex.org/W228645413,https://openalex.org/W414703735,0.9446654915809631,0.7219519239396881,0,normal
https://openalex.org/W228645413,https://openalex.org/W164672907,0.9439899921417236,0.7268537530501372,0,normal
https://openalex.org/W228645413,https://openalex.org/W135055795,0.9450842142105103,0.718886413443582,0,normal
https://openalex.org/W228645413,https://openalex.org/W727149452,0.9454066157341003,0.7165121074336749,0,normal
https://openalex.org/W228645413,https://openalex.org/W461108489,0.945363461971283,0.7168306123957481,0,normal
https://openalex.org/W228645413,https://openalex.org/W101742283,0.9449774026870728,0.7196703443814018,0,normal
https://openalex.org/W228645413,https://openalex.org/W605605995,0.9433759450912476,0.7312625450236688,0,normal
https://openalex.org/W228645413,https://openalex.org/W485237573,0.9994089007377625,0.2619846323587462,0,normal
https://openalex.org/W228645413,https://openalex.org/W379247503,0.9993821382522583,0.26217276113925786,0,normal
https://openalex.org/W228645413,https://openalex.org/W739465865,0.9994896054267883,0.2614178405124198,0,normal
https://openalex.org/W228645413,https://openalex.org/W759666057,0.9995237588882446,0.26117821826589843,0,normal
https://openalex.org/W228645413,https://openalex.org/W567040765,0.9995728731155396,0.2608338796225714,0,normal
https://openalex.org/W228645413,https://openalex.org/W46332083,0.9996825456619263,0.26006602928570255,0,normal
https://openalex.org/W228645413,https://openalex.org/W972297439,0.9996340274810791,0.26040553871179084,0,normal
https://openalex.org/W228645413,https://openalex.org/W912516311,0.9996034502983093,0.26061965218585936,0,normal
https://openalex.org/W228645413,https://openalex.org/W691259760,0.9996922016143799,0.25999849533179414,0,normal
https://openalex.org/W228645413,https://openalex.org/W120977504,0.9996896386146545,0.26001641990188,0,normal
https://openalex.org/W228645413,https://openalex.org/W526067545,0.9997321963310242,0.25971889252533914,0,normal
https://openalex.org/W228645413,https://openalex.org/W763767729,0.9997442960739136,0.2596343417700615,0,normal
https://openalex.org/W228645413,https://openalex.org/W655324685,0.9997859001159668,0.25934375686342964,0,normal
https://openalex.org/W228645413,https://openalex.org/W39369868,0.999703049659729,0.25992263742282706,0,normal
https://openalex.org/W228645413,https://openalex.org/W892421272,0.9996240139007568,0.260475645192207,0,normal
https://openalex.org/W228645413,https://openalex.org/W927523660,0.9994049668312073,0.26201228057279546,0,normal
https://openalex.org/W228645413,https://openalex.org/W983782958,0.9992654323577881,0.26299417080104087,0,normal
https://openalex.org/W228645413,https://openalex.org/W417776810,0.999335765838623,0.26249894541688545,0,normal
https://openalex.org/W228645413,https://openalex.org/W311676011,0.9996814727783203,0.2600735337605612,0,normal
https://openalex.org/W228645413,https://openalex.org/W135429719,0.9996740221977234,0.26012565204305926,0,normal
https://openalex.org/W228645413,https://openalex.org/W85054999,0.9994349479675293,0.2618016151551293,0,normal
https://openalex.org/W228645413,https://openalex.org/W107558930,0.9997917413711548,0.25930297533350194,0,normal
https://openalex.org/W228645413,https://openalex.org/W213569326,0.9997154474258423,0.25983596025451555,0,normal
https://openalex.org/W228645413,https://openalex.org/W672623334,0.9995890855789185,0.2607202789546174,0,normal
https://openalex.org/W228645413,https://openalex.org/W26295654,0.9994257092475891,0.26186652028032925,0,normal
https://openalex.org/W228645413,https://openalex.org/W765801405,0.999169647693634,0.26366956626827126,0,normal
https://openalex.org/W228645413,https://openalex.org/W387547345,0.9994446635246277,0.26173337128839747,0,normal
https://openalex.org/W228645413,https://openalex.org/W210408571,0.9994180202484131,0.26192054600974285,0,normal
https://openalex.org/W228645413,https://openalex.org/W365505908,0.9995183944702148,0.2612158458662842,0,normal
https://openalex.org/W228645413,https://openalex.org/W500318522,0.9997079372406006,0.25988846437623175,0,normal
https://openalex.org/W228645413,https://openalex.org/W869647018,0.9996150732040405,0.2605382505945651,0,normal
https://openalex.org/W228645413,https://openalex.org/W601966386,0.9995287656784058,0.2611431023338477,0,normal
https://openalex.org/W228645413,https://openalex.org/W811675919,0.9992920756340027,0.26280650203056166,0,normal
https://openalex.org/W466940171,https://openalex.org/W85923484,0.9426586627960205,0.7363551912293846,0,normal
https://openalex.org/W466940171,https://openalex.org/W291178543,0.9426660537719727,0.7363030329829299,0,normal
https://openalex.org/W466940171,https://openalex.org/W77917673,0.9437662959098816,0.7284650858725665,0,normal
https://openalex.org/W466940171,https://openalex.org/W556733401,0.943394660949707,0.7311288341774732,0,normal
https://openalex.org/W466940171,https://openalex.org/W945731721,0.9446555376052856,0.7220245473951769,0,normal
https://openalex.org/W466940171,https://openalex.org/W615774397,0.9442242383956909,0.7251600431989842,0,normal
https://openalex.org/W466940171,https://openalex.org/W537413728,0.9445406198501587,0.7228621333131485,0,normal
https://openalex.org/W466940171,https://openalex.org/W237884500,0.9451857209205627,0.7181401807141551,0,normal
https://openalex.org/W466940171,https://openalex.org/W569398880,0.944411039352417,0.723804720625932,0,normal
https://openalex.org/W466940171,https://openalex.org/W425739353,0.943181574344635,0.7326486900107954,0,normal
https://openalex.org/W466940171,https://openalex.org/W12844123,0.943328857421875,0.7315987652147798,0,normal
https://openalex.org/W466940171,https://openalex.org/W568875334,0.9439901113510132,0.7268528927701056,0,normal
https://openalex.org/W466940171,https://openalex.org/W873100341,0.9443919062614441,0.7239437294057143,0,normal
https://openalex.org/W466940171,https://openalex.org/W70306005,0.9442471861839294,0.7249937696526507,0,normal
https://openalex.org/W466940171,https://openalex.org/W334756270,0.9457180500030518,0.7142070986593465,0,normal
https://openalex.org/W466940171,https://openalex.org/W455378056,0.9448329210281372,0.7207286246093304,0,normal
https://openalex.org/W466940171,https://openalex.org/W788534703,0.944913923740387,0.7201356080489749,0,normal
https://openalex.org/W466940171,https://openalex.org/W638373465,0.9450651407241821,0.7190264989864441,0,normal
https://openalex.org/W466940171,https://openalex.org/W365667930,0.9433238506317139,0.7316344995410681,0,normal
https://openalex.org/W466940171,https://openalex.org/W715039643,0.941974401473999,0.7411552635794645,0,normal
https://openalex.org/W466940171,https://openalex.org/W326450296,0.9406009912490845,0.750616536515226,0,normal
https://openalex.org/W466940171,https://openalex.org/W721100110,0.9420853853225708,0.7403805922658582,0,normal
https://openalex.org/W466940171,https://openalex.org/W666913073,0.9430774450302124,0.7333894122265214,0,normal
https://openalex.org/W466940171,https://openalex.org/W532600448,0.9428468942642212,0.7350247765464736,0,normal
https://openalex.org/W466940171,https://openalex.org/W388978333,0.9444243907928467,0.7237076919756033,0,normal
https://openalex.org/W466940171,https://openalex.org/W753250510,0.9443309307098389,0.7243864497941206,0,normal
https://openalex.org/W466940171,https://openalex.org/W520412074,0.9445908665657043,0.7224960981969019,0,normal
https://openalex.org/W466940171,https://openalex.org/W524038184,0.9444049000740051,0.7238493294054477,0,normal
https://openalex.org/W466940171,https://openalex.org/W516247359,0.9447263479232788,0.7215076670633407,0,normal
https://openalex.org/W466940171,https://openalex.org/W150888063,0.9439305067062378,0.7272828217363397,0,normal
https://openalex.org/W466940171,https://openalex.org/W998641904,0.9440410137176514,0.7264853986923073,0,normal
https://openalex.org/W466940171,https://openalex.org/W222543423,0.9445949792861938,0.7224661248472336,0,normal
https://openalex.org/W466940171,https://openalex.org/W414703735,0.9445171356201172,0.7230331081008686,0,normal
https://openalex.org/W466940171,https://openalex.org/W164672907,0.943955659866333,0.7271014433031355,0,normal
https://openalex.org/W466940171,https://openalex.org/W135055795,0.9449737071990967,0.7196974430946631,0,normal
https://openalex.org/W466940171,https://openalex.org/W101479238,0.9438864588737488,0.7276002673316662,0,normal
https://openalex.org/W466940171,https://openalex.org/W727149452,0.9450072050094604,0.7194517479260336,0,normal
https://openalex.org/W466940171,https://openalex.org/W461108489,0.9454058408737183,0.7165178283539773,0,normal
https://openalex.org/W466940171,https://openalex.org/W101742283,0.9449183940887451,0.7201028584585183,0,normal
https://openalex.org/W466940171,https://openalex.org/W605605995,0.9432454109191895,0.7321939438687717,0,normal
https://openalex.org/W466940171,https://openalex.org/W485237573,0.9994505643844604,0.26169192816483333,0,normal
https://openalex.org/W466940171,https://openalex.org/W379247503,0.9993957281112671,0.2620772193835976,0,normal
https://openalex.org/W466940171,https://openalex.org/W739465865,0.9994347095489502,0.2618032899955937,0,normal
https://openalex.org/W466940171,https://openalex.org/W759666057,0.9994547367095947,0.26166262750286867,0,normal
https://openalex.org/W466940171,https://openalex.org/W567040765,0.9994974732398987,0.26136262698702195,0,normal
https://openalex.org/W466940171,https://openalex.org/W164865427,0.9995673298835754,0.26087272837483216,0,normal
https://openalex.org/W466940171,https://openalex.org/W46332083,0.9994884729385376,0.26142578853416965,0,normal
https://openalex.org/W466940171,https://openalex.org/W972297439,0.9996570944786072,0.26024408995098647,0,normal
https://openalex.org/W466940171,https://openalex.org/W912516311,0.9995929598808289,0.2606931364780006,0,normal
https://openalex.org/W466940171,https://openalex.org/W691259760,0.9996007084846497,0.26063885701294764,0,normal
https://openalex.org/W466940171,https://openalex.org/W120977504,0.9996328353881836,0.26041388408026167,0,normal
https://openalex.org/W466940171,https://openalex.org/W971757993,0.9996837377548218,0.26005769114501265,0,normal
https://openalex.org/W466940171,https://openalex.org/W526067545,0.9995794892311096,0.260787516658086,0,normal
https://openalex.org/W466940171,https://openalex.org/W763767729,0.9996238350868225,0.26047689720474904,0,normal
https://openalex.org/W466940171,https://openalex.org/W655324685,0.9996534585952759,0.26026953363888367,0,normal
https://openalex.org/W466940171,https://openalex.org/W39369868,0.9996820688247681,0.2600693645905243,0,normal
https://openalex.org/W466940171,https://openalex.org/W228645413,0.9997332692146301,0.2597113946918953,0,normal
https://openalex.org/W466940171,https://openalex.org/W892421272,0.9996837973594666,0.2600572742425294,0,normal
https://openalex.org/W466940171,https://openalex.org/W927523660,0.9994232058525085,0.26188410926325456,0,normal
https://openalex.org/W466940171,https://openalex.org/W983782958,0.9990995526313782,0.2641645245213058,0,normal
https://openalex.org/W466940171,https://openalex.org/W417776810,0.9993504285812378,0.26239577920585594,0,normal
https://openalex.org/W466940171,https://openalex.org/W311676011,0.9995535612106323,0.2609692398604331,0,normal
https://openalex.org/W466940171,https://openalex.org/W784383996,0.9995105266571045,0.2612710393519136,0,normal
https://openalex.org/W466940171,https://openalex.org/W135429719,0.9995229840278625,0.2611836531472068,0,normal
https://openalex.org/W466940171,https://openalex.org/W85054999,0.9994912147521973,0.26140654622374837,0,normal
https://openalex.org/W466940171,https://openalex.org/W107558930,0.9995706081390381,0.26084975285394274,0,normal
https://openalex.org/W466940171,https://openalex.org/W213569326,0.9997129440307617,0.2598534608635623,0,normal
https://openalex.org/W466940171,https://openalex.org/W672623334,0.9995405673980713,0.26106034114461146,0,normal
https://openalex.org/W466940171,https://openalex.org/W901693008,0.9993588924407959,0.2623362398709746,0,normal
https://openalex.org/W466940171,https://openalex.org/W26295654,0.9993076920509338,0.26269654384688523,0,normal
https://openalex.org/W466940171,https://openalex.org/W765801405,0.9992690086364746,0.2629689753544785,0,normal
https://openalex.org/W466940171,https://openalex.org/W387547345,0.9994467496871948,0.26171871919496015,0,normal
https://openalex.org/W466940171,https://openalex.org/W210408571,0.9994858503341675,0.26144419507863914,0,normal
https://openalex.org/W466940171,https://openalex.org/W365505908,0.9995318651199341,0.26112136542957476,0,normal
https://openalex.org/W466940171,https://openalex.org/W412780848,0.9992647767066956,0.2629987901346535,0,normal
https://openalex.org/W466940171,https://openalex.org/W500318522,0.9995174407958984,0.26122253558431546,0,normal
https://openalex.org/W466940171,https://openalex.org/W869647018,0.9996978044509888,0.25995931417917745,0,normal
https://openalex.org/W466940171,https://openalex.org/W601966386,0.9995590448379517,0.26093079961822346,0,normal
https://openalex.org/W466940171,https://openalex.org/W811675919,0.999259352684021,0.2630370066232396,0,normal
https://openalex.org/W892421272,https://openalex.org/W85923484,0.9431552886962891,0.7328357958191881,0,normal
https://openalex.org/W892421272,https://openalex.org/W537413728,0.9451407194137573,0.7184711604904237,0,normal
https://openalex.org/W892421272,https://openalex.org/W873100341,0.9451075792312622,0.7187147507039986,0,normal
https://openalex.org/W892421272,https://openalex.org/W365667930,0.944618284702301,0.7222962382109983,0,normal
https://openalex.org/W892421272,https://openalex.org/W388978333,0.9451388716697693,0.7184847453357036,0,normal
https://openalex.org/W892421272,https://openalex.org/W998641904,0.944605827331543,0.7223870551430657,0,normal
https://openalex.org/W892421272,https://openalex.org/W727149452,0.9456170797348022,0.7149556375515376,0,normal
https://openalex.org/W892421272,https://openalex.org/W485237573,0.9992897510528564,0.2628228723840642,0,normal
https://openalex.org/W892421272,https://openalex.org/W46332083,0.9993780851364136,0.26220126039550096,0,normal
https://openalex.org/W892421272,https://openalex.org/W526067545,0.9995315670967102,0.26112345546568594,0,normal
https://openalex.org/W892421272,https://openalex.org/W135429719,0.9994872808456421,0.2614341550415071,0,normal
https://openalex.org/W892421272,https://openalex.org/W26295654,0.9991623163223267,0.26372130697561164,0,normal
https://openalex.org/W892421272,https://openalex.org/W500318522,0.9994207620620728,0.26190128019609404,0,normal
https://openalex.org/W927523660,https://openalex.org/W85923484,0.9443039298057556,0.7245823525585157,0,normal
https://openalex.org/W927523660,https://openalex.org/W291178543,0.9445305466651917,0.7229354781847146,0,normal
https://openalex.org/W927523660,https://openalex.org/W537413728,0.9462162852287292,0.7104962503937672,0,normal
https://openalex.org/W927523660,https://openalex.org/W237884500,0.946707546710968,0.7068095347840277,0,normal
https://openalex.org/W927523660,https://openalex.org/W873100341,0.9459600448608398,0.7124082896979946,0,normal
https://openalex.org/W927523660,https://openalex.org/W70306005,0.9458560943603516,0.7131818069841105,0,normal
https://openalex.org/W927523660,https://openalex.org/W365667930,0.9450262784957886,0.7193117916347059,0,normal
https://openalex.org/W927523660,https://openalex.org/W715039643,0.9449403285980225,0.7199421331908528,0,normal
https://openalex.org/W927523660,https://openalex.org/W388978333,0.9464280009269714,0.7089107804382926,0,normal
https://openalex.org/W927523660,https://openalex.org/W753250510,0.946105420589447,0.7113244351845737,0,normal
https://openalex.org/W927523660,https://openalex.org/W998641904,0.9457506537437439,0.7139651404940377,0,normal
https://openalex.org/W927523660,https://openalex.org/W222543423,0.9461310505867004,0.7111330982419249,0,normal
https://openalex.org/W927523660,https://openalex.org/W727149452,0.9466527700424194,0.7072219702111486,0,normal
https://openalex.org/W927523660,https://openalex.org/W461108489,0.9468072652816772,0.7060578417521193,0,normal
https://openalex.org/W927523660,https://openalex.org/W485237573,0.9991120100021362,0.2640765164983522,0,normal
https://openalex.org/W927523660,https://openalex.org/W379247503,0.9992198348045349,0.2633155488107047,0,normal
https://openalex.org/W927523660,https://openalex.org/W46332083,0.9992282390594482,0.26325629546696877,0,normal
https://openalex.org/W927523660,https://openalex.org/W972297439,0.999279797077179,0.2628929784974063,0,normal
https://openalex.org/W927523660,https://openalex.org/W526067545,0.9992442727088928,0.2631432756253158,0,normal
https://openalex.org/W927523660,https://openalex.org/W763767729,0.9992876052856445,0.26283798406198466,0,normal
https://openalex.org/W927523660,https://openalex.org/W892421272,0.9994665384292603,0.26157975995688315,0,normal
https://openalex.org/W927523660,https://openalex.org/W135429719,0.9994955658912659,0.26137601139212896,0,normal
https://openalex.org/W927523660,https://openalex.org/W85054999,0.9992891550064087,0.26282707001629513,0,normal
https://openalex.org/W927523660,https://openalex.org/W26295654,0.9990525245666504,0.2644969347463589,0,normal
https://openalex.org/W927523660,https://openalex.org/W765801405,0.99895179271698,0.26520984217659743,0,normal
https://openalex.org/W927523660,https://openalex.org/W500318522,0.9992586374282837,0.26304204642670037,0,normal
https://openalex.org/W927523660,https://openalex.org/W869647018,0.9993059039115906,0.262709132977133,0,normal
https://openalex.org/W983782958,https://openalex.org/W85923484,0.9443223476409912,0.7244487328790298,0,normal
https://openalex.org/W983782958,https://openalex.org/W291178543,0.9441765546798706,0.7255053469598804,0,normal
https://openalex.org/W983782958,https://openalex.org/W77917673,0.9451299905776978,0.7185500346736629,0,normal
https://openalex.org/W983782958,https://openalex.org/W537413728,0.9461253881454468,0.7111753768375091,0,normal
https://openalex.org/W983782958,https://openalex.org/W237884500,0.9463832974433899,0.7092459762739353,0,normal
https://openalex.org/W983782958,https://openalex.org/W569398880,0.9457141160964966,0.7142362845786523,0,normal
https://openalex.org/W983782958,https://openalex.org/W873100341,0.9459453225135803,0.7125179173350914,0,normal
https://openalex.org/W983782958,https://openalex.org/W70306005,0.9457371234893799,0.7140655658240638,0,normal
https://openalex.org/W983782958,https://openalex.org/W334756270,0.9471251964569092,0.7036537398157283,0,normal
https://openalex.org/W983782958,https://openalex.org/W365667930,0.9446498155593872,0.7220662897293779,0,normal
https://openalex.org/W983782958,https://openalex.org/W715039643,0.9437612295150757,0.7285015110955121,0,normal
https://openalex.org/W983782958,https://openalex.org/W326450296,0.9440374374389648,0.7265112280147802,0,normal
https://openalex.org/W983782958,https://openalex.org/W388978333,0.9460810422897339,0.7115063578703481,0,normal
https://openalex.org/W983782958,https://openalex.org/W753250510,0.9459151029586792,0.7127428643653938,0,normal
https://openalex.org/W983782958,https://openalex.org/W520412074,0.9461733102798462,0.710817450386836,0,normal
https://openalex.org/W983782958,https://openalex.org/W998641904,0.9463938474655151,0.7091668905908785,0,normal
https://openalex.org/W983782958,https://openalex.org/W222543423,0.9459939002990723,0.7121560959660949,0,normal
https://openalex.org/W983782958,https://openalex.org/W414703735,0.945829451084137,0.7133798647758692,0,normal
https://openalex.org/W983782958,https://openalex.org/W727149452,0.9464836716651917,0.7084930316407393,0,normal
https://openalex.org/W983782958,https://openalex.org/W461108489,0.946419358253479,0.7089756027245968,0,normal
https://openalex.org/W983782958,https://openalex.org/W101742283,0.9461132287979126,0.7112661521389226,0,normal
https://openalex.org/W983782958,https://openalex.org/W485237573,0.9990649223327637,0.2644092771586549,0,normal
https://openalex.org/W983782958,https://openalex.org/W379247503,0.9990008473396301,0.26486251556847534,0,normal
https://openalex.org/W983782958,https://openalex.org/W739465865,0.9989960789680481,0.2648962648007654,0,normal
https://openalex.org/W983782958,https://openalex.org/W46332083,0.9991533756256104,0.26378441421774873,0,normal
https://openalex.org/W983782958,https://openalex.org/W972297439,0.9990841746330261,0.26427319192984483,0,normal
https://openalex.org/W983782958,https://openalex.org/W912516311,0.9991000890731812,0.2641607343147929,0,normal
https://openalex.org/W983782958,https://openalex.org/W526067545,0.9992215633392334,0.26330336125277565,0,normal
https://openalex.org/W983782958,https://openalex.org/W763767729,0.9992212057113647,0.2633058827867447,0,normal
https://openalex.org/W983782958,https://openalex.org/W655324685,0.999208927154541,0.2633924648643429,0,normal
https://openalex.org/W983782958,https://openalex.org/W892421272,0.999232828617096,0.2632239408758086,0,normal
https://openalex.org/W983782958,https://openalex.org/W927523660,0.9992320537567139,0.26322940315992394,0,normal
https://openalex.org/W983782958,https://openalex.org/W135429719,0.9992749691009521,0.2629269863938189,0,normal
https://openalex.org/W983782958,https://openalex.org/W85054999,0.999177098274231,0.26361699092511265,0,normal
https://openalex.org/W983782958,https://openalex.org/W107558930,0.9992485046386719,0.26311345031317623,0,normal
https://openalex.org/W983782958,https://openalex.org/W26295654,0.9994011521339417,0.2620390927593217,0,normal
https://openalex.org/W983782958,https://openalex.org/W765801405,0.9988383650779724,0.26601406963293145,0,normal
https://openalex.org/W983782958,https://openalex.org/W387547345,0.9989758133888245,0.2650397297223724,0,normal
https://openalex.org/W983782958,https://openalex.org/W500318522,0.9991840720176697,0.26356778650248675,0,normal
https://openalex.org/W983782958,https://openalex.org/W869647018,0.9990717172622681,0.26436124195276617,0,normal
https://openalex.org/W983782958,https://openalex.org/W601966386,0.9990129470825195,0.26477688923797205,0,normal
https://openalex.org/W417776810,https://openalex.org/W85923484,0.9439211487770081,0.7273502821568177,0,normal
https://openalex.org/W417776810,https://openalex.org/W291178543,0.9445335268974304,0.7229137797656092,0,normal
https://openalex.org/W417776810,https://openalex.org/W77917673,0.9449771046638489,0.719672529820791,0,normal
https://openalex.org/W417776810,https://openalex.org/W556733401,0.9446251392364502,0.7222462593731648,0,normal
https://openalex.org/W417776810,https://openalex.org/W537413728,0.9457076787948608,0.7142840394986399,0,normal
https://openalex.org/W417776810,https://openalex.org/W237884500,0.9463130235671997,0.7097724434086191,0,normal
https://openalex.org/W417776810,https://openalex.org/W569398880,0.9455474615097046,0.715471062144895,0,normal
https://openalex.org/W417776810,https://openalex.org/W425739353,0.9444118738174438,0.7237986569526704,0,normal
https://openalex.org/W417776810,https://openalex.org/W873100341,0.9456236362457275,0.7149070669337162,0,normal
https://openalex.org/W417776810,https://openalex.org/W70306005,0.9454659819602966,0.716073589543325,0,normal
https://openalex.org/W417776810,https://openalex.org/W334756270,0.9469460248947144,0.7050099824960476,0,normal
https://openalex.org/W417776810,https://openalex.org/W455378056,0.9459584951400757,0.7124198306231458,0,normal
https://openalex.org/W417776810,https://openalex.org/W365667930,0.9442436695098877,0.7250192545843076,0,normal
https://openalex.org/W417776810,https://openalex.org/W715039643,0.9434638619422913,0.7306340795812273,0,normal
https://openalex.org/W417776810,https://openalex.org/W326450296,0.9427545070648193,0.7356783028184252,0,normal
https://openalex.org/W417776810,https://openalex.org/W721100110,0.9446603059768677,0.7219897591715855,0,normal
https://openalex.org/W417776810,https://openalex.org/W388978333,0.9459711313247681,0.7123257196405979,0,normal
https://openalex.org/W417776810,https://openalex.org/W753250510,0.9457893967628479,0.7136774620758612,0,normal
https://openalex.org/W417776810,https://openalex.org/W520412074,0.9458492994308472,0.7132323261392688,0,normal
https://openalex.org/W417776810,https://openalex.org/W524038184,0.945632815361023,0.7148390597100707,0,normal
https://openalex.org/W417776810,https://openalex.org/W998641904,0.9456126689910889,0.7149883095310549,0,normal
https://openalex.org/W417776810,https://openalex.org/W222543423,0.9464733600616455,0.7085704357166317,0,normal
https://openalex.org/W417776810,https://openalex.org/W414703735,0.9458881616592407,0.7129433202360612,0,normal
https://openalex.org/W417776810,https://openalex.org/W164672907,0.9452024102210999,0.7180173731738306,0,normal
https://openalex.org/W417776810,https://openalex.org/W727149452,0.9462618827819824,0.7101552177074629,0,normal
https://openalex.org/W417776810,https://openalex.org/W461108489,0.9465796947479248,0.7077716535955516,0,normal
https://openalex.org/W417776810,https://openalex.org/W101742283,0.9459490776062012,0.7124899579984137,0,normal
https://openalex.org/W417776810,https://openalex.org/W605605995,0.9443352818489075,0.7243548723990929,0,normal
https://openalex.org/W417776810,https://openalex.org/W485237573,0.999122142791748,0.26400494489115317,0,normal
https://openalex.org/W417776810,https://openalex.org/W379247503,0.99941086769104,0.2619708089574314,0,normal
https://openalex.org/W417776810,https://openalex.org/W739465865,0.9990965723991394,0.2641855818589245,0,normal
https://openalex.org/W417776810,https://openalex.org/W759666057,0.9991338849067688,0.2639220215904781,0,normal
https://openalex.org/W417776810,https://openalex.org/W46332083,0.9991418123245239,0.2638660472874321,0,normal
https://openalex.org/W417776810,https://openalex.org/W972297439,0.9992678165435791,0.2629773736641572,0,normal
https://openalex.org/W417776810,https://openalex.org/W912516311,0.9992234706878662,0.26328991333367163,0,normal
https://openalex.org/W417776810,https://openalex.org/W691259760,0.9992750883102417,0.2629261466585985,0,normal
https://openalex.org/W417776810,https://openalex.org/W526067545,0.9992653131484985,0.2629950106759982,0,normal
https://openalex.org/W417776810,https://openalex.org/W763767729,0.9992886781692505,0.26283042815313984,0,normal
https://openalex.org/W417776810,https://openalex.org/W655324685,0.9993423819541931,0.2624523915751359,0,normal
https://openalex.org/W417776810,https://openalex.org/W39369868,0.9992886781692505,0.26283042815313984,0,normal
https://openalex.org/W417776810,https://openalex.org/W892421272,0.9992213249206543,0.2633050422736976,0,normal
https://openalex.org/W417776810,https://openalex.org/W927523660,0.9993147850036621,0.26264661078901214,0,normal
https://openalex.org/W417776810,https://openalex.org/W983782958,0.9993925094604492,0.2620998456649542,0,normal
https://openalex.org/W417776810,https://openalex.org/W135429719,0.9994263648986816,0.2618619137679047,0,normal
https://openalex.org/W417776810,https://openalex.org/W85054999,0.9993539452552795,0.26237103997439387,0,normal
https://openalex.org/W417776810,https://openalex.org/W107558930,0.9992877244949341,0.2628371445096553,0,normal
https://openalex.org/W417776810,https://openalex.org/W213569326,0.9993979930877686,0.2620612979406639,0,normal
https://openalex.org/W417776810,https://openalex.org/W26295654,0.9991870522499084,0.263546760770094,0,normal
https://openalex.org/W417776810,https://openalex.org/W765801405,0.9993590712547302,0.2623349820916074,0,normal
https://openalex.org/W417776810,https://openalex.org/W387547345,0.9992256164550781,0.26327478495226625,0,normal
https://openalex.org/W417776810,https://openalex.org/W210408571,0.9991911053657532,0.2635181675025634,0,normal
https://openalex.org/W417776810,https://openalex.org/W500318522,0.9992519617080688,0.26308908758668303,0,normal
https://openalex.org/W417776810,https://openalex.org/W869647018,0.9993959665298462,0.2620755434128628,0,normal
https://openalex.org/W417776810,https://openalex.org/W601966386,0.9991490840911865,0.2638147091358171,0,normal
https://openalex.org/W417776810,https://openalex.org/W811675919,0.9989073872566223,0.265524501718577,0,normal
https://openalex.org/W311676011,https://openalex.org/W85923484,0.9431890249252319,0.7325956403498054,0,normal
https://openalex.org/W311676011,https://openalex.org/W291178543,0.9432757496833801,0.7319776507874203,0,normal
https://openalex.org/W311676011,https://openalex.org/W77917673,0.9445975422859192,0.7224474447948629,0,normal
https://openalex.org/W311676011,https://openalex.org/W556733401,0.9439459443092346,0.727171510728778,0,normal
https://openalex.org/W311676011,https://openalex.org/W945731721,0.945229172706604,0.7178203746952273,0,normal
https://openalex.org/W311676011,https://openalex.org/W537413728,0.9451626539230347,0.7183098647773589,0,normal
https://openalex.org/W311676011,https://openalex.org/W237884500,0.9456048011779785,0.7150465836863771,0,normal
https://openalex.org/W311676011,https://openalex.org/W569398880,0.9449850916862488,0.7196139564494528,0,normal
https://openalex.org/W311676011,https://openalex.org/W425739353,0.9437873363494873,0.7283137812696858,0,normal
https://openalex.org/W311676011,https://openalex.org/W12844123,0.9439273476600647,0.7273055961657197,0,normal
https://openalex.org/W311676011,https://openalex.org/W873100341,0.9452463388442993,0.7176939709091626,0,normal
https://openalex.org/W311676011,https://openalex.org/W70306005,0.9448301196098328,0.720749119869522,0,normal
https://openalex.org/W311676011,https://openalex.org/W334756270,0.9463400840759277,0.7095697823245265,0,normal
https://openalex.org/W311676011,https://openalex.org/W455378056,0.945179283618927,0.718187540652422,0,normal
https://openalex.org/W311676011,https://openalex.org/W788534703,0.9454644918441772,0.7160846015259885,0,normal
https://openalex.org/W311676011,https://openalex.org/W365667930,0.9437288045883179,0.728734559923547,0,normal
https://openalex.org/W311676011,https://openalex.org/W715039643,0.9425252079963684,0.7372958439537408,0,normal
https://openalex.org/W311676011,https://openalex.org/W326450296,0.941720724105835,0.7429202833912225,0,normal
https://openalex.org/W311676011,https://openalex.org/W721100110,0.9431290030479431,0.7330228183983059,0,normal
https://openalex.org/W311676011,https://openalex.org/W666913073,0.9443413615226746,0.7243107468062306,0,normal
https://openalex.org/W311676011,https://openalex.org/W388978333,0.9453837871551514,0.7166806252896643,0,normal
https://openalex.org/W311676011,https://openalex.org/W753250510,0.9449116587638855,0.720152200280589,0,normal
https://openalex.org/W311676011,https://openalex.org/W520412074,0.9454172253608704,0.7164337678147994,0,normal
https://openalex.org/W311676011,https://openalex.org/W524038184,0.9449303150177002,0.7200155147648877,0,normal
https://openalex.org/W311676011,https://openalex.org/W516247359,0.9455186128616333,0.7156844810400095,0,normal
https://openalex.org/W311676011,https://openalex.org/W998641904,0.9449213147163391,0.7200814607941751,0,normal
https://openalex.org/W311676011,https://openalex.org/W222543423,0.945227861404419,0.7178300291277274,0,normal
https://openalex.org/W311676011,https://openalex.org/W414703735,0.9454090595245361,0.7164940640741495,0,normal
https://openalex.org/W311676011,https://openalex.org/W164672907,0.9445145130157471,0.7230521976921198,0,normal
https://openalex.org/W311676011,https://openalex.org/W135055795,0.9455953240394592,0.7151167680389573,0,normal
https://openalex.org/W311676011,https://openalex.org/W727149452,0.9457606077194214,0.7138912458083922,0,normal
https://openalex.org/W311676011,https://openalex.org/W461108489,0.9457632303237915,0.7138717746459908,0,normal
https://openalex.org/W311676011,https://openalex.org/W101742283,0.9455682039260864,0.715317552579053,0,normal
https://openalex.org/W311676011,https://openalex.org/W605605995,0.9438098073005676,0.7281521313085291,0,normal
https://openalex.org/W311676011,https://openalex.org/W485237573,0.9993604421615601,0.2623253392455565,0,normal
https://openalex.org/W311676011,https://openalex.org/W379247503,0.9993656277656555,0.26228886619828456,0,normal
https://openalex.org/W311676011,https://openalex.org/W739465865,0.9995332956314087,0.2611113334068107,0,normal
https://openalex.org/W311676011,https://openalex.org/W759666057,0.9994025230407715,0.26202945692610324,0,normal
https://openalex.org/W311676011,https://openalex.org/W567040765,0.9994525909423828,0.26167769615019504,0,normal
https://openalex.org/W311676011,https://openalex.org/W46332083,0.9994800090789795,0.26148519448195373,0,normal
https://openalex.org/W311676011,https://openalex.org/W972297439,0.9995185732841492,0.2612145915564824,0,normal
https://openalex.org/W311676011,https://openalex.org/W912516311,0.999560534954071,0.26092035453320783,0,normal
https://openalex.org/W311676011,https://openalex.org/W691259760,0.9995907545089722,0.2607085865865627,0,normal
https://openalex.org/W311676011,https://openalex.org/W120977504,0.9996011853218079,0.2606355169771985,0,normal
https://openalex.org/W311676011,https://openalex.org/W526067545,0.9997188448905945,0.2598122106513876,0,normal
https://openalex.org/W311676011,https://openalex.org/W763767729,0.999575138092041,0.2608180070162824,0,normal
https://openalex.org/W311676011,https://openalex.org/W655324685,0.9996404647827148,0.26036047671636436,0,normal
https://openalex.org/W311676011,https://openalex.org/W39369868,0.9994673728942871,0.26157390127699875,0,normal
https://openalex.org/W311676011,https://openalex.org/W228645413,0.9996814727783203,0.2600735337605612,0,normal
https://openalex.org/W311676011,https://openalex.org/W892421272,0.9995622038841248,0.26090865635914207,0,normal
https://openalex.org/W311676011,https://openalex.org/W927523660,0.9994089603424072,0.26198421346088474,0,normal
https://openalex.org/W311676011,https://openalex.org/W983782958,0.9994221925735474,0.2618912288301868,0,normal
https://openalex.org/W311676011,https://openalex.org/W417776810,0.9996352195739746,0.2603971935165986,0,normal
https://openalex.org/W311676011,https://openalex.org/W135429719,0.9997329711914062,0.2597134774093122,0,normal
https://openalex.org/W311676011,https://openalex.org/W85054999,0.999444842338562,0.26173211537392777,0,normal
https://openalex.org/W311676011,https://openalex.org/W107558930,0.9996993541717529,0.25994847751537403,0,normal
https://openalex.org/W311676011,https://openalex.org/W213569326,0.9996167421340942,0.2605265635130268,0,normal
https://openalex.org/W311676011,https://openalex.org/W672623334,0.9996511340141296,0.26028580175968324,0,normal
https://openalex.org/W311676011,https://openalex.org/W26295654,0.9994485378265381,0.2617061606791479,0,normal
https://openalex.org/W311676011,https://openalex.org/W765801405,0.9992598295211792,0.26303364678876395,0,normal
https://openalex.org/W311676011,https://openalex.org/W387547345,0.9995869398117065,0.26073531249803505,0,normal
https://openalex.org/W311676011,https://openalex.org/W210408571,0.9994404315948486,0.2617630957329242,0,normal
https://openalex.org/W311676011,https://openalex.org/W365505908,0.999543309211731,0.2610411162259284,0,normal
https://openalex.org/W311676011,https://openalex.org/W500318522,0.9996277689933777,0.26044935382934525,0,normal
https://openalex.org/W311676011,https://openalex.org/W869647018,0.9995798468589783,0.2607850107038476,0,normal
https://openalex.org/W311676011,https://openalex.org/W601966386,0.999587893486023,0.2607286308539091,0,normal
https://openalex.org/W311676011,https://openalex.org/W811675919,0.9992493987083435,0.2631071494689939,0,normal
https://openalex.org/W784383996,https://openalex.org/W85923484,0.9440572261810303,0.7263682866889346,0,normal
https://openalex.org/W784383996,https://openalex.org/W291178543,0.9440572261810303,0.7263682866889346,0,normal
https://openalex.org/W784383996,https://openalex.org/W77917673,0.9451396465301514,0.7184790485136405,0,normal
https://openalex.org/W784383996,https://openalex.org/W556733401,0.9450373649597168,0.7192304224780084,0,normal
https://openalex.org/W784383996,https://openalex.org/W945731721,0.9460243582725525,0.7119290978506092,0,normal
https://openalex.org/W784383996,https://openalex.org/W615774397,0.9454177021980286,0.7164302466259238,0,normal
https://openalex.org/W784383996,https://openalex.org/W537413728,0.9459327459335327,0.7126115471090805,0,normal
https://openalex.org/W784383996,https://openalex.org/W237884500,0.9464590549468994,0.7086777970545486,0,normal
https://openalex.org/W784383996,https://openalex.org/W569398880,0.9457188248634338,0.7142013497068881,0,normal
https://openalex.org/W784383996,https://openalex.org/W425739353,0.9445735812187195,0.7226220513433352,0,normal
https://openalex.org/W784383996,https://openalex.org/W12844123,0.9446746110916138,0.7218853784389014,0,normal
https://openalex.org/W784383996,https://openalex.org/W568875334,0.9452440142631531,0.7177110900992608,0,normal
https://openalex.org/W784383996,https://openalex.org/W873100341,0.9458625912666321,0.713133498606022,0,normal
https://openalex.org/W784383996,https://openalex.org/W70306005,0.9458204507827759,0.7134467517141025,0,normal
https://openalex.org/W784383996,https://openalex.org/W334756270,0.9470363259315491,0.7043268981834583,0,normal
https://openalex.org/W784383996,https://openalex.org/W455378056,0.9461320638656616,0.7111255322108727,0,normal
https://openalex.org/W784383996,https://openalex.org/W788534703,0.9461587071418762,0.7109265478838165,0,normal
https://openalex.org/W784383996,https://openalex.org/W638373465,0.945847749710083,0.7132438473067132,0,normal
https://openalex.org/W784383996,https://openalex.org/W365667930,0.9444283246994019,0.7236790991579082,0,normal
https://openalex.org/W784383996,https://openalex.org/W715039643,0.9433201551437378,0.7316608729447234,0,normal
https://openalex.org/W784383996,https://openalex.org/W326450296,0.9424142837524414,0.7380760446653465,0,normal
https://openalex.org/W784383996,https://openalex.org/W721100110,0.9437369108200073,0.7286763094910289,0,normal
https://openalex.org/W784383996,https://openalex.org/W666913073,0.9448162913322449,0.7208502744624562,0,normal
https://openalex.org/W784383996,https://openalex.org/W532600448,0.945045530796051,0.719170480086269,0,normal
https://openalex.org/W784383996,https://openalex.org/W388978333,0.9462995529174805,0.7098732963919907,0,normal
https://openalex.org/W784383996,https://openalex.org/W753250510,0.945991575717926,0.7121734162975636,0,normal
https://openalex.org/W784383996,https://openalex.org/W520412074,0.9462131261825562,0.7105198686864606,0,normal
https://openalex.org/W784383996,https://openalex.org/W524038184,0.945862352848053,0.7131352714765008,0,normal
https://openalex.org/W784383996,https://openalex.org/W516247359,0.9462649822235107,0.7101320277720182,0,normal
https://openalex.org/W784383996,https://openalex.org/W150888063,0.9454333782196045,0.7163144728330673,0,normal
https://openalex.org/W784383996,https://openalex.org/W998641904,0.9457098245620728,0.7142681217240132,0,normal
https://openalex.org/W784383996,https://openalex.org/W222543423,0.9459348917007446,0.7125955736483965,0,normal
https://openalex.org/W784383996,https://openalex.org/W414703735,0.9458436965942383,0.7132739782822036,0,normal
https://openalex.org/W784383996,https://openalex.org/W164672907,0.9456490278244019,0.7147189192373293,0,normal
https://openalex.org/W784383996,https://openalex.org/W135055795,0.9463222026824951,0.7097037087090562,0,normal
https://openalex.org/W784383996,https://openalex.org/W101479238,0.9449910521507263,0.7195702401111949,0,normal
https://openalex.org/W784383996,https://openalex.org/W727149452,0.9464449882507324,0.7087833463198233,0,normal
https://openalex.org/W784383996,https://openalex.org/W461108489,0.9465189576148987,0.7082280660571416,0,normal
https://openalex.org/W784383996,https://openalex.org/W101742283,0.9461351037025452,0.7111028334117172,0,normal
https://openalex.org/W784383996,https://openalex.org/W605605995,0.9446687698364258,0.7219280034815838,0,normal
https://openalex.org/W784383996,https://openalex.org/W485237573,0.9993441700935364,0.2624398103687157,0,normal
https://openalex.org/W784383996,https://openalex.org/W379247503,0.9993097186088562,0.26268227663539745,0,normal
https://openalex.org/W784383996,https://openalex.org/W739465865,0.9993566274642944,0.26235217207929845,0,normal
https://openalex.org/W784383996,https://openalex.org/W759666057,0.9995401501655579,0.26106326675598485,0,normal
https://openalex.org/W784383996,https://openalex.org/W567040765,0.9994201064109802,0.26190588715531227,0,normal
https://openalex.org/W784383996,https://openalex.org/W164865427,0.9993844032287598,0.2621568359541085,0,normal
https://openalex.org/W784383996,https://openalex.org/W46332083,0.9994176030158997,0.2619234778441444,0,normal
https://openalex.org/W784383996,https://openalex.org/W972297439,0.9995096921920776,0.2612768936485383,0,normal
https://openalex.org/W784383996,https://openalex.org/W912516311,0.9994848370552063,0.2614513069223101,0,normal
https://openalex.org/W784383996,https://openalex.org/W691259760,0.999537467956543,0.261082074763941,0,normal
https://openalex.org/W784383996,https://openalex.org/W120977504,0.9995130300521851,0.26125347697073287,0,normal
https://openalex.org/W784383996,https://openalex.org/W971757993,0.9995473027229309,0.26101311635203983,0,normal
https://openalex.org/W784383996,https://openalex.org/W526067545,0.9995397329330444,0.2610661923885612,0,normal
https://openalex.org/W784383996,https://openalex.org/W763767729,0.9996640682220459,0.26019529263554014,0,normal
https://openalex.org/W784383996,https://openalex.org/W655324685,0.9995251893997192,0.261168184830955,0,normal
https://openalex.org/W784383996,https://openalex.org/W39369868,0.9995361566543579,0.26109127010895405,0,normal
https://openalex.org/W784383996,https://openalex.org/W228645413,0.9995524287223816,0.2609771790624841,0,normal
https://openalex.org/W784383996,https://openalex.org/W466940171,0.9995105266571045,0.2612710393519136,0,normal
https://openalex.org/W784383996,https://openalex.org/W892421272,0.9994505643844604,0.26169192816483333,0,normal
https://openalex.org/W784383996,https://openalex.org/W927523660,0.9993734955787659,0.26223353402300204,0,normal
https://openalex.org/W784383996,https://openalex.org/W983782958,0.9993009567260742,0.26274396492754465,0,normal
https://openalex.org/W784383996,https://openalex.org/W417776810,0.9994435906410217,0.2617409068569041,0,normal
https://openalex.org/W784383996,https://openalex.org/W311676011,0.9996975064277649,0.25996139818658387,0,normal
https://openalex.org/W784383996,https://openalex.org/W135429719,0.9997450709342957,0.2596289277986405,0,normal
https://openalex.org/W784383996,https://openalex.org/W85054999,0.9995539784431458,0.2609663149306395,0,normal
https://openalex.org/W784383996,https://openalex.org/W107558930,0.9996140003204346,0.2605457638977148,0,normal
https://openalex.org/W784383996,https://openalex.org/W213569326,0.9996570348739624,0.2602445070476249,0,normal
https://openalex.org/W784383996,https://openalex.org/W672623334,0.9995242357254028,0.2611748737598955,0,normal
https://openalex.org/W784383996,https://openalex.org/W901693008,0.9993579387664795,0.26234294809322717,0,normal
https://openalex.org/W784383996,https://openalex.org/W26295654,0.9993293881416321,0.26254382667691933,0,normal
https://openalex.org/W784383996,https://openalex.org/W765801405,0.9991425275802612,0.26386099734897644,0,normal
https://openalex.org/W784383996,https://openalex.org/W387547345,0.9992989301681519,0.26275823429552053,0,normal
https://openalex.org/W784383996,https://openalex.org/W210408571,0.9995644688606262,0.260892780808534,0,normal
https://openalex.org/W784383996,https://openalex.org/W365505908,0.9994344711303711,0.2618049648429727,0,normal
https://openalex.org/W784383996,https://openalex.org/W412780848,0.9990233182907104,0.26470350933980474,0,normal
https://openalex.org/W784383996,https://openalex.org/W500318522,0.9994807243347168,0.2614801739237296,0,normal
https://openalex.org/W784383996,https://openalex.org/W869647018,0.9994997382164001,0.2613467335811717,0,normal
https://openalex.org/W784383996,https://openalex.org/W601966386,0.9993878602981567,0.2621325302949719,0,normal
https://openalex.org/W784383996,https://openalex.org/W811675919,0.9992562532424927,0.26305884622004,0,normal
https://openalex.org/W135429719,https://openalex.org/W85923484,0.9434800744056702,0.7305180850161376,0,normal
https://openalex.org/W135429719,https://openalex.org/W537413728,0.9453569650650024,0.7168785453557258,0,normal
https://openalex.org/W135429719,https://openalex.org/W873100341,0.9452131986618042,0.7179379695816754,0,normal
https://openalex.org/W135429719,https://openalex.org/W365667930,0.9437292814254761,0.7287311336448424,0,normal
https://openalex.org/W135429719,https://openalex.org/W388978333,0.9458823800086975,0.7129863275287514,0,normal
https://openalex.org/W135429719,https://openalex.org/W998641904,0.9451073408126831,0.7187165026867639,0,normal
https://openalex.org/W135429719,https://openalex.org/W727149452,0.9459552764892578,0.7124437993544254,0,normal
https://openalex.org/W135429719,https://openalex.org/W485237573,0.9994813799858093,0.2614755718000565,0,normal
https://openalex.org/W135429719,https://openalex.org/W46332083,0.9995526075363159,0.2609759254938788,0,normal
https://openalex.org/W135429719,https://openalex.org/W526067545,0.9996504783630371,0.2602903903231652,0,normal
https://openalex.org/W135429719,https://openalex.org/W892421272,0.9994872808456421,0.2614341550415071,0,normal
https://openalex.org/W135429719,https://openalex.org/W26295654,0.9994509220123291,0.26168941659652933,0,normal
https://openalex.org/W135429719,https://openalex.org/W500318522,0.9996589422225952,0.26023116017012077,0,normal
https://openalex.org/W85054999,https://openalex.org/W85923484,0.9432257413864136,0.7323341140070437,0,normal
https://openalex.org/W85054999,https://openalex.org/W291178543,0.9433668255805969,0.7313276818823097,0,normal
https://openalex.org/W85054999,https://openalex.org/W537413728,0.9449225664138794,0.720072290060507,0,normal
https://openalex.org/W85054999,https://openalex.org/W237884500,0.9455775022506714,0.7152487217630747,0,normal
https://openalex.org/W85054999,https://openalex.org/W873100341,0.944929838180542,0.7200190088324382,0,normal
https://openalex.org/W85054999,https://openalex.org/W70306005,0.9447944164276123,0.7210102447049286,0,normal
https://openalex.org/W85054999,https://openalex.org/W365667930,0.9437872767448425,0.7283142099692751,0,normal
https://openalex.org/W85054999,https://openalex.org/W715039643,0.9426664710044861,0.7363000883683002,0,normal
https://openalex.org/W85054999,https://openalex.org/W388978333,0.9455318450927734,0.7155866025339378,0,normal
https://openalex.org/W85054999,https://openalex.org/W753250510,0.9460475444793701,0.7117562235510295,0,normal
https://openalex.org/W85054999,https://openalex.org/W998641904,0.9451256990432739,0.7185815805828695,0,normal
https://openalex.org/W85054999,https://openalex.org/W222543423,0.9454574584960938,0.7161365746044404,0,normal
https://openalex.org/W85054999,https://openalex.org/W727149452,0.9456360340118408,0.7148152107122849,0,normal
https://openalex.org/W85054999,https://openalex.org/W461108489,0.9459151029586792,0.7127428643653938,0,normal
https://openalex.org/W85054999,https://openalex.org/W485237573,0.9991797804832458,0.2635980654492841,0,normal
https://openalex.org/W85054999,https://openalex.org/W379247503,0.9992181062698364,0.263327736731117,0,normal
https://openalex.org/W85054999,https://openalex.org/W46332083,0.9991570711135864,0.2637583287161158,0,normal
https://openalex.org/W85054999,https://openalex.org/W972297439,0.9993278384208679,0.26255473314991523,0,normal
https://openalex.org/W85054999,https://openalex.org/W526067545,0.9993376135826111,0.26248594335826375,0,normal
https://openalex.org/W85054999,https://openalex.org/W763767729,0.9993647933006287,0.26229473520363933,0,normal
https://openalex.org/W85054999,https://openalex.org/W892421272,0.9994057416915894,0.26200683456362356,0,normal
https://openalex.org/W85054999,https://openalex.org/W927523660,0.9992891550064087,0.26282707001629513,0,normal
https://openalex.org/W85054999,https://openalex.org/W135429719,0.9996383190155029,0.2603754968200602,0,normal
https://openalex.org/W85054999,https://openalex.org/W26295654,0.9993480443954468,0.26241255242097195,0,normal
https://openalex.org/W85054999,https://openalex.org/W765801405,0.9992434978485107,0.2631487368333707,0,normal
https://openalex.org/W85054999,https://openalex.org/W500318522,0.9993478059768677,0.2624142297804738,0,normal
https://openalex.org/W85054999,https://openalex.org/W869647018,0.999481201171875,0.26147682691950574,0,normal
https://openalex.org/W107558930,https://openalex.org/W85923484,0.942844569683075,0.735041232777404,0,normal
https://openalex.org/W107558930,https://openalex.org/W291178543,0.942804217338562,0.7353267918984068,0,normal
https://openalex.org/W107558930,https://openalex.org/W77917673,0.9440814256668091,0.7261934216701182,0,normal
https://openalex.org/W107558930,https://openalex.org/W537413728,0.9449893236160278,0.7195829182775234,0,normal
https://openalex.org/W107558930,https://openalex.org/W237884500,0.9452786445617676,0.7174559928787083,0,normal
https://openalex.org/W107558930,https://openalex.org/W569398880,0.9445539712905884,0.7227649003605962,0,normal
https://openalex.org/W107558930,https://openalex.org/W873100341,0.9448080062866211,0.7209108692590225,0,normal
https://openalex.org/W107558930,https://openalex.org/W70306005,0.9445072412490845,0.7231051236763355,0,normal
https://openalex.org/W107558930,https://openalex.org/W334756270,0.9458009600639343,0.7135915675688568,0,normal
https://openalex.org/W107558930,https://openalex.org/W365667930,0.9431700706481934,0.7327305855591559,0,normal
https://openalex.org/W107558930,https://openalex.org/W715039643,0.9419244527816772,0.741503416043388,0,normal
https://openalex.org/W107558930,https://openalex.org/W326450296,0.9409468173980713,0.7482560841595742,0,normal
https://openalex.org/W107558930,https://openalex.org/W388978333,0.9449159502983093,0.7201207618582586,0,normal
https://openalex.org/W107558930,https://openalex.org/W753250510,0.94463050365448,0.722207141638952,0,normal
https://openalex.org/W107558930,https://openalex.org/W520412074,0.9453752040863037,0.7167439688127445,0,normal
https://openalex.org/W107558930,https://openalex.org/W998641904,0.9446013569831848,0.7224196404924663,0,normal
https://openalex.org/W107558930,https://openalex.org/W222543423,0.9446333646774292,0.7221862774612497,0,normal
https://openalex.org/W107558930,https://openalex.org/W414703735,0.9448931217193604,0.720287971990894,0,normal
https://openalex.org/W107558930,https://openalex.org/W727149452,0.9454952478408813,0.7158572619694646,0,normal
https://openalex.org/W107558930,https://openalex.org/W461108489,0.9453822374343872,0.7166920629482989,0,normal
https://openalex.org/W107558930,https://openalex.org/W101742283,0.9451084136962891,0.7187086187120183,0,normal
https://openalex.org/W107558930,https://openalex.org/W485237573,0.9994698762893677,0.26155632574577403,0,normal
https://openalex.org/W107558930,https://openalex.org/W379247503,0.999399721622467,0.26204914778545035,0,normal
https://openalex.org/W107558930,https://openalex.org/W739465865,0.9995492696762085,0.2609993260834106,0,normal
https://openalex.org/W107558930,https://openalex.org/W46332083,0.9996830224990845,0.2600626940086212,0,normal
https://openalex.org/W107558930,https://openalex.org/W972297439,0.9996408820152283,0.26035755620584633,0,normal
https://openalex.org/W107558930,https://openalex.org/W912516311,0.9996373653411865,0.2603821726019225,0,normal
https://openalex.org/W107558930,https://openalex.org/W526067545,0.9997776746749878,0.2594011909823851,0,normal
https://openalex.org/W107558930,https://openalex.org/W763767729,0.9997116327285767,0.25986262815450756,0,normal
https://openalex.org/W107558930,https://openalex.org/W655324685,0.9996282458305359,0.2604460153666022,0,normal
https://openalex.org/W107558930,https://openalex.org/W892421272,0.9995238184928894,0.26117780020113385,0,normal
https://openalex.org/W107558930,https://openalex.org/W927523660,0.9993430376052856,0.26244777842100475,0,normal
https://openalex.org/W107558930,https://openalex.org/W983782958,0.9992485046386719,0.26311345031317623,0,normal
https://openalex.org/W107558930,https://openalex.org/W135429719,0.9997673034667969,0.2594736196932914,0,normal
https://openalex.org/W107558930,https://openalex.org/W85054999,0.9995793104171753,0.26078876964104963,0,normal
https://openalex.org/W107558930,https://openalex.org/W26295654,0.9995490312576294,0.26100099760602335,0,normal
https://openalex.org/W107558930,https://openalex.org/W765801405,0.9991896748542786,0.2635282590165568,0,normal
https://openalex.org/W107558930,https://openalex.org/W387547345,0.9995748996734619,0.26081967778750786,0,normal
https://openalex.org/W107558930,https://openalex.org/W500318522,0.9997621774673462,0.25950942264256244,0,normal
https://openalex.org/W107558930,https://openalex.org/W869647018,0.9996492862701416,0.2602987333001763,0,normal
https://openalex.org/W107558930,https://openalex.org/W601966386,0.9996088147163391,0.26058208017439616,0,normal
https://openalex.org/W213569326,https://openalex.org/W85923484,0.943276047706604,0.7319755255518741,0,normal
https://openalex.org/W213569326,https://openalex.org/W291178543,0.9433125257492065,0.7317153160697365,0,normal
https://openalex.org/W213569326,https://openalex.org/W77917673,0.9443599581718445,0.7241757472492114,0,normal
https://openalex.org/W213569326,https://openalex.org/W556733401,0.9441336393356323,0.7258158896536374,0,normal
https://openalex.org/W213569326,https://openalex.org/W537413728,0.9453388452529907,0.7170122039981506,0,normal
https://openalex.org/W213569326,https://openalex.org/W237884500,0.9458670020103455,0.7131006993208908,0,normal
https://openalex.org/W213569326,https://openalex.org/W569398880,0.9450627565383911,0.7190440066886824,0,normal
https://openalex.org/W213569326,https://openalex.org/W425739353,0.9438878297805786,0.7275903909143232,0,normal
https://openalex.org/W213569326,https://openalex.org/W873100341,0.94511878490448,0.7186324000229063,0,normal
https://openalex.org/W213569326,https://openalex.org/W70306005,0.9450359344482422,0.7192409225320336,0,normal
https://openalex.org/W213569326,https://openalex.org/W334756270,0.9463449716567993,0.7095331694288088,0,normal
https://openalex.org/W213569326,https://openalex.org/W455378056,0.94529789686203,0.717314114208022,0,normal
https://openalex.org/W213569326,https://openalex.org/W365667930,0.9434760808944702,0.7305466601327761,0,normal
https://openalex.org/W213569326,https://openalex.org/W715039643,0.9423296451568604,0.7386703552974783,0,normal
https://openalex.org/W213569326,https://openalex.org/W326450296,0.9412637948989868,0.7460795579397063,0,normal
https://openalex.org/W213569326,https://openalex.org/W721100110,0.9427168369293213,0.7359444763038384,0,normal
https://openalex.org/W213569326,https://openalex.org/W388978333,0.9452633261680603,0.7175688500196,0,normal
https://openalex.org/W213569326,https://openalex.org/W753250510,0.9450103044509888,0.7194290079258002,0,normal
https://openalex.org/W213569326,https://openalex.org/W520412074,0.9455234408378601,0.7156487709646248,0,normal
https://openalex.org/W213569326,https://openalex.org/W524038184,0.9453877210617065,0.7166515899791758,0,normal
https://openalex.org/W213569326,https://openalex.org/W998641904,0.9451104998588562,0.7186932883761329,0,normal
https://openalex.org/W213569326,https://openalex.org/W222543423,0.9454508423805237,0.7161854592918303,0,normal
https://openalex.org/W213569326,https://openalex.org/W414703735,0.9452815651893616,0.7174344722666754,0,normal
https://openalex.org/W213569326,https://openalex.org/W164672907,0.9448037147521973,0.7209422533223476,0,normal
https://openalex.org/W213569326,https://openalex.org/W727149452,0.9458016157150269,0.7135866967996641,0,normal
https://openalex.org/W213569326,https://openalex.org/W461108489,0.9460591077804565,0.711669985539081,0,normal
https://openalex.org/W213569326,https://openalex.org/W101742283,0.9455535411834717,0.7154260731272094,0,normal
https://openalex.org/W213569326,https://openalex.org/W605605995,0.9439886808395386,0.7268632160188606,0,normal
https://openalex.org/W213569326,https://openalex.org/W485237573,0.9994910359382629,0.26140780112914347,0,normal
https://openalex.org/W213569326,https://openalex.org/W379247503,0.9994504451751709,0.26169276535772595,0,normal
https://openalex.org/W213569326,https://openalex.org/W739465865,0.9994657635688782,0.26158520023550685,0,normal
https://openalex.org/W213569326,https://openalex.org/W759666057,0.9995795488357544,0.26078709899796404,0,normal
https://openalex.org/W213569326,https://openalex.org/W46332083,0.9996510744094849,0.2602862188996516,0,normal
https://openalex.org/W213569326,https://openalex.org/W972297439,0.999748170375824,0.2596072726460165,0,normal
https://openalex.org/W213569326,https://openalex.org/W912516311,0.9996870160102844,0.26003476215211274,0,normal
https://openalex.org/W213569326,https://openalex.org/W691259760,0.9997320771217346,0.25971972562661794,0,normal
https://openalex.org/W213569326,https://openalex.org/W526067545,0.9997071027755737,0.2598942985924454,0,normal
https://openalex.org/W213569326,https://openalex.org/W763767729,0.9997906684875488,0.25931046550612374,0,normal
https://openalex.org/W213569326,https://openalex.org/W655324685,0.9996945858001709,0.2599818220327068,0,normal
https://openalex.org/W213569326,https://openalex.org/W39369868,0.9996083378791809,0.2605854197667056,0,normal
https://openalex.org/W213569326,https://openalex.org/W892421272,0.9994525909423828,0.26167769615019504,0,normal
https://openalex.org/W213569326,https://openalex.org/W927523660,0.9993256330490112,0.2625702544029717,0,normal
https://openalex.org/W213569326,https://openalex.org/W983782958,0.999172031879425,0.26365274142616957,0,normal
https://openalex.org/W213569326,https://openalex.org/W417776810,0.9993979930877686,0.2620612979406639,0,normal
https://openalex.org/W213569326,https://openalex.org/W135429719,0.9997152090072632,0.25983762694623264,0,normal
https://openalex.org/W213569326,https://openalex.org/W85054999,0.9995720386505127,0.26083972758245855,0,normal
https://openalex.org/W213569326,https://openalex.org/W107558930,0.9998190999031067,0.2591120234463372,0,normal
https://openalex.org/W213569326,https://openalex.org/W26295654,0.9995793700218201,0.26078835197962885,0,normal
https://openalex.org/W213569326,https://openalex.org/W765801405,0.9994217157363892,0.2618945792578352,0,normal
https://openalex.org/W213569326,https://openalex.org/W387547345,0.9995559453964233,0.26095252626153814,0,normal
https://openalex.org/W213569326,https://openalex.org/W210408571,0.9996598958969116,0.26022448689776434,0,normal
https://openalex.org/W213569326,https://openalex.org/W500318522,0.9996787309646606,0.2600927125009947,0,normal
https://openalex.org/W213569326,https://openalex.org/W869647018,0.9997812509536743,0.2593762186108915,0,normal
https://openalex.org/W213569326,https://openalex.org/W601966386,0.9995980262756348,0.26065764523041535,0,normal
https://openalex.org/W213569326,https://openalex.org/W811675919,0.999386727809906,0.26214049233363296,0,normal
https://openalex.org/W672623334,https://openalex.org/W85923484,0.942349374294281,0.738531900245539,0,normal
https://openalex.org/W672623334,https://openalex.org/W291178543,0.942360520362854,0.7384536584718104,0,normal
https://openalex.org/W672623334,https://openalex.org/W77917673,0.9435352683067322,0.7301229554958849,0,normal
https://openalex.org/W672623334,https://openalex.org/W556733401,0.943095326423645,0.733262306154569,0,normal
https://openalex.org/W672623334,https://openalex.org/W945731721,0.9443976283073425,0.7239021612235523,0,normal
https://openalex.org/W672623334,https://openalex.org/W537413728,0.9443499445915222,0.7242484444039231,0,normal
https://openalex.org/W672623334,https://openalex.org/W237884500,0.9448469877243042,0.7206256983118748,0,normal
https://openalex.org/W672623334,https://openalex.org/W569398880,0.9442876577377319,0.7247003714718045,0,normal
https://openalex.org/W672623334,https://openalex.org/W425739353,0.9429526925086975,0.7342751155576513,0,normal
https://openalex.org/W672623334,https://openalex.org/W12844123,0.9431074857711792,0.7331758520067985,0,normal
https://openalex.org/W672623334,https://openalex.org/W873100341,0.9443468451499939,0.7242709434993897,0,normal
https://openalex.org/W672623334,https://openalex.org/W70306005,0.9440962076187134,0.726086573327807,0,normal
https://openalex.org/W672623334,https://openalex.org/W334756270,0.9455612301826477,0.7153691691172518,0,normal
https://openalex.org/W672623334,https://openalex.org/W455378056,0.9444213509559631,0.7237297851727842,0,normal
https://openalex.org/W672623334,https://openalex.org/W788534703,0.9445352554321289,0.7229011942023517,0,normal
https://openalex.org/W672623334,https://openalex.org/W365667930,0.9429144263267517,0.7345464167140614,0,normal
https://openalex.org/W672623334,https://openalex.org/W715039643,0.9414024353027344,0.7451236905646597,0,normal
https://openalex.org/W672623334,https://openalex.org/W326450296,0.9405511021614075,0.7509558342314584,0,normal
https://openalex.org/W672623334,https://openalex.org/W721100110,0.9418835639953613,0.7417881919807552,0,normal
https://openalex.org/W672623334,https://openalex.org/W666913073,0.9430655241012573,0.7334741281880031,0,normal
https://openalex.org/W672623334,https://openalex.org/W388978333,0.9444460272789001,0.7235504088448622,0,normal
https://openalex.org/W672623334,https://openalex.org/W753250510,0.944238543510437,0.7250563994859209,0,normal
https://openalex.org/W672623334,https://openalex.org/W520412074,0.9446686506271362,0.7219288733385911,0,normal
https://openalex.org/W672623334,https://openalex.org/W524038184,0.9444154500961304,0.723772668849128,0,normal
https://openalex.org/W672623334,https://openalex.org/W516247359,0.9452246427536011,0.7178537255211802,0,normal
https://openalex.org/W672623334,https://openalex.org/W998641904,0.9445428848266602,0.7228456399183583,0,normal
https://openalex.org/W672623334,https://openalex.org/W222543423,0.944656491279602,0.722017589964639,0,normal
https://openalex.org/W672623334,https://openalex.org/W414703735,0.9446914196014404,0.7217627002980015,0,normal
https://openalex.org/W672623334,https://openalex.org/W164672907,0.9439888000488281,0.7268623557574331,0,normal
https://openalex.org/W672623334,https://openalex.org/W135055795,0.944987416267395,0.7195969075723254,0,normal
https://openalex.org/W672623334,https://openalex.org/W727149452,0.9449488520622253,0.7198796622365228,0,normal
https://openalex.org/W672623334,https://openalex.org/W461108489,0.9451209306716919,0.718616629070134,0,normal
https://openalex.org/W672623334,https://openalex.org/W101742283,0.9449822902679443,0.7196345016914318,0,normal
https://openalex.org/W672623334,https://openalex.org/W605605995,0.9430536031723022,0.7335588270104164,0,normal
https://openalex.org/W672623334,https://openalex.org/W485237573,0.9993684887886047,0.26226874453673094,0,normal
https://openalex.org/W672623334,https://openalex.org/W379247503,0.9992955923080444,0.2627817378711775,0,normal
https://openalex.org/W672623334,https://openalex.org/W739465865,0.9993683099746704,0.26227000211143103,0,normal
https://openalex.org/W672623334,https://openalex.org/W759666057,0.9993419647216797,0.2624553272458693,0,normal
https://openalex.org/W672623334,https://openalex.org/W567040765,0.9993946552276611,0.2620847613374315,0,normal
https://openalex.org/W672623334,https://openalex.org/W46332083,0.9994502663612366,0.2616940211503067,0,normal
https://openalex.org/W672623334,https://openalex.org/W972297439,0.9995477795600891,0.2610097732133391,0,normal
https://openalex.org/W672623334,https://openalex.org/W912516311,0.9996103048324585,0.26057164412707,0,normal
https://openalex.org/W672623334,https://openalex.org/W691259760,0.9995626211166382,0.2609057318686468,0,normal
https://openalex.org/W672623334,https://openalex.org/W120977504,0.9995986223220825,0.2606534699952,0,normal
https://openalex.org/W672623334,https://openalex.org/W526067545,0.9996467232704163,0.26031667128761715,0,normal
https://openalex.org/W672623334,https://openalex.org/W763767729,0.9996171593666077,0.26052364179569765,0,normal
https://openalex.org/W672623334,https://openalex.org/W655324685,0.999622106552124,0.2604890001936334,0,normal
https://openalex.org/W672623334,https://openalex.org/W39369868,0.9994848966598511,0.26145088857510534,0,normal
https://openalex.org/W672623334,https://openalex.org/W228645413,0.9995890855789185,0.2607202789546174,0,normal
https://openalex.org/W672623334,https://openalex.org/W892421272,0.9995410442352295,0.2610569976147191,0,normal
https://openalex.org/W672623334,https://openalex.org/W927523660,0.9991555213928223,0.26376926759589536,0,normal
https://openalex.org/W672623334,https://openalex.org/W983782958,0.9991366863250732,0.2639022403274999,0,normal
https://openalex.org/W672623334,https://openalex.org/W417776810,0.9993080496788025,0.26269402606743614,0,normal
https://openalex.org/W672623334,https://openalex.org/W311676011,0.9996511340141296,0.26028580175968324,0,normal
https://openalex.org/W672623334,https://openalex.org/W135429719,0.9996235370635986,0.260478983900982,0,normal
https://openalex.org/W672623334,https://openalex.org/W85054999,0.9995185732841492,0.2612145915564824,0,normal
https://openalex.org/W672623334,https://openalex.org/W107558930,0.9997328519821167,0.259714310499315,0,normal
https://openalex.org/W672623334,https://openalex.org/W213569326,0.9998122453689575,0.25915985683646137,0,normal
https://openalex.org/W672623334,https://openalex.org/W26295654,0.999671995639801,0.2601398293874047,0,normal
https://openalex.org/W672623334,https://openalex.org/W765801405,0.9993984699249268,0.2620579461374227,0,normal
https://openalex.org/W672623334,https://openalex.org/W387547345,0.9996395111083984,0.2603671522486911,0,normal
https://openalex.org/W672623334,https://openalex.org/W210408571,0.9996118545532227,0.2605607909249797,0,normal
https://openalex.org/W672623334,https://openalex.org/W365505908,0.9996333122253418,0.26041054591208007,0,normal
https://openalex.org/W672623334,https://openalex.org/W500318522,0.9995993971824646,0.26064804225415583,0,normal
https://openalex.org/W672623334,https://openalex.org/W869647018,0.9996721744537354,0.26013857842510374,0,normal
https://openalex.org/W672623334,https://openalex.org/W601966386,0.9997198581695557,0.2598051277091687,0,normal
https://openalex.org/W672623334,https://openalex.org/W811675919,0.9992422461509705,0.26315755893876175,0,normal
https://openalex.org/W901693008,https://openalex.org/W85923484,0.9430677890777588,0.7334580334740888,0,normal
https://openalex.org/W901693008,https://openalex.org/W291178543,0.9430456161499023,0.7336155656316135,0,normal
https://openalex.org/W901693008,https://openalex.org/W77917673,0.9442436099052429,0.7250196865196675,0,normal
https://openalex.org/W901693008,https://openalex.org/W556733401,0.9438180923461914,0.7280925157194252,0,normal
https://openalex.org/W901693008,https://openalex.org/W945731721,0.9451676607131958,0.718273039404416,0,normal
https://openalex.org/W901693008,https://openalex.org/W615774397,0.944543719291687,0.7228395632519282,0,normal
https://openalex.org/W901693008,https://openalex.org/W537413728,0.9450539350509644,0.7191087794073963,0,normal
https://openalex.org/W901693008,https://openalex.org/W237884500,0.9455268383026123,0.7156236400320221,0,normal
https://openalex.org/W901693008,https://openalex.org/W569398880,0.9447916746139526,0.7210302915069835,0,normal
https://openalex.org/W901693008,https://openalex.org/W425739353,0.9439157843589783,0.7273889490309827,0,normal
https://openalex.org/W901693008,https://openalex.org/W12844123,0.943731963634491,0.7287118603209427,0,normal
https://openalex.org/W901693008,https://openalex.org/W568875334,0.9442954659461975,0.724643743599443,0,normal
https://openalex.org/W901693008,https://openalex.org/W873100341,0.9448769092559814,0.7204066846318101,0,normal
https://openalex.org/W901693008,https://openalex.org/W70306005,0.9446864128112793,0.7217992462001536,0,normal
https://openalex.org/W901693008,https://openalex.org/W334756270,0.9463520050048828,0.7094804777951955,0,normal
https://openalex.org/W901693008,https://openalex.org/W455378056,0.945112943649292,0.7186753293359864,0,normal
https://openalex.org/W901693008,https://openalex.org/W788534703,0.9451843500137329,0.7181502670321434,0,normal
https://openalex.org/W901693008,https://openalex.org/W638373465,0.944894552230835,0.7202774958660376,0,normal
https://openalex.org/W901693008,https://openalex.org/W365667930,0.943207859992981,0.7324615010030159,0,normal
https://openalex.org/W901693008,https://openalex.org/W715039643,0.9427207112312317,0.7359171087968159,0,normal
https://openalex.org/W901693008,https://openalex.org/W326450296,0.941076934337616,0.7473641361648323,0,normal
https://openalex.org/W901693008,https://openalex.org/W721100110,0.942410945892334,0.7380994987753312,0,normal
https://openalex.org/W901693008,https://openalex.org/W666913073,0.9436017870903015,0.7296462668722463,0,normal
https://openalex.org/W901693008,https://openalex.org/W532600448,0.9433736205101013,0.7312791494851482,0,normal
https://openalex.org/W901693008,https://openalex.org/W388978333,0.9451936483383179,0.7180818511840175,0,normal
https://openalex.org/W901693008,https://openalex.org/W753250510,0.9448187351226807,0.7208323996376182,0,normal
https://openalex.org/W901693008,https://openalex.org/W520412074,0.9452793598175049,0.7174507226166082,0,normal
https://openalex.org/W901693008,https://openalex.org/W524038184,0.9450585842132568,0.7190746435682084,0,normal
https://openalex.org/W901693008,https://openalex.org/W516247359,0.9456397891044617,0.7147873853664242,0,normal
https://openalex.org/W901693008,https://openalex.org/W150888063,0.9457271099090576,0.7141398758024381,0,normal
https://openalex.org/W901693008,https://openalex.org/W998641904,0.9452947378158569,0.7173373975693833,0,normal
https://openalex.org/W901693008,https://openalex.org/W222543423,0.9455246925354004,0.7156395123557021,0,normal
https://openalex.org/W901693008,https://openalex.org/W414703735,0.945417582988739,0.7164311269256195,0,normal
https://openalex.org/W901693008,https://openalex.org/W164672907,0.9446138143539429,0.7223288301227913,0,normal
https://openalex.org/W901693008,https://openalex.org/W135055795,0.9458013772964478,0.7135884679941988,0,normal
https://openalex.org/W901693008,https://openalex.org/W101479238,0.9442410469055176,0.7250382593417325,0,normal
https://openalex.org/W901693008,https://openalex.org/W727149452,0.9456363916397095,0.7148125607496424,0,normal
https://openalex.org/W901693008,https://openalex.org/W461108489,0.9457439184188843,0.7140151346003694,0,normal
https://openalex.org/W901693008,https://openalex.org/W101742283,0.9454480409622192,0.7162061566818464,0,normal
https://openalex.org/W901693008,https://openalex.org/W605605995,0.9444413185119629,0.7235846432167187,0,normal
https://openalex.org/W901693008,https://openalex.org/W485237573,0.9991897344589233,0.2635278385318522,0,normal
https://openalex.org/W901693008,https://openalex.org/W379247503,0.9991201162338257,0.2640192582173721,0,normal
https://openalex.org/W901693008,https://openalex.org/W739465865,0.9992201924324036,0.26331302721725497,0,normal
https://openalex.org/W901693008,https://openalex.org/W759666057,0.999197781085968,0.26347107705208533,0,normal
https://openalex.org/W901693008,https://openalex.org/W567040765,0.9992949962615967,0.2627859350806304,0,normal
https://openalex.org/W901693008,https://openalex.org/W164865427,0.9992542862892151,0.2630727065689406,0,normal
https://openalex.org/W901693008,https://openalex.org/W46332083,0.9993061423301697,0.26270745440399623,0,normal
https://openalex.org/W901693008,https://openalex.org/W972297439,0.999364972114563,0.2622934775525101,0,normal
https://openalex.org/W901693008,https://openalex.org/W912516311,0.9993457198143005,0.26242890697074994,0,normal
https://openalex.org/W901693008,https://openalex.org/W691259760,0.999521017074585,0.26119744971273445,0,normal
https://openalex.org/W901693008,https://openalex.org/W120977504,0.9993820190429688,0.26217359932417283,0,normal
https://openalex.org/W901693008,https://openalex.org/W971757993,0.9994036555290222,0.26202149706233135,0,normal
https://openalex.org/W901693008,https://openalex.org/W526067545,0.9993805289268494,0.2621840767813704,0,normal
https://openalex.org/W901693008,https://openalex.org/W763767729,0.9993706941604614,0.26225323476830675,0,normal
https://openalex.org/W901693008,https://openalex.org/W655324685,0.9995334148406982,0.26111049741616327,0,normal
https://openalex.org/W901693008,https://openalex.org/W39369868,0.9993311166763306,0.2625316621089363,0,normal
https://openalex.org/W901693008,https://openalex.org/W228645413,0.9994103908538818,0.26197416004181956,0,normal
https://openalex.org/W901693008,https://openalex.org/W466940171,0.9993588924407959,0.2623362398709746,0,normal
https://openalex.org/W901693008,https://openalex.org/W892421272,0.9991587400436401,0.2637465487096342,0,normal
https://openalex.org/W901693008,https://openalex.org/W927523660,0.9994423389434814,0.26174969853048474,0,normal
https://openalex.org/W901693008,https://openalex.org/W983782958,0.9989038705825806,0.26554943124841546,0,normal
https://openalex.org/W901693008,https://openalex.org/W417776810,0.9990611672401428,0.26443582532874843,0,normal
https://openalex.org/W901693008,https://openalex.org/W311676011,0.999401330947876,0.26203783589855095,0,normal
https://openalex.org/W901693008,https://openalex.org/W784383996,0.9993579387664795,0.26234294809322717,0,normal
https://openalex.org/W901693008,https://openalex.org/W135429719,0.9995397329330444,0.2610661923885612,0,normal
https://openalex.org/W901693008,https://openalex.org/W85054999,0.9992979764938354,0.26276494946479234,0,normal
https://openalex.org/W901693008,https://openalex.org/W107558930,0.9995214939117432,0.26119410504752655,0,normal
https://openalex.org/W901693008,https://openalex.org/W213569326,0.9996309280395508,0.26042723703022835,0,normal
https://openalex.org/W901693008,https://openalex.org/W672623334,0.9996419548988342,0.2603500464191344,0,normal
https://openalex.org/W901693008,https://openalex.org/W26295654,0.9995667934417725,0.2608764881301865,0,normal
https://openalex.org/W901693008,https://openalex.org/W765801405,0.999365508556366,0.26228970462243945,0,normal
https://openalex.org/W901693008,https://openalex.org/W387547345,0.9995070099830627,0.26129571160475873,0,normal
https://openalex.org/W901693008,https://openalex.org/W210408571,0.9994183778762817,0.2619180330256782,0,normal
https://openalex.org/W901693008,https://openalex.org/W365505908,0.999563455581665,0.26089988295128214,0,normal
https://openalex.org/W901693008,https://openalex.org/W412780848,0.9989897012710571,0.26494140869867794,0,normal
https://openalex.org/W901693008,https://openalex.org/W500318522,0.9994479417800903,0.2617103468078622,0,normal
https://openalex.org/W901693008,https://openalex.org/W869647018,0.9994653463363647,0.261588129646567,0,normal
https://openalex.org/W901693008,https://openalex.org/W601966386,0.9994075298309326,0.2619942671287975,0,normal
https://openalex.org/W901693008,https://openalex.org/W811675919,0.999526858329773,0.26115647947181336,0,normal
https://openalex.org/W26295654,https://openalex.org/W85923484,0.9421387314796448,0.740007698861547,0,normal
https://openalex.org/W26295654,https://openalex.org/W537413728,0.9439167976379395,0.7273816455507313,0,normal
https://openalex.org/W26295654,https://openalex.org/W873100341,0.9438319802284241,0.7279925661807839,0,normal
https://openalex.org/W26295654,https://openalex.org/W365667930,0.9419985413551331,0.7409868944049015,0,normal
https://openalex.org/W26295654,https://openalex.org/W388978333,0.943877100944519,0.7276676786312039,0,normal
https://openalex.org/W26295654,https://openalex.org/W998641904,0.9447429180145264,0.7213866284147156,0,normal
https://openalex.org/W26295654,https://openalex.org/W727149452,0.9444674253463745,0.7233948044580873,0,normal
https://openalex.org/W26295654,https://openalex.org/W485237573,0.999301016330719,0.2627435452478016,0,normal
https://openalex.org/W26295654,https://openalex.org/W46332083,0.9993304014205933,0.26253669567925,0,normal
https://openalex.org/W26295654,https://openalex.org/W526067545,0.9994632005691528,0.2616031955237784,0,normal
https://openalex.org/W26295654,https://openalex.org/W892421272,0.9991623163223267,0.26372130697561164,0,normal
https://openalex.org/W26295654,https://openalex.org/W135429719,0.9994509220123291,0.26168941659652933,0,normal
https://openalex.org/W26295654,https://openalex.org/W500318522,0.9995071291923523,0.2612948752325494,0,normal
https://openalex.org/W765801405,https://openalex.org/W85923484,0.9417182803153992,0.7429372483050664,0,normal
https://openalex.org/W765801405,https://openalex.org/W291178543,0.942070484161377,0.7404846903610915,0,normal
https://openalex.org/W765801405,https://openalex.org/W537413728,0.9434566497802734,0.730685669973496,0,normal
https://openalex.org/W765801405,https://openalex.org/W237884500,0.9442226886749268,0.725171269811216,0,normal
https://openalex.org/W765801405,https://openalex.org/W873100341,0.9434254169464111,0.7309090141923454,0,normal
https://openalex.org/W765801405,https://openalex.org/W70306005,0.9432199597358704,0.732375306678904,0,normal
https://openalex.org/W765801405,https://openalex.org/W365667930,0.9416364431381226,0.7435049431033834,0,normal
https://openalex.org/W765801405,https://openalex.org/W715039643,0.94089674949646,0.7485987409805359,0,normal
https://openalex.org/W765801405,https://openalex.org/W388978333,0.9435712099075317,0.7298654556763053,0,normal
https://openalex.org/W765801405,https://openalex.org/W753250510,0.9436166286468506,0.7295398366365459,0,normal
https://openalex.org/W765801405,https://openalex.org/W998641904,0.9442049264907837,0.7252999237192275,0,normal
https://openalex.org/W765801405,https://openalex.org/W222543423,0.9453800320625305,0.7167083391349487,0,normal
https://openalex.org/W765801405,https://openalex.org/W727149452,0.9442665576934814,0.7248533602785104,0,normal
https://openalex.org/W765801405,https://openalex.org/W461108489,0.944748044013977,0.7213491782654082,0,normal
https://openalex.org/W765801405,https://openalex.org/W485237573,0.9989653825759888,0.2651135913242013,0,normal
https://openalex.org/W765801405,https://openalex.org/W379247503,0.9990983009338379,0.26417336847206435,0,normal
https://openalex.org/W765801405,https://openalex.org/W46332083,0.9989611506462097,0.2651435617831145,0,normal
https://openalex.org/W765801405,https://openalex.org/W972297439,0.9991902112960815,0.26352447466972656,0,normal
https://openalex.org/W765801405,https://openalex.org/W526067545,0.9991115927696228,0.2640794638311905,0,normal
https://openalex.org/W765801405,https://openalex.org/W763767729,0.9991063475608826,0.26411651781457585,0,normal
https://openalex.org/W765801405,https://openalex.org/W892421272,0.9988548755645752,0.26589690992969156,0,normal
https://openalex.org/W765801405,https://openalex.org/W927523660,0.99895179271698,0.26520984217659743,0,normal
https://openalex.org/W765801405,https://openalex.org/W135429719,0.99916672706604,0.2636901776390755,0,normal
https://openalex.org/W765801405,https://openalex.org/W85054999,0.9992434978485107,0.2631487368333707,0,normal
https://openalex.org/W765801405,https://openalex.org/W26295654,0.9995949268341064,0.26067935715154344,0,normal
https://openalex.org/W765801405,https://openalex.org/W500318522,0.9992867112159729,0.2628442807594554,0,normal
https://openalex.org/W765801405,https://openalex.org/W869647018,0.9995133280754089,0.2612513862618953,0,normal
https://openalex.org/W387547345,https://openalex.org/W85923484,0.9422811269760132,0.7390106443868489,0,normal
https://openalex.org/W387547345,https://openalex.org/W291178543,0.9422241449356079,0.7394099297865644,0,normal
https://openalex.org/W387547345,https://openalex.org/W77917673,0.9436201453208923,0.7295146143638693,0,normal
https://openalex.org/W387547345,https://openalex.org/W537413728,0.944110631942749,0.7259822849982157,0,normal
https://openalex.org/W387547345,https://openalex.org/W237884500,0.9446473121643066,0.7220845507881634,0,normal
https://openalex.org/W387547345,https://openalex.org/W569398880,0.9439854025840759,0.726886872545327,0,normal
https://openalex.org/W387547345,https://openalex.org/W873100341,0.9441918134689331,0.7253948791032208,0,normal
https://openalex.org/W387547345,https://openalex.org/W70306005,0.9437003135681152,0.72893923076399,0,normal
https://openalex.org/W387547345,https://openalex.org/W334756270,0.945136547088623,0.7185018353812174,0,normal
https://openalex.org/W387547345,https://openalex.org/W365667930,0.9424396753311157,0.7378975815449662,0,normal
https://openalex.org/W387547345,https://openalex.org/W715039643,0.9412602186203003,0.7461041835673748,0,normal
https://openalex.org/W387547345,https://openalex.org/W326450296,0.9402419924736023,0.7530512153645237,0,normal
https://openalex.org/W387547345,https://openalex.org/W388978333,0.9441635012626648,0.725599826831167,0,normal
https://openalex.org/W387547345,https://openalex.org/W753250510,0.9438902139663696,0.7275732140027601,0,normal
https://openalex.org/W387547345,https://openalex.org/W520412074,0.9443928599357605,0.7239368016442412,0,normal
https://openalex.org/W387547345,https://openalex.org/W998641904,0.9444023966789246,0.7238675181141447,0,normal
https://openalex.org/W387547345,https://openalex.org/W222543423,0.9449952244758606,0.7195396361995208,0,normal
https://openalex.org/W387547345,https://openalex.org/W414703735,0.9452829360961914,0.7174243704122725,0,normal
https://openalex.org/W387547345,https://openalex.org/W727149452,0.9449155926704407,0.7201233818092527,0,normal
https://openalex.org/W387547345,https://openalex.org/W461108489,0.945041298866272,0.7192015460951031,0,normal
https://openalex.org/W387547345,https://openalex.org/W101742283,0.944831132888794,0.7207417067966624,0,normal
https://openalex.org/W387547345,https://openalex.org/W485237573,0.999271035194397,0.2629546986239415,0,normal
https://openalex.org/W387547345,https://openalex.org/W379247503,0.9991746544837952,0.26363423489589277,0,normal
https://openalex.org/W387547345,https://openalex.org/W739465865,0.9993726015090942,0.26223982139126795,0,normal
https://openalex.org/W387547345,https://openalex.org/W46332083,0.9993022084236145,0.26273515174354584,0,normal
https://openalex.org/W387547345,https://openalex.org/W972297439,0.9994101524353027,0.26197583559438253,0,normal
https://openalex.org/W387547345,https://openalex.org/W912516311,0.9994214773178101,0.26189625448202974,0,normal
https://openalex.org/W387547345,https://openalex.org/W526067545,0.9995459318161011,0.2610227280300794,0,normal
https://openalex.org/W387547345,https://openalex.org/W763767729,0.9993506073951721,0.26239452124256774,0,normal
https://openalex.org/W387547345,https://openalex.org/W655324685,0.9993773102760315,0.2622067090101031,0,normal
https://openalex.org/W387547345,https://openalex.org/W892421272,0.9992631077766418,0.2630105486738604,0,normal
https://openalex.org/W387547345,https://openalex.org/W927523660,0.9991087317466736,0.26409967468166334,0,normal
https://openalex.org/W387547345,https://openalex.org/W983782958,0.9989758133888245,0.2650397297223724,0,normal
https://openalex.org/W387547345,https://openalex.org/W135429719,0.9994738101959229,0.26152870859474386,0,normal
https://openalex.org/W387547345,https://openalex.org/W85054999,0.9993230104446411,0.262588712878391,0,normal
https://openalex.org/W387547345,https://openalex.org/W107558930,0.9995748996734619,0.26081967778750786,0,normal
https://openalex.org/W387547345,https://openalex.org/W26295654,0.9996525645256042,0.2602757905304297,0,normal
https://openalex.org/W387547345,https://openalex.org/W765801405,0.999636709690094,0.2603867622662851,0,normal
https://openalex.org/W387547345,https://openalex.org/W500318522,0.9996142387390137,0.26054409426266595,0,normal
https://openalex.org/W387547345,https://openalex.org/W869647018,0.9996200203895569,0.26050360773429454,0,normal
https://openalex.org/W387547345,https://openalex.org/W601966386,0.9996342062950134,0.26040428692146544,0,normal
https://openalex.org/W210408571,https://openalex.org/W85923484,0.9425289630889893,0.7372694058385988,0,normal
https://openalex.org/W210408571,https://openalex.org/W291178543,0.9424908757209778,0.7375374844469905,0,normal
https://openalex.org/W210408571,https://openalex.org/W77917673,0.9436483383178711,0.7293123551999402,0,normal
https://openalex.org/W210408571,https://openalex.org/W556733401,0.943452000617981,0.7307189232825951,0,normal
https://openalex.org/W210408571,https://openalex.org/W537413728,0.9443841576576233,0.7240000134803035,0,normal
https://openalex.org/W210408571,https://openalex.org/W237884500,0.9449598789215088,0.7197988305409008,0,normal
https://openalex.org/W210408571,https://openalex.org/W569398880,0.9442368745803833,0.7250684925026221,0,normal
https://openalex.org/W210408571,https://openalex.org/W425739353,0.9430196285247803,0.7338001246007251,0,normal
https://openalex.org/W210408571,https://openalex.org/W873100341,0.9443087577819824,0.7245473299252745,0,normal
https://openalex.org/W210408571,https://openalex.org/W70306005,0.9442068338394165,0.7252861103277972,0,normal
https://openalex.org/W210408571,https://openalex.org/W334756270,0.9453375339508057,0.7170218751808566,0,normal
https://openalex.org/W210408571,https://openalex.org/W455378056,0.9442973136901855,0.7246303420538954,0,normal
https://openalex.org/W210408571,https://openalex.org/W365667930,0.942684531211853,0.7361726083936007,0,normal
https://openalex.org/W210408571,https://openalex.org/W715039643,0.9414781928062439,0.7446003751753489,0,normal
https://openalex.org/W210408571,https://openalex.org/W326450296,0.9404140710830688,0.751886199451026,0,normal
https://openalex.org/W210408571,https://openalex.org/W721100110,0.9418184757232666,0.7422410866755843,0,normal
https://openalex.org/W210408571,https://openalex.org/W388978333,0.9444196820259094,0.7237419143067744,0,normal
https://openalex.org/W210408571,https://openalex.org/W753250510,0.9440403580665588,0.7264901341819564,0,normal
https://openalex.org/W210408571,https://openalex.org/W520412074,0.944560706615448,0.7227158418296022,0,normal
https://openalex.org/W210408571,https://openalex.org/W524038184,0.9443153738975525,0.7244993314633137,0,normal
https://openalex.org/W210408571,https://openalex.org/W998641904,0.9443519115447998,0.7242341655421358,0,normal
https://openalex.org/W210408571,https://openalex.org/W222543423,0.9448174238204956,0.7208419910942365,0,normal
https://openalex.org/W210408571,https://openalex.org/W414703735,0.9449363350868225,0.7199713998701528,0,normal
https://openalex.org/W210408571,https://openalex.org/W164672907,0.9447678327560425,0.7212045742905326,0,normal
https://openalex.org/W210408571,https://openalex.org/W727149452,0.9451538920402527,0.7183743021390776,0,normal
https://openalex.org/W210408571,https://openalex.org/W461108489,0.9453330039978027,0.7170552831816438,0,normal
https://openalex.org/W210408571,https://openalex.org/W101742283,0.944972813129425,0.7197039989946917,0,normal
https://openalex.org/W210408571,https://openalex.org/W605605995,0.943467378616333,0.7306089216726817,0,normal
https://openalex.org/W210408571,https://openalex.org/W485237573,0.9993711113929749,0.26225030055429455,0,normal
https://openalex.org/W210408571,https://openalex.org/W379247503,0.9992821216583252,0.26287660533438106,0,normal
https://openalex.org/W210408571,https://openalex.org/W739465865,0.9993447065353394,0.2624360360825496,0,normal
https://openalex.org/W210408571,https://openalex.org/W759666057,0.9994785785675049,0.26149523578519845,0,normal
https://openalex.org/W210408571,https://openalex.org/W46332083,0.9993913173675537,0.2621082260887985,0,normal
https://openalex.org/W210408571,https://openalex.org/W972297439,0.9995362758636475,0.26109043415984445,0,normal
https://openalex.org/W210408571,https://openalex.org/W912516311,0.9995105266571045,0.2612710393519136,0,normal
https://openalex.org/W210408571,https://openalex.org/W691259760,0.99952232837677,0.2611882519500357,0,normal
https://openalex.org/W210408571,https://openalex.org/W526067545,0.9995269179344177,0.26115606142954595,0,normal
https://openalex.org/W210408571,https://openalex.org/W763767729,0.9996141791343689,0.2605445116707785,0,normal
https://openalex.org/W210408571,https://openalex.org/W655324685,0.9994149208068848,0.2619423258565316,0,normal
https://openalex.org/W210408571,https://openalex.org/W39369868,0.9993195533752441,0.2626130457816603,0,normal
https://openalex.org/W210408571,https://openalex.org/W892421272,0.9993424415588379,0.26245197219532923,0,normal
https://openalex.org/W210408571,https://openalex.org/W927523660,0.9991721510887146,0.263651900202156,0,normal
https://openalex.org/W210408571,https://openalex.org/W983782958,0.9989760518074036,0.26503804161100225,0,normal
https://openalex.org/W210408571,https://openalex.org/W417776810,0.9991911053657532,0.2635181675025634,0,normal
https://openalex.org/W210408571,https://openalex.org/W135429719,0.99953293800354,0.2611138413891373,0,normal
https://openalex.org/W210408571,https://openalex.org/W85054999,0.9993122220039368,0.2626646531216453,0,normal
https://openalex.org/W210408571,https://openalex.org/W107558930,0.9995682835578918,0.2608660444518844,0,normal
https://openalex.org/W210408571,https://openalex.org/W213569326,0.9996598958969116,0.26022448689776434,0,normal
https://openalex.org/W210408571,https://openalex.org/W26295654,0.9994877576828003,0.2614308084178149,0,normal
https://openalex.org/W210408571,https://openalex.org/W765801405,0.9994094371795654,0.26198086229354645,0,normal
https://openalex.org/W210408571,https://openalex.org/W387547345,0.9996906518936157,0.2600093333481388,0,normal
https://openalex.org/W210408571,https://openalex.org/W500318522,0.9996325373649597,0.26041597044945386,0,normal
https://openalex.org/W210408571,https://openalex.org/W869647018,0.9997014999389648,0.25993347338777323,0,normal
https://openalex.org/W210408571,https://openalex.org/W601966386,0.9996314644813538,0.26042348146821565,0,normal
https://openalex.org/W210408571,https://openalex.org/W811675919,0.999407947063446,0.26199133478328424,0,normal
https://openalex.org/W365505908,https://openalex.org/W85923484,0.942153811454773,0.7399022258080389,0,normal
https://openalex.org/W365505908,https://openalex.org/W291178543,0.9421461820602417,0.7399555911367743,0,normal
https://openalex.org/W365505908,https://openalex.org/W77917673,0.9433009624481201,0.7317978180930265,0,normal
https://openalex.org/W365505908,https://openalex.org/W556733401,0.942920446395874,0.734503747106975,0,normal
https://openalex.org/W365505908,https://openalex.org/W945731721,0.9443835020065308,0.724004775653067,0,normal
https://openalex.org/W365505908,https://openalex.org/W537413728,0.944062352180481,0.7263312521265584,0,normal
https://openalex.org/W365505908,https://openalex.org/W237884500,0.9446173906326294,0.72230275678173,0,normal
https://openalex.org/W365505908,https://openalex.org/W569398880,0.9439176321029663,0.7273756308280823,0,normal
https://openalex.org/W365505908,https://openalex.org/W425739353,0.9427477121353149,0.7357263278298428,0,normal
https://openalex.org/W365505908,https://openalex.org/W12844123,0.9428377747535706,0.735089331858506,0,normal
https://openalex.org/W365505908,https://openalex.org/W873100341,0.9438461065292358,0.7278908771649975,0,normal
https://openalex.org/W365505908,https://openalex.org/W70306005,0.9436666965484619,0.7291806004412037,0,normal
https://openalex.org/W365505908,https://openalex.org/W334756270,0.9453302621841431,0.7170755026536623,0,normal
https://openalex.org/W365505908,https://openalex.org/W455378056,0.9439689517021179,0.7270055659802277,0,normal
https://openalex.org/W365505908,https://openalex.org/W788534703,0.9441713094711304,0.7255433139046773,0,normal
https://openalex.org/W365505908,https://openalex.org/W365667930,0.9423236846923828,0.7387121752981031,0,normal
https://openalex.org/W365505908,https://openalex.org/W715039643,0.9413350224494934,0.7455887694228217,0,normal
https://openalex.org/W365505908,https://openalex.org/W326450296,0.94013911485672,0.7537459645893416,0,normal
https://openalex.org/W365505908,https://openalex.org/W721100110,0.9415414333343506,0.7441629839163717,0,normal
https://openalex.org/W365505908,https://openalex.org/W666913073,0.9426417350769043,0.7364746254814538,0,normal
https://openalex.org/W365505908,https://openalex.org/W388978333,0.9443105459213257,0.7245343578791312,0,normal
https://openalex.org/W365505908,https://openalex.org/W753250510,0.9438002109527588,0.7282211722195148,0,normal
https://openalex.org/W365505908,https://openalex.org/W520412074,0.9441936612129211,0.7253815002610552,0,normal
https://openalex.org/W365505908,https://openalex.org/W524038184,0.9439173936843872,0.7273773493287334,0,normal
https://openalex.org/W365505908,https://openalex.org/W516247359,0.9444541931152344,0.7234910341662245,0,normal
https://openalex.org/W365505908,https://openalex.org/W998641904,0.9439741373062134,0.7269681552222398,0,normal
https://openalex.org/W365505908,https://openalex.org/W222543423,0.9443982839584351,0.7238973979554368,0,normal
https://openalex.org/W365505908,https://openalex.org/W414703735,0.9444952011108398,0.7231927415003764,0,normal
https://openalex.org/W365505908,https://openalex.org/W164672907,0.9439471364021301,0.7271629141036396,0,normal
https://openalex.org/W365505908,https://openalex.org/W135055795,0.9453133344650269,0.7172003165403121,0,normal
https://openalex.org/W365505908,https://openalex.org/W727149452,0.9449722170829773,0.7197083695427015,0,normal
https://openalex.org/W365505908,https://openalex.org/W461108489,0.9450638890266418,0.7190356906129942,0,normal
https://openalex.org/W365505908,https://openalex.org/W101742283,0.9447005987167358,0.7216956918157784,0,normal
https://openalex.org/W365505908,https://openalex.org/W605605995,0.9432477951049805,0.7321769503857716,0,normal
https://openalex.org/W365505908,https://openalex.org/W485237573,0.9994112253189087,0.2619682956622858,0,normal
https://openalex.org/W365505908,https://openalex.org/W379247503,0.9993364810943604,0.26249391231272784,0,normal
https://openalex.org/W365505908,https://openalex.org/W739465865,0.9993956685066223,0.26207763837736126,0,normal
https://openalex.org/W365505908,https://openalex.org/W759666057,0.999427080154419,0.2618568885412558,0,normal
https://openalex.org/W365505908,https://openalex.org/W567040765,0.999567985534668,0.260868133165902,0,normal
https://openalex.org/W365505908,https://openalex.org/W46332083,0.9994504451751709,0.26169276535772595,0,normal
https://openalex.org/W365505908,https://openalex.org/W972297439,0.9995836615562439,0.26075828149505464,0,normal
https://openalex.org/W365505908,https://openalex.org/W912516311,0.999570369720459,0.2608514237567643,0,normal
https://openalex.org/W365505908,https://openalex.org/W691259760,0.9995893836021423,0.2607181910068547,0,normal
https://openalex.org/W365505908,https://openalex.org/W120977504,0.9995874762535095,0.26073155405957604,0,normal
https://openalex.org/W365505908,https://openalex.org/W526067545,0.9994993209838867,0.26134966126690223,0,normal
https://openalex.org/W365505908,https://openalex.org/W763767729,0.9995031356811523,0.2613228946434043,0,normal
https://openalex.org/W365505908,https://openalex.org/W655324685,0.9996486902236938,0.26030290485367313,0,normal
https://openalex.org/W365505908,https://openalex.org/W39369868,0.9993466734886169,0.2624221973324344,0,normal
https://openalex.org/W365505908,https://openalex.org/W228645413,0.9995183944702148,0.2612158458662842,0,normal
https://openalex.org/W365505908,https://openalex.org/W892421272,0.999346137046814,0.2624259714903885,0,normal
https://openalex.org/W365505908,https://openalex.org/W927523660,0.999302327632904,0.26273431240261236,0,normal
https://openalex.org/W365505908,https://openalex.org/W983782958,0.999056339263916,0.2644699611988884,0,normal
https://openalex.org/W365505908,https://openalex.org/W417776810,0.9992831945419312,0.2628690487111898,0,normal
https://openalex.org/W365505908,https://openalex.org/W311676011,0.999543309211731,0.2610411162259284,0,normal
https://openalex.org/W365505908,https://openalex.org/W135429719,0.9997169971466064,0.2598251269274633,0,normal
https://openalex.org/W365505908,https://openalex.org/W85054999,0.9994096755981445,0.261979186720246,0,normal
https://openalex.org/W365505908,https://openalex.org/W107558930,0.9995884895324707,0.2607244548826151,0,normal
https://openalex.org/W365505908,https://openalex.org/W213569326,0.9996537566184998,0.26026744803003304,0,normal
https://openalex.org/W365505908,https://openalex.org/W672623334,0.9996333122253418,0.26041054591208007,0,normal
https://openalex.org/W365505908,https://openalex.org/W26295654,0.9994895458221436,0.26141825882546194,0,normal
https://openalex.org/W365505908,https://openalex.org/W765801405,0.9993829727172852,0.2621668938932242,0,normal
https://openalex.org/W365505908,https://openalex.org/W387547345,0.999670147895813,0.26015275622624273,0,normal
https://openalex.org/W365505908,https://openalex.org/W210408571,0.9997503757476807,0.25959186488624236,0,normal
https://openalex.org/W365505908,https://openalex.org/W500318522,0.9997708797454834,0.2594486427918186,0,normal
https://openalex.org/W365505908,https://openalex.org/W869647018,0.9997642040252686,0.25949526760466957,0,normal
https://openalex.org/W365505908,https://openalex.org/W601966386,0.9996760487556458,0.26011147519972466,0,normal
https://openalex.org/W365505908,https://openalex.org/W811675919,0.9994781017303467,0.2614985829416265,0,normal
https://openalex.org/W412780848,https://openalex.org/W85923484,0.9422091841697693,0.7395146974985225,0,normal
https://openalex.org/W412780848,https://openalex.org/W291178543,0.9421671628952026,0.739808819395961,0,normal
https://openalex.org/W412780848,https://openalex.org/W77917673,0.9432801604270935,0.7319461962105982,0,normal
https://openalex.org/W412780848,https://openalex.org/W556733401,0.9429818987846375,0.7340679286792136,0,normal
https://openalex.org/W412780848,https://openalex.org/W945731721,0.9442080855369568,0.7252770450551644,0,normal
https://openalex.org/W412780848,https://openalex.org/W615774397,0.9440990090370178,0.7260663209170176,0,normal
https://openalex.org/W412780848,https://openalex.org/W537413728,0.9440146088600159,0.7266760693430239,0,normal
https://openalex.org/W412780848,https://openalex.org/W237884500,0.9446617364883423,0.7219793221824583,0,normal
https://openalex.org/W412780848,https://openalex.org/W569398880,0.9439440965652466,0.7271848351632794,0,normal
https://openalex.org/W412780848,https://openalex.org/W425739353,0.94272381067276,0.7358952134818546,0,normal
https://openalex.org/W412780848,https://openalex.org/W12844123,0.9429936408996582,0.7339846020679639,0,normal
https://openalex.org/W412780848,https://openalex.org/W568875334,0.943729043006897,0.7287328467875905,0,normal
https://openalex.org/W412780848,https://openalex.org/W873100341,0.9439865350723267,0.7268787004353399,0,normal
https://openalex.org/W412780848,https://openalex.org/W70306005,0.9438332319259644,0.7279835567228384,0,normal
https://openalex.org/W412780848,https://openalex.org/W334756270,0.9453189969062805,0.7171585691285318,0,normal
https://openalex.org/W412780848,https://openalex.org/W455378056,0.9446784853935242,0.7218571045114743,0,normal
https://openalex.org/W412780848,https://openalex.org/W788534703,0.9443526268005371,0.7242289731152439,0,normal
https://openalex.org/W412780848,https://openalex.org/W638373465,0.944526731967926,0.7229632506319118,0,normal
https://openalex.org/W412780848,https://openalex.org/W365667930,0.9427847266197205,0.7354646501771032,0,normal
https://openalex.org/W412780848,https://openalex.org/W715039643,0.9416477680206299,0.743426432713419,0,normal
https://openalex.org/W412780848,https://openalex.org/W326450296,0.9405335187911987,0.7510753458867648,0,normal
https://openalex.org/W412780848,https://openalex.org/W721100110,0.9417938590049744,0.7424122385762459,0,normal
https://openalex.org/W412780848,https://openalex.org/W666913073,0.942712664604187,0.7359739469698691,0,normal
https://openalex.org/W412780848,https://openalex.org/W532600448,0.9427007436752319,0.7360581372498826,0,normal
https://openalex.org/W412780848,https://openalex.org/W388978333,0.9442163705825806,0.7252170368982891,0,normal
https://openalex.org/W412780848,https://openalex.org/W753250510,0.944632887840271,0.7221897548911598,0,normal
https://openalex.org/W412780848,https://openalex.org/W520412074,0.9443448781967163,0.7242852211818263,0,normal
https://openalex.org/W412780848,https://openalex.org/W524038184,0.9441007971763611,0.7260533933587657,0,normal
https://openalex.org/W412780848,https://openalex.org/W516247359,0.9445760250091553,0.7226042463124248,0,normal
https://openalex.org/W412780848,https://openalex.org/W150888063,0.9440462589263916,0.7264475129348114,0,normal
https://openalex.org/W412780848,https://openalex.org/W998641904,0.9443356990814209,0.7243518443119547,0,normal
https://openalex.org/W412780848,https://openalex.org/W222543423,0.9450706243515015,0.7189862287490055,0,normal
https://openalex.org/W412780848,https://openalex.org/W414703735,0.9448456168174744,0.7206357302860786,0,normal
https://openalex.org/W412780848,https://openalex.org/W164672907,0.9444226026535034,0.7237206881062265,0,normal
https://openalex.org/W412780848,https://openalex.org/W135055795,0.9455000758171082,0.7158215649784042,0,normal
https://openalex.org/W412780848,https://openalex.org/W101479238,0.945631742477417,0.7148470091095925,0,normal
https://openalex.org/W412780848,https://openalex.org/W727149452,0.945403516292572,0.7165349906962327,0,normal
https://openalex.org/W412780848,https://openalex.org/W461108489,0.9455769062042236,0.7152531342953218,0,normal
https://openalex.org/W412780848,https://openalex.org/W101742283,0.94514399766922,0.7184470573644617,0,normal
https://openalex.org/W412780848,https://openalex.org/W605605995,0.94371098279953,0.7288625976061995,0,normal
https://openalex.org/W412780848,https://openalex.org/W485237573,0.9987185597419739,0.26686520298287497,0,normal
https://openalex.org/W412780848,https://openalex.org/W379247503,0.998603105545044,0.2676870614223867,0,normal
https://openalex.org/W412780848,https://openalex.org/W739465865,0.9986571669578552,0.2673020264601144,0,normal
https://openalex.org/W412780848,https://openalex.org/W759666057,0.9987410306930542,0.266705430655296,0,normal
https://openalex.org/W412780848,https://openalex.org/W567040765,0.9987725615501404,0.2664813434856222,0,normal
https://openalex.org/W412780848,https://openalex.org/W164865427,0.999040961265564,0.2645787090753668,0,normal
https://openalex.org/W412780848,https://openalex.org/W46332083,0.9987167119979858,0.2668783434686664,0,normal
https://openalex.org/W412780848,https://openalex.org/W972297439,0.9988982677459717,0.2655891525691977,0,normal
https://openalex.org/W412780848,https://openalex.org/W912516311,0.9988783597946167,0.26573032070595237,0,normal
https://openalex.org/W412780848,https://openalex.org/W691259760,0.9988691806793213,0.2657954263314463,0,normal
https://openalex.org/W412780848,https://openalex.org/W120977504,0.998968243598938,0.2650933308324583,0,normal
https://openalex.org/W412780848,https://openalex.org/W971757993,0.9990742206573486,0.26434354618096817,0,normal
https://openalex.org/W412780848,https://openalex.org/W526067545,0.9988698363304138,0.2657907755921501,0,normal
https://openalex.org/W412780848,https://openalex.org/W763767729,0.9989141225814819,0.26547675950275124,0,normal
https://openalex.org/W412780848,https://openalex.org/W655324685,0.9989785552024841,0.2650203168566809,0,normal
https://openalex.org/W412780848,https://openalex.org/W39369868,0.999176561832428,0.2636207761249594,0,normal
https://openalex.org/W412780848,https://openalex.org/W228645413,0.9989619255065918,0.2651380740723419,0,normal
https://openalex.org/W412780848,https://openalex.org/W466940171,0.9992647767066956,0.2629987901346535,0,normal
https://openalex.org/W412780848,https://openalex.org/W892421272,0.9989571571350098,0.26517184575144837,0,normal
https://openalex.org/W412780848,https://openalex.org/W927523660,0.9988056421279907,0.26624637148164454,0,normal
https://openalex.org/W412780848,https://openalex.org/W983782958,0.9986472129821777,0.26737289401016334,0,normal
https://openalex.org/W412780848,https://openalex.org/W417776810,0.9987769722938538,0.2664500062575684,0,normal
https://openalex.org/W412780848,https://openalex.org/W311676011,0.9989187121391296,0.26544423033684633,0,normal
https://openalex.org/W412780848,https://openalex.org/W784383996,0.9990233182907104,0.26470350933980474,0,normal
https://openalex.org/W412780848,https://openalex.org/W135429719,0.9989893436431885,0.26494394027789353,0,normal
https://openalex.org/W412780848,https://openalex.org/W85054999,0.9992914199829102,0.2628111192433192,0,normal
https://openalex.org/W412780848,https://openalex.org/W107558930,0.9990057349205017,0.26482792546016903,0,normal
https://openalex.org/W412780848,https://openalex.org/W213569326,0.9991117119789124,0.2640786217339417,0,normal
https://openalex.org/W412780848,https://openalex.org/W672623334,0.9990445375442505,0.264553416316934,0,normal
https://openalex.org/W412780848,https://openalex.org/W901693008,0.9989897012710571,0.26494140869867794,0,normal
https://openalex.org/W412780848,https://openalex.org/W26295654,0.9990331530570984,0.26463393697776644,0,normal
https://openalex.org/W412780848,https://openalex.org/W765801405,0.9991354942321777,0.26391065776996453,0,normal
https://openalex.org/W412780848,https://openalex.org/W387547345,0.999204695224762,0.2634223104979634,0,normal
https://openalex.org/W412780848,https://openalex.org/W210408571,0.999356746673584,0.2623513335264751,0,normal
https://openalex.org/W412780848,https://openalex.org/W365505908,0.9994315505027771,0.26182548228452124,0,normal
https://openalex.org/W412780848,https://openalex.org/W500318522,0.9993582963943481,0.26234043249692973,0,normal
https://openalex.org/W412780848,https://openalex.org/W869647018,0.9993407726287842,0.2624637149930871,0,normal
https://openalex.org/W412780848,https://openalex.org/W601966386,0.9992648363113403,0.26299837019307787,0,normal
https://openalex.org/W412780848,https://openalex.org/W811675919,0.9990540742874146,0.26448597653022643,0,normal
https://openalex.org/W500318522,https://openalex.org/W85923484,0.9424854516983032,0.7375756471899523,0,normal
https://openalex.org/W500318522,https://openalex.org/W537413728,0.944739043712616,0.7214149317101738,0,normal
https://openalex.org/W500318522,https://openalex.org/W873100341,0.9444543123245239,0.7234901673242502,0,normal
https://openalex.org/W500318522,https://openalex.org/W365667930,0.9428989887237549,0.7346558167789621,0,normal
https://openalex.org/W500318522,https://openalex.org/W388978333,0.9446244835853577,0.722251040197072,0,normal
https://openalex.org/W500318522,https://openalex.org/W998641904,0.9443941116333008,0.7239277087940815,0,normal
https://openalex.org/W500318522,https://openalex.org/W727149452,0.945720374584198,0.714189851593871,0,normal
https://openalex.org/W500318522,https://openalex.org/W485237573,0.9993003606796265,0.262748161748705,0,normal
https://openalex.org/W500318522,https://openalex.org/W46332083,0.9995736479759216,0.26082844945007566,0,normal
https://openalex.org/W500318522,https://openalex.org/W526067545,0.9995914697647095,0.2607035756755956,0,normal
https://openalex.org/W500318522,https://openalex.org/W892421272,0.9994207620620728,0.26190128019609404,0,normal
https://openalex.org/W500318522,https://openalex.org/W135429719,0.9996589422225952,0.26023116017012077,0,normal
https://openalex.org/W500318522,https://openalex.org/W26295654,0.9995071291923523,0.2612948752325494,0,normal
https://openalex.org/W869647018,https://openalex.org/W85923484,0.9416552782058716,0.7433743592505779,0,normal
https://openalex.org/W869647018,https://openalex.org/W291178543,0.9417638778686523,0.742620587240463,0,normal
https://openalex.org/W869647018,https://openalex.org/W537413728,0.9436178207397461,0.7295312868794218,0,normal
https://openalex.org/W869647018,https://openalex.org/W237884500,0.9442517161369324,0.7249609394447303,0,normal
https://openalex.org/W869647018,https://openalex.org/W873100341,0.9433984756469727,0.7311015758516185,0,normal
https://openalex.org/W869647018,https://openalex.org/W70306005,0.9432629942893982,0.7320686008565362,0,normal
https://openalex.org/W869647018,https://openalex.org/W365667930,0.9419598579406738,0.7412566664232454,0,normal
https://openalex.org/W869647018,https://openalex.org/W715039643,0.940777063369751,0.7494165977838311,0,normal
https://openalex.org/W869647018,https://openalex.org/W388978333,0.9436205625534058,0.7295116217926265,0,normal
https://openalex.org/W869647018,https://openalex.org/W753250510,0.9433289766311646,0.7315979143607704,0,normal
https://openalex.org/W869647018,https://openalex.org/W998641904,0.9433838129043579,0.7312063404928529,0,normal
https://openalex.org/W869647018,https://openalex.org/W222543423,0.9439687132835388,0.7270072859381022,0,normal
https://openalex.org/W869647018,https://openalex.org/W727149452,0.9443985819816589,0.7238952328167618,0,normal
https://openalex.org/W869647018,https://openalex.org/W461108489,0.9448065757751465,0.7209213308538133,0,normal
https://openalex.org/W869647018,https://openalex.org/W485237573,0.9994612336158752,0.2616170064034101,0,normal
https://openalex.org/W869647018,https://openalex.org/W379247503,0.99944669008255,0.2617191378188534,0,normal
https://openalex.org/W869647018,https://openalex.org/W46332083,0.9995346069335938,0.2611021376048785,0,normal
https://openalex.org/W869647018,https://openalex.org/W972297439,0.9997081756591797,0.25988679747292215,0,normal
https://openalex.org/W869647018,https://openalex.org/W526067545,0.9995709657669067,0.2608472465126965,0,normal
https://openalex.org/W869647018,https://openalex.org/W763767729,0.9996103048324585,0.26057164412707,0,normal
https://openalex.org/W869647018,https://openalex.org/W892421272,0.9994778037071228,0.2615006749284467,0,normal
https://openalex.org/W869647018,https://openalex.org/W927523660,0.9993059039115906,0.262709132977133,0,normal
https://openalex.org/W869647018,https://openalex.org/W135429719,0.9996305108070374,0.2604301580471631,0,normal
https://openalex.org/W869647018,https://openalex.org/W85054999,0.999481201171875,0.26147682691950574,0,normal
https://openalex.org/W869647018,https://openalex.org/W26295654,0.9995056390762329,0.26130533000952033,0,normal
https://openalex.org/W869647018,https://openalex.org/W765801405,0.9995133280754089,0.2612513862618953,0,normal
https://openalex.org/W869647018,https://openalex.org/W500318522,0.9997739195823669,0.2594274136536871,0,normal
https://openalex.org/W601966386,https://openalex.org/W85923484,0.9413575530052185,0.7454333941467023,0,normal
https://openalex.org/W601966386,https://openalex.org/W291178543,0.9413161873817444,0.7457186119118829,0,normal
https://openalex.org/W601966386,https://openalex.org/W77917673,0.9427029490470886,0.7360425633462659,0,normal
https://openalex.org/W601966386,https://openalex.org/W537413728,0.9433095455169678,0.7317365810152081,0,normal
https://openalex.org/W601966386,https://openalex.org/W237884500,0.9438648819923401,0.7277556840389996,0,normal
https://openalex.org/W601966386,https://openalex.org/W569398880,0.9432821273803711,0.7319321684153156,0,normal
https://openalex.org/W601966386,https://openalex.org/W873100341,0.9432616829872131,0.7320779497543702,0,normal
https://openalex.org/W601966386,https://openalex.org/W70306005,0.9429526329040527,0.7342755382826794,0,normal
https://openalex.org/W601966386,https://openalex.org/W334756270,0.9443908333778381,0.7239515230088054,0,normal
https://openalex.org/W601966386,https://openalex.org/W365667930,0.9420183300971985,0.7408488201326032,0,normal
https://openalex.org/W601966386,https://openalex.org/W715039643,0.940480649471283,0.7514344600672638,0,normal
https://openalex.org/W601966386,https://openalex.org/W326450296,0.9394378662109375,0.7584464658694875,0,normal
https://openalex.org/W601966386,https://openalex.org/W388978333,0.9433619976043701,0.7313621620577967,0,normal
https://openalex.org/W601966386,https://openalex.org/W753250510,0.9430625438690186,0.7334953045005014,0,normal
https://openalex.org/W601966386,https://openalex.org/W520412074,0.943556010723114,0.7299743675172391,0,normal
https://openalex.org/W601966386,https://openalex.org/W998641904,0.9432631731033325,0.7320673259908069,0,normal
https://openalex.org/W601966386,https://openalex.org/W222543423,0.9435772895812988,0.729821883193202,0,normal
https://openalex.org/W601966386,https://openalex.org/W414703735,0.9437350630760193,0.7286895878539436,0,normal
https://openalex.org/W601966386,https://openalex.org/W727149452,0.9441990852355957,0.7253422245460646,0,normal
https://openalex.org/W601966386,https://openalex.org/W461108489,0.9444677829742432,0.7233922033681135,0,normal
https://openalex.org/W601966386,https://openalex.org/W101742283,0.9444504976272583,0.7235179054346744,0,normal
https://openalex.org/W601966386,https://openalex.org/W485237573,0.9993284940719604,0.26255011883727153,0,normal
https://openalex.org/W601966386,https://openalex.org/W379247503,0.9992232918739319,0.2632911740573379,0,normal
https://openalex.org/W601966386,https://openalex.org/W739465865,0.9994104504585266,0.2619737411547589,0,normal
https://openalex.org/W601966386,https://openalex.org/W46332083,0.9993836879730225,0.26216186489257004,0,normal
https://openalex.org/W601966386,https://openalex.org/W972297439,0.9995145797729492,0.26124260540287075,0,normal
https://openalex.org/W601966386,https://openalex.org/W912516311,0.9995554685592651,0.26095586892592,0,normal
https://openalex.org/W601966386,https://openalex.org/W526067545,0.999539852142334,0.26106535649137586,0,normal
https://openalex.org/W601966386,https://openalex.org/W763767729,0.9994605183601379,0.26162202865818013,0,normal
https://openalex.org/W601966386,https://openalex.org/W655324685,0.9994754195213318,0.2615174112121551,0,normal
https://openalex.org/W601966386,https://openalex.org/W892421272,0.9995743632316589,0.26082343704808947,0,normal
https://openalex.org/W601966386,https://openalex.org/W927523660,0.9991636276245117,0.2637120520616256,0,normal
https://openalex.org/W601966386,https://openalex.org/W983782958,0.9990129470825195,0.26477688923797205,0,normal
https://openalex.org/W601966386,https://openalex.org/W135429719,0.9995214343070984,0.2611945231291634,0,normal
https://openalex.org/W601966386,https://openalex.org/W85054999,0.9993588328361511,0.2623366591316272,0,normal
https://openalex.org/W601966386,https://openalex.org/W107558930,0.9996088147163391,0.26058208017439616,0,normal
https://openalex.org/W601966386,https://openalex.org/W26295654,0.9994941353797913,0.2613860499865874,0,normal
https://openalex.org/W601966386,https://openalex.org/W765801405,0.9993315935134888,0.2625283064299229,0,normal
https://openalex.org/W601966386,https://openalex.org/W387547345,0.9996342062950134,0.26040428692146544,0,normal
https://openalex.org/W601966386,https://openalex.org/W500318522,0.9997231364250183,0.2597822131664721,0,normal
https://openalex.org/W601966386,https://openalex.org/W869647018,0.9998266100883484,0.25905962127987014,0,normal
https://openalex.org/W811675919,https://openalex.org/W85923484,0.9434190392494202,0.730954606349561,0,normal
https://openalex.org/W811675919,https://openalex.org/W291178543,0.9433810710906982,0.7312259277641194,0,normal
https://openalex.org/W811675919,https://openalex.org/W77917673,0.9445899724960327,0.7225026138786519,0,normal
https://openalex.org/W811675919,https://openalex.org/W556733401,0.944322943687439,0.7244444079466026,0,normal
https://openalex.org/W811675919,https://openalex.org/W537413728,0.9451869130134583,0.7181314098246184,0,normal
https://openalex.org/W811675919,https://openalex.org/W237884500,0.9458035826683044,0.7135720841945692,0,normal
https://openalex.org/W811675919,https://openalex.org/W569398880,0.9450186491012573,0.7193677792600087,0,normal
https://openalex.org/W811675919,https://openalex.org/W425739353,0.9442448616027832,0.7250106157886679,0,normal
https://openalex.org/W811675919,https://openalex.org/W873100341,0.9450144171714783,0.719398831958956,0,normal
https://openalex.org/W811675919,https://openalex.org/W70306005,0.9448872804641724,0.7203307470099222,0,normal
https://openalex.org/W811675919,https://openalex.org/W334756270,0.9462896585464478,0.7099473610449161,0,normal
https://openalex.org/W811675919,https://openalex.org/W455378056,0.9453299045562744,0.7170781399116041,0,normal
https://openalex.org/W811675919,https://openalex.org/W365667930,0.9435051679611206,0.730338487166953,0,normal
https://openalex.org/W811675919,https://openalex.org/W715039643,0.9431889653205872,0.7325960647736153,0,normal
https://openalex.org/W811675919,https://openalex.org/W326450296,0.9412962198257446,0.7458562136892349,0,normal
https://openalex.org/W811675919,https://openalex.org/W721100110,0.9426068067550659,0.7367209539250936,0,normal
https://openalex.org/W811675919,https://openalex.org/W388978333,0.9454692602157593,0.7160493622741729,0,normal
https://openalex.org/W811675919,https://openalex.org/W753250510,0.9450262784957886,0.7193117916347059,0,normal
https://openalex.org/W811675919,https://openalex.org/W520412074,0.9454874992370605,0.7159145477833567,0,normal
https://openalex.org/W811675919,https://openalex.org/W524038184,0.9451443552970886,0.7184444278566241,0,normal
https://openalex.org/W811675919,https://openalex.org/W998641904,0.9451836347579956,0.7181555293718693,0,normal
https://openalex.org/W811675919,https://openalex.org/W222543423,0.9457213878631592,0.7141823334468803,0,normal
https://openalex.org/W811675919,https://openalex.org/W414703735,0.9456213712692261,0.7149238464369682,0,normal
https://openalex.org/W811675919,https://openalex.org/W164672907,0.9450768232345581,0.718940701638525,0,normal
https://openalex.org/W811675919,https://openalex.org/W727149452,0.9460973143577576,0.7113849353776813,0,normal
https://openalex.org/W811675919,https://openalex.org/W461108489,0.9463398456573486,0.7095715682497055,0,normal
https://openalex.org/W811675919,https://openalex.org/W101742283,0.9460968971252441,0.7113880491542964,0,normal
https://openalex.org/W811675919,https://openalex.org/W605605995,0.945716381072998,0.7142194807828806,0,normal
https://openalex.org/W811675919,https://openalex.org/W485237573,0.999066174030304,0.26440042814802556,0,normal
https://openalex.org/W811675919,https://openalex.org/W379247503,0.9990009665489197,0.2648616718729117,0,normal
https://openalex.org/W811675919,https://openalex.org/W739465865,0.9991170167922974,0.2640411501494099,0,normal
https://openalex.org/W811675919,https://openalex.org/W759666057,0.999217689037323,0.26333067869724763,0,normal
https://openalex.org/W811675919,https://openalex.org/W46332083,0.9991152286529541,0.26405378063966106,0,normal
https://openalex.org/W811675919,https://openalex.org/W972297439,0.9992444515228271,0.26314201535688136,0,normal
https://openalex.org/W811675919,https://openalex.org/W912516311,0.9992077946662903,0.263400451511157,0,normal
https://openalex.org/W811675919,https://openalex.org/W691259760,0.9994442462921143,0.261736301770621,0,normal
https://openalex.org/W811675919,https://openalex.org/W526067545,0.999193549156189,0.26350092840694617,0,normal
https://openalex.org/W811675919,https://openalex.org/W763767729,0.9992157816886902,0.2633441279542175,0,normal
https://openalex.org/W811675919,https://openalex.org/W655324685,0.9992351531982422,0.2632075544605859,0,normal
https://openalex.org/W811675919,https://openalex.org/W39369868,0.9992113709449768,0.2633752310512959,0,normal
https://openalex.org/W811675919,https://openalex.org/W892421272,0.9990780353546143,0.26431658265467495,0,normal
https://openalex.org/W811675919,https://openalex.org/W927523660,0.9994699358940125,0.2615559072900402,0,normal
https://openalex.org/W811675919,https://openalex.org/W983782958,0.9987661838531494,0.2665266595729513,0,normal
https://openalex.org/W811675919,https://openalex.org/W417776810,0.9989073872566223,0.265524501718577,0,normal
https://openalex.org/W811675919,https://openalex.org/W135429719,0.9994335174560547,0.26181166430163444,0,normal
https://openalex.org/W811675919,https://openalex.org/W85054999,0.9991670846939087,0.26368765374218817,0,normal
https://openalex.org/W811675919,https://openalex.org/W107558930,0.9993755221366882,0.26221928301465625,0,normal
https://openalex.org/W811675919,https://openalex.org/W213569326,0.999386727809906,0.26214049233363296,0,normal
https://openalex.org/W811675919,https://openalex.org/W26295654,0.9992431402206421,0.2631512574155097,0,normal
https://openalex.org/W811675919,https://openalex.org/W765801405,0.9992161393165588,0.2633416061849179,0,normal
https://openalex.org/W811675919,https://openalex.org/W387547345,0.9993506669998169,0.2623941019223351,0,normal
https://openalex.org/W811675919,https://openalex.org/W210408571,0.999407947063446,0.26199133478328424,0,normal
https://openalex.org/W811675919,https://openalex.org/W500318522,0.9994615316390991,0.26161491381562874,0,normal
https://openalex.org/W811675919,https://openalex.org/W869647018,0.9995296001434326,0.26113724997530174,0,normal
https://openalex.org/W811675919,https://openalex.org/W601966386,0.9995371103286743,0.26108458256453876,0,normal
https://openalex.org/W85923484,https://openalex.org/W341744295,0.8784411549568176,0.9664736665579785,1,weakly_related
https://openalex.org/W85923484,https://openalex.org/W603958242,0.881863534450531,0.96220040388808,1,weakly_related
https://openalex.org/W85923484,https://openalex.org/W90637462,0.8820965886116028,0.9618910911851455,1,weakly_related
https://openalex.org/W291178543,https://openalex.org/W58367063,0.8764572143554688,0.9687333150425927,1,weakly_related
https://openalex.org/W291178543,https://openalex.org/W341744295,0.8778663873672485,0.967144056985932,1,weakly_related
https://openalex.org/W291178543,https://openalex.org/W781291761,0.8792506456375122,0.965507069703135,1,weakly_related
https://openalex.org/W77917673,https://openalex.org/W58367063,0.8761582374572754,0.9690608064094834,1,weakly_related
https://openalex.org/W77917673,https://openalex.org/W345699772,0.8767369985580444,0.9684238099986834,1,weakly_related
https://openalex.org/W77917673,https://openalex.org/W341744295,0.8780795335769653,0.9668969743423875,1,weakly_related
https://openalex.org/W556733401,https://openalex.org/W58367063,0.8767624497413635,0.9683955085664296,1,weakly_related
https://openalex.org/W556733401,https://openalex.org/W345699772,0.8768709301948547,0.9682746040855753,1,weakly_related
https://openalex.org/W556733401,https://openalex.org/W341744295,0.8785117864608765,0.9663903786860567,1,weakly_related
https://openalex.org/W945731721,https://openalex.org/W58367063,0.8775449991226196,0.9675132501430614,1,weakly_related
https://openalex.org/W945731721,https://openalex.org/W345699772,0.877681314945221,0.9673571501789262,1,weakly_related
https://openalex.org/W945731721,https://openalex.org/W341744295,0.8793478012084961,0.9653892672377141,1,weakly_related
https://openalex.org/W615774397,https://openalex.org/W58367063,0.8775633573532104,0.9674922696090071,1,weakly_related
https://openalex.org/W615774397,https://openalex.org/W345699772,0.8776192665100098,0.9674282936533194,1,weakly_related
https://openalex.org/W615774397,https://openalex.org/W122579952,0.8779436349868774,0.9670547167720815,1,weakly_related
https://openalex.org/W537413728,https://openalex.org/W341744295,0.8795509338378906,0.9651417115436123,1,weakly_related
https://openalex.org/W537413728,https://openalex.org/W603958242,0.882476270198822,0.9613819604353127,1,weakly_related
https://openalex.org/W537413728,https://openalex.org/W297570082,0.8825514316558838,0.9612804020174914,1,weakly_related
https://openalex.org/W237884500,https://openalex.org/W58367063,0.8783966302871704,0.9665260671257896,1,weakly_related
https://openalex.org/W237884500,https://openalex.org/W341744295,0.8799835443496704,0.9646087934713102,1,weakly_related
https://openalex.org/W237884500,https://openalex.org/W781291761,0.8806082010269165,0.9638254325302478,1,weakly_related
https://openalex.org/W569398880,https://openalex.org/W58367063,0.8774192929267883,0.9676565611063817,1,weakly_related
https://openalex.org/W569398880,https://openalex.org/W345699772,0.8778338432312012,0.9671816255777218,1,weakly_related
https://openalex.org/W569398880,https://openalex.org/W341744295,0.87908536195755,0.9657065905924676,1,weakly_related
https://openalex.org/W425739353,https://openalex.org/W58367063,0.8772096037864685,0.9678942577586641,1,weakly_related
https://openalex.org/W425739353,https://openalex.org/W345699772,0.877403974533081,0.9676739829706068,1,weakly_related
https://openalex.org/W425739353,https://openalex.org/W341744295,0.8789806365966797,0.9658324324215092,1,weakly_related
https://openalex.org/W12844123,https://openalex.org/W58367063,0.8780360221862793,0.9669475588151188,1,weakly_related
https://openalex.org/W12844123,https://openalex.org/W345699772,0.8781868815422058,0.9667718562486141,1,weakly_related
https://openalex.org/W12844123,https://openalex.org/W341744295,0.8798642158508301,0.9647565690991663,1,weakly_related
https://openalex.org/W568875334,https://openalex.org/W345699772,0.8787292838096619,0.9661326520992554,1,weakly_related
https://openalex.org/W568875334,https://openalex.org/W122579952,0.8788332939147949,0.9660087307806735,1,weakly_related
https://openalex.org/W568875334,https://openalex.org/W58367063,0.8788548707962036,0.9659829685844822,1,weakly_related
https://openalex.org/W873100341,https://openalex.org/W341744295,0.8795086145401001,0.9651934259954364,1,weakly_related
https://openalex.org/W873100341,https://openalex.org/W50452680,0.8827555179595947,0.9610033454265017,1,weakly_related
https://openalex.org/W873100341,https://openalex.org/W297570082,0.8827671408653259,0.9609875096780814,1,weakly_related
https://openalex.org/W70306005,https://openalex.org/W58367063,0.877838134765625,0.9671766738541295,1,weakly_related
https://openalex.org/W70306005,https://openalex.org/W341744295,0.8796987533569336,0.9649604933995621,1,weakly_related
https://openalex.org/W70306005,https://openalex.org/W781291761,0.8800455331802368,0.9645317915133244,1,weakly_related
https://openalex.org/W334756270,https://openalex.org/W58367063,0.8791526556015015,0.9656254922963476,1,weakly_related
https://openalex.org/W334756270,https://openalex.org/W345699772,0.8793660402297974,0.9653671089686469,1,weakly_related
https://openalex.org/W334756270,https://openalex.org/W341744295,0.8810798525810242,0.9632229193892947,1,weakly_related
https://openalex.org/W455378056,https://openalex.org/W58367063,0.8802345395088196,0.964296012205259,1,weakly_related
https://openalex.org/W455378056,https://openalex.org/W345699772,0.8803417682647705,0.9641615774737249,1,weakly_related
https://openalex.org/W455378056,https://openalex.org/W341744295,0.8818005323410034,0.9622836061625963,1,weakly_related
https://openalex.org/W788534703,https://openalex.org/W58367063,0.879259467124939,0.9654963895068368,1,weakly_related
https://openalex.org/W788534703,https://openalex.org/W345699772,0.8794212937355042,0.9652998989409434,1,weakly_related
https://openalex.org/W788534703,https://openalex.org/W124901572,0.8810186386108398,0.9633016591475475,1,weakly_related
https://openalex.org/W638373465,https://openalex.org/W122579952,0.880831241607666,0.9635417017604538,1,weakly_related
https://openalex.org/W638373465,https://openalex.org/W345699772,0.8810422420501709,0.9632713171824385,1,weakly_related
https://openalex.org/W638373465,https://openalex.org/W58367063,0.8810581564903259,0.9632508457243035,1,weakly_related
https://openalex.org/W365667930,https://openalex.org/W341744295,0.8804125785827637,0.9640725341820987,1,weakly_related
https://openalex.org/W365667930,https://openalex.org/W50452680,0.8832974433898926,0.9602583965518637,1,weakly_related
https://openalex.org/W365667930,https://openalex.org/W448135932,0.8833519220352173,0.9601827580881213,1,weakly_related
https://openalex.org/W715039643,https://openalex.org/W58367063,0.8786890506744385,0.9661804702570315,1,weakly_related
https://openalex.org/W715039643,https://openalex.org/W341744295,0.8804149627685547,0.9640695323880129,1,weakly_related
https://openalex.org/W715039643,https://openalex.org/W781291761,0.881081223487854,0.9632211541277309,1,weakly_related
https://openalex.org/W326450296,https://openalex.org/W58367063,0.8773366212844849,0.96775047737549,1,weakly_related
https://openalex.org/W326450296,https://openalex.org/W345699772,0.8776862025260925,0.9673515398029041,1,weakly_related
https://openalex.org/W326450296,https://openalex.org/W341744295,0.8794798851013184,0.9652284913999011,1,weakly_related
https://openalex.org/W721100110,https://openalex.org/W345699772,0.8784018754959106,0.9665198982111836,1,weakly_related
https://openalex.org/W721100110,https://openalex.org/W58367063,0.8786512613296509,0.9662253245635707,1,weakly_related
https://openalex.org/W721100110,https://openalex.org/W341744295,0.8801954984664917,0.9643448380107245,1,weakly_related
https://openalex.org/W666913073,https://openalex.org/W58367063,0.8777723908424377,0.9672524524009075,1,weakly_related
https://openalex.org/W666913073,https://openalex.org/W345699772,0.8782413005828857,0.966708254503854,1,weakly_related
https://openalex.org/W666913073,https://openalex.org/W124901572,0.8797497749328613,0.9648977333969728,1,weakly_related
https://openalex.org/W532600448,https://openalex.org/W122579952,0.8780734539031982,0.9669040468007506,1,weakly_related
https://openalex.org/W532600448,https://openalex.org/W58367063,0.8781660795211792,0.9667961374057467,1,weakly_related
https://openalex.org/W532600448,https://openalex.org/W345699772,0.8784099221229553,0.9665104324020602,1,weakly_related
https://openalex.org/W388978333,https://openalex.org/W341744295,0.8797979354858398,0.9648383932757837,1,weakly_related
https://openalex.org/W388978333,https://openalex.org/W251532771,0.8826531171798706,0.9611425961574749,1,weakly_related
https://openalex.org/W388978333,https://openalex.org/W50452680,0.8828134536743164,0.9609243490218645,1,weakly_related
https://openalex.org/W753250510,https://openalex.org/W58367063,0.8788738250732422,0.9659603221634033,1,weakly_related
https://openalex.org/W753250510,https://openalex.org/W341744295,0.8804685473442078,0.9640020033359448,1,weakly_related
https://openalex.org/W753250510,https://openalex.org/W343988426,0.8813990354537964,0.9628097139051977,1,weakly_related
https://openalex.org/W520412074,https://openalex.org/W58367063,0.8772307634353638,0.9678703487030957,1,weakly_related
https://openalex.org/W520412074,https://openalex.org/W345699772,0.8775610327720642,0.9674949269589505,1,weakly_related
https://openalex.org/W520412074,https://openalex.org/W781291761,0.8794324398040771,0.9652863256979572,1,weakly_related
https://openalex.org/W524038184,https://openalex.org/W345699772,0.8784793615341187,0.9664286385613905,1,weakly_related
https://openalex.org/W524038184,https://openalex.org/W58367063,0.8785037994384766,0.9663998068984413,1,weakly_related
https://openalex.org/W524038184,https://openalex.org/W341744295,0.8801670670509338,0.964380354653176,1,weakly_related
https://openalex.org/W516247359,https://openalex.org/W58367063,0.8777207136154175,0.9673118985505783,1,weakly_related
https://openalex.org/W516247359,https://openalex.org/W345699772,0.8783202171325684,0.9666158126540041,1,weakly_related
https://openalex.org/W516247359,https://openalex.org/W341744295,0.8794888257980347,0.9652175825809843,1,weakly_related
https://openalex.org/W150888063,https://openalex.org/W122579952,0.8771888017654419,0.9679177459490902,1,weakly_related
https://openalex.org/W150888063,https://openalex.org/W58367063,0.8772169351577759,0.9678859757241522,1,weakly_related
https://openalex.org/W150888063,https://openalex.org/W345699772,0.8775858879089355,0.967466502874857,1,weakly_related
https://openalex.org/W998641904,https://openalex.org/W341744295,0.8798665404319763,0.964753696038934,1,weakly_related
https://openalex.org/W998641904,https://openalex.org/W603958242,0.8825060129165649,0.9613418025790289,1,weakly_related
https://openalex.org/W998641904,https://openalex.org/W251532771,0.8829032778739929,0.9608015684938883,1,weakly_related
https://openalex.org/W222543423,https://openalex.org/W58367063,0.8806664943695068,0.9637514831402272,1,weakly_related
https://openalex.org/W222543423,https://openalex.org/W341744295,0.8820000290870667,0.9620195401611412,1,weakly_related
https://openalex.org/W222543423,https://openalex.org/W343988426,0.8829848766326904,0.9606897105997766,1,weakly_related
https://openalex.org/W414703735,https://openalex.org/W58367063,0.8794347643852234,0.9652834942696832,1,weakly_related
https://openalex.org/W414703735,https://openalex.org/W345699772,0.8799299001693726,0.964675299779053,1,weakly_related
https://openalex.org/W414703735,https://openalex.org/W341744295,0.8813890218734741,0.9628227447704036,1,weakly_related
https://openalex.org/W164672907,https://openalex.org/W58367063,0.8797094225883484,0.96494737846876,1,weakly_related
https://openalex.org/W164672907,https://openalex.org/W345699772,0.8799152374267578,0.9646934572075393,1,weakly_related
https://openalex.org/W164672907,https://openalex.org/W341744295,0.8815242052078247,0.9626464571676288,1,weakly_related
https://openalex.org/W135055795,https://openalex.org/W58367063,0.8805751800537109,0.9638672576194962,1,weakly_related
https://openalex.org/W135055795,https://openalex.org/W345699772,0.8807159662246704,0.9636886103485347,1,weakly_related
https://openalex.org/W135055795,https://openalex.org/W341744295,0.8825304508209229,0.9613087771543313,1,weakly_related
https://openalex.org/W101479238,https://openalex.org/W58367063,0.8822762370109558,0.9616510017063088,1,weakly_related
https://openalex.org/W101479238,https://openalex.org/W345699772,0.8823359608650208,0.9615708631211349,1,weakly_related
https://openalex.org/W101479238,https://openalex.org/W254002867,0.883438766002655,0.960061898045458,1,weakly_related
https://openalex.org/W727149452,https://openalex.org/W341744295,0.8823203444480896,0.961591833031706,1,weakly_related
https://openalex.org/W727149452,https://openalex.org/W50452680,0.8838487267494202,0.9594865965766071,1,weakly_related
https://openalex.org/W727149452,https://openalex.org/W603958242,0.8841604590415955,0.9590438361033744,1,weakly_related
https://openalex.org/W461108489,https://openalex.org/W58367063,0.881672739982605,0.9624518320463998,1,weakly_related
https://openalex.org/W461108489,https://openalex.org/W341744295,0.883057713508606,0.9605896052005496,1,weakly_related
https://openalex.org/W461108489,https://openalex.org/W781291761,0.8835852742195129,0.9598572064669054,1,weakly_related
https://openalex.org/W101742283,https://openalex.org/W58367063,0.8803287744522095,0.9641778939787123,1,weakly_related
https://openalex.org/W101742283,https://openalex.org/W345699772,0.8811665177345276,0.9631111637501821,1,weakly_related
https://openalex.org/W101742283,https://openalex.org/W341744295,0.8819817304611206,0.9620438351205114,1,weakly_related
https://openalex.org/W605605995,https://openalex.org/W58367063,0.8797035813331604,0.9649545592960715,1,weakly_related
https://openalex.org/W605605995,https://openalex.org/W345699772,0.8801772594451904,0.96436762619148,1,weakly_related
https://openalex.org/W605605995,https://openalex.org/W341744295,0.8813394904136658,0.9628871364842025,1,weakly_related
https://openalex.org/W485237573,https://openalex.org/W448135932,0.8494349718093872,0.9880577123738624,1,weakly_related
https://openalex.org/W485237573,https://openalex.org/W556749014,0.851797342300415,0.9870008469763454,1,weakly_related
https://openalex.org/W485237573,https://openalex.org/W867816749,0.8531064987182617,0.986375947387576,1,weakly_related
https://openalex.org/W379247503,https://openalex.org/W448135932,0.8499904870986938,0.9878170882466998,1,weakly_related
https://openalex.org/W379247503,https://openalex.org/W451490820,0.8503683805465698,0.9876506715157295,1,weakly_related
https://openalex.org/W379247503,https://openalex.org/W606869746,0.8513044714927673,0.9872287072181175,1,weakly_related
https://openalex.org/W739465865,https://openalex.org/W448135932,0.8500535488128662,0.9877894719052034,1,weakly_related
https://openalex.org/W739465865,https://openalex.org/W451490820,0.8500677347183228,0.9877832510200869,1,weakly_related
https://openalex.org/W739465865,https://openalex.org/W606869746,0.8513950109481812,0.9871871473562758,1,weakly_related
https://openalex.org/W759666057,https://openalex.org/W448135932,0.850409746170044,0.9876323191611854,1,weakly_related
https://openalex.org/W759666057,https://openalex.org/W451490820,0.8504176139831543,0.9876288254644467,1,weakly_related
https://openalex.org/W759666057,https://openalex.org/W297323798,0.851504921913147,0.9871365160741193,1,weakly_related
https://openalex.org/W567040765,https://openalex.org/W448135932,0.8500651121139526,0.9877844013354911,1,weakly_related
https://openalex.org/W567040765,https://openalex.org/W451490820,0.8500710725784302,0.9877817868275715,1,weakly_related
https://openalex.org/W567040765,https://openalex.org/W297323798,0.8511653542518616,0.9872923063258587,1,weakly_related
https://openalex.org/W164865427,https://openalex.org/W451490820,0.8506433963775635,0.9875281506471636,1,weakly_related
https://openalex.org/W164865427,https://openalex.org/W448135932,0.8506996631622314,0.9875029360183172,1,weakly_related
https://openalex.org/W164865427,https://openalex.org/W297323798,0.8517142534255981,0.9870395392161528,1,weakly_related
https://openalex.org/W46332083,https://openalex.org/W448135932,0.8508317470550537,0.9874435478235476,1,weakly_related
https://openalex.org/W46332083,https://openalex.org/W556749014,0.8539136648178101,0.9859759942249814,1,weakly_related
https://openalex.org/W46332083,https://openalex.org/W867816749,0.85573410987854,0.9850309882149743,1,weakly_related
https://openalex.org/W972297439,https://openalex.org/W451490820,0.8505722284317017,0.9875599709420337,1,weakly_related
https://openalex.org/W972297439,https://openalex.org/W448135932,0.850617527961731,0.9875397261040821,1,weakly_related
https://openalex.org/W972297439,https://openalex.org/W606869746,0.8520232439041138,0.9868950735310649,1,weakly_related
https://openalex.org/W912516311,https://openalex.org/W451490820,0.8512144684791565,0.9872698889537305,1,weakly_related
https://openalex.org/W912516311,https://openalex.org/W448135932,0.8512554168701172,0.9872511689049585,1,weakly_related
https://openalex.org/W912516311,https://openalex.org/W297323798,0.8523811101913452,0.9867257697788872,1,weakly_related
https://openalex.org/W691259760,https://openalex.org/W451490820,0.8518053889274597,0.9869970938312274,1,weakly_related
https://openalex.org/W691259760,https://openalex.org/W448135932,0.8518614768981934,0.98697090329904,1,weakly_related
https://openalex.org/W691259760,https://openalex.org/W297323798,0.8528895378112793,0.9864815202873861,1,weakly_related
https://openalex.org/W120977504,https://openalex.org/W451490820,0.8521432876586914,0.9868385205970441,1,weakly_related
https://openalex.org/W120977504,https://openalex.org/W448135932,0.8522922992706299,0.986767985772464,1,weakly_related
https://openalex.org/W120977504,https://openalex.org/W297323798,0.8531925082206726,0.9863338705798118,1,weakly_related
https://openalex.org/W971757993,https://openalex.org/W448135932,0.8521024584770203,0.986857782303981,1,weakly_related
https://openalex.org/W971757993,https://openalex.org/W451490820,0.8521077632904053,0.9868552812610328,1,weakly_related
https://openalex.org/W971757993,https://openalex.org/W297323798,0.853039562702179,0.9864086048057582,1,weakly_related
https://openalex.org/W526067545,https://openalex.org/W448135932,0.8520159125328064,0.9868985195802933,1,weakly_related
https://openalex.org/W526067545,https://openalex.org/W556749014,0.8554259538650513,0.9851952524924722,1,weakly_related
https://openalex.org/W526067545,https://openalex.org/W867816749,0.8565243482589722,0.9846015001953043,1,weakly_related
https://openalex.org/W763767729,https://openalex.org/W451490820,0.8515180349349976,0.987130462296086,1,weakly_related
https://openalex.org/W763767729,https://openalex.org/W448135932,0.8515728712081909,0.9871051160168263,1,weakly_related
https://openalex.org/W763767729,https://openalex.org/W606869746,0.853303074836731,0.9862795918560109,1,weakly_related
https://openalex.org/W655324685,https://openalex.org/W451490820,0.8506580591201782,0.9875215847293335,1,weakly_related
https://openalex.org/W655324685,https://openalex.org/W448135932,0.8506776094436646,0.9875128248628405,1,weakly_related
https://openalex.org/W655324685,https://openalex.org/W297323798,0.8517664074897766,0.9870152657818492,1,weakly_related
https://openalex.org/W39369868,https://openalex.org/W451490820,0.8522111773490906,0.9868064310555917,1,weakly_related
https://openalex.org/W39369868,https://openalex.org/W448135932,0.8522168397903442,0.9868037510942641,1,weakly_related
https://openalex.org/W39369868,https://openalex.org/W297323798,0.8531841039657593,0.9863379876778968,1,weakly_related
https://openalex.org/W228645413,https://openalex.org/W451490820,0.8520494699478149,0.9868827388767927,1,weakly_related
https://openalex.org/W228645413,https://openalex.org/W448135932,0.852135419845581,0.9868422345073721,1,weakly_related
https://openalex.org/W228645413,https://openalex.org/W297323798,0.8532114028930664,0.9863246099409191,1,weakly_related
https://openalex.org/W466940171,https://openalex.org/W451490820,0.8521638512611389,0.9868288089008893,1,weakly_related
https://openalex.org/W466940171,https://openalex.org/W448135932,0.8522794246673584,0.9867740946719553,1,weakly_related
https://openalex.org/W466940171,https://openalex.org/W297323798,0.8531706929206848,0.9863445549821704,1,weakly_related
https://openalex.org/W892421272,https://openalex.org/W448135932,0.851850152015686,0.9869761956952229,1,weakly_related
https://openalex.org/W892421272,https://openalex.org/W867816749,0.8562521934509277,0.984750766385448,1,weakly_related
https://openalex.org/W892421272,https://openalex.org/W556749014,0.8564822673797607,0.9846246735479618,1,weakly_related
https://openalex.org/W927523660,https://openalex.org/W448135932,0.8524875640869141,0.9866749921314285,1,weakly_related
https://openalex.org/W927523660,https://openalex.org/W451490820,0.852622389793396,0.9866104062600085,1,weakly_related
https://openalex.org/W927523660,https://openalex.org/W606869746,0.8558443784713745,0.984971773938365,1,weakly_related
https://openalex.org/W983782958,https://openalex.org/W451490820,0.8527519702911377,0.9865480420389446,1,weakly_related
https://openalex.org/W983782958,https://openalex.org/W448135932,0.8529617786407471,0.9864464579021772,1,weakly_related
https://openalex.org/W983782958,https://openalex.org/W297323798,0.853682279586792,0.9860918151612963,1,weakly_related
https://openalex.org/W417776810,https://openalex.org/W448135932,0.8522913455963135,0.9867684383789881,1,weakly_related
https://openalex.org/W417776810,https://openalex.org/W451490820,0.852756142616272,0.9865460292373314,1,weakly_related
https://openalex.org/W417776810,https://openalex.org/W297323798,0.8531408309936523,0.9863591669980486,1,weakly_related
https://openalex.org/W311676011,https://openalex.org/W451490820,0.8526939153671265,0.9865760179353663,1,weakly_related
https://openalex.org/W311676011,https://openalex.org/W448135932,0.8527184724807739,0.9865641911990068,1,weakly_related
https://openalex.org/W311676011,https://openalex.org/W297323798,0.8539362549781799,0.9859646358006019,1,weakly_related
https://openalex.org/W784383996,https://openalex.org/W451490820,0.8528733849525452,0.9864893478977845,1,weakly_related
https://openalex.org/W784383996,https://openalex.org/W448135932,0.852964460849762,0.9864451543555137,1,weakly_related
https://openalex.org/W784383996,https://openalex.org/W297323798,0.8538795113563538,0.9859931495204147,1,weakly_related
https://openalex.org/W135429719,https://openalex.org/W448135932,0.8516241312026978,0.9870813782067184,1,weakly_related
https://openalex.org/W135429719,https://openalex.org/W556749014,0.8550254106521606,0.9854061128937156,1,weakly_related
https://openalex.org/W135429719,https://openalex.org/W867816749,0.8559130430221558,0.9849347845713068,1,weakly_related
https://openalex.org/W85054999,https://openalex.org/W448135932,0.8529818058013916,0.9864367217680922,1,weakly_related
https://openalex.org/W85054999,https://openalex.org/W451490820,0.8530423045158386,0.9864072686197422,1,weakly_related
https://openalex.org/W85054999,https://openalex.org/W606869746,0.8551259636878967,0.985353457949087,1,weakly_related
https://openalex.org/W107558930,https://openalex.org/W451490820,0.8524144291877747,0.98670989744481,1,weakly_related
https://openalex.org/W107558930,https://openalex.org/W448135932,0.8525525331497192,0.9866439083063224,1,weakly_related
https://openalex.org/W107558930,https://openalex.org/W297323798,0.8536022901535034,0.9861316344779686,1,weakly_related
https://openalex.org/W213569326,https://openalex.org/W451490820,0.8526433706283569,0.9866003280344029,1,weakly_related
https://openalex.org/W213569326,https://openalex.org/W448135932,0.8527131080627441,0.9865667755864038,1,weakly_related
https://openalex.org/W213569326,https://openalex.org/W297323798,0.8535987138748169,0.9861334121478794,1,weakly_related
https://openalex.org/W672623334,https://openalex.org/W451490820,0.851730465888977,0.987031998446154,1,weakly_related
https://openalex.org/W672623334,https://openalex.org/W448135932,0.8518218994140625,0.9869893895850755,1,weakly_related
https://openalex.org/W672623334,https://openalex.org/W297323798,0.8528057336807251,0.986522082891933,1,weakly_related
https://openalex.org/W901693008,https://openalex.org/W451490820,0.8517144918441772,0.9870394283538331,1,weakly_related
https://openalex.org/W901693008,https://openalex.org/W448135932,0.8518139123916626,0.9869931171112367,1,weakly_related
https://openalex.org/W901693008,https://openalex.org/W297323798,0.8528303503990173,0.986510180455713,1,weakly_related
https://openalex.org/W26295654,https://openalex.org/W448135932,0.8517263531684875,0.9870339117718425,1,weakly_related
https://openalex.org/W26295654,https://openalex.org/W556749014,0.8547723293304443,0.9855378158047102,1,weakly_related
https://openalex.org/W26295654,https://openalex.org/W867816749,0.8559134006500244,0.9849345916838644,1,weakly_related
https://openalex.org/W765801405,https://openalex.org/W448135932,0.8521658182144165,0.9868278795856232,1,weakly_related
https://openalex.org/W765801405,https://openalex.org/W451490820,0.8523889780044556,0.9867220234375407,1,weakly_related
https://openalex.org/W765801405,https://openalex.org/W606869746,0.8540419936180115,0.9859113493032563,1,weakly_related
https://openalex.org/W387547345,https://openalex.org/W451490820,0.852501630783081,0.9866682681142193,1,weakly_related
https://openalex.org/W387547345,https://openalex.org/W448135932,0.8526350259780884,0.986604337315488,1,weakly_related
https://openalex.org/W387547345,https://openalex.org/W297323798,0.8537558317184448,0.9860551009149335,1,weakly_related
https://openalex.org/W210408571,https://openalex.org/W451490820,0.8518763780593872,0.9869639363863998,1,weakly_related
https://openalex.org/W210408571,https://openalex.org/W448135932,0.8519918322563171,0.9869098320207522,1,weakly_related
https://openalex.org/W210408571,https://openalex.org/W297323798,0.8528919219970703,0.986480364541773,1,weakly_related
https://openalex.org/W365505908,https://openalex.org/W451490820,0.8508805632591248,0.987421528399863,1,weakly_related
https://openalex.org/W365505908,https://openalex.org/W448135932,0.8509613275527954,0.9873850144787631,1,weakly_related
https://openalex.org/W365505908,https://openalex.org/W297323798,0.8519431352615356,0.9869326794658692,1,weakly_related
https://openalex.org/W412780848,https://openalex.org/W451490820,0.8515341877937317,0.9871230012769375,1,weakly_related
https://openalex.org/W412780848,https://openalex.org/W448135932,0.8516417741775513,0.987073198011599,1,weakly_related
https://openalex.org/W412780848,https://openalex.org/W297323798,0.8525397181510925,0.9866500451772936,1,weakly_related
https://openalex.org/W500318522,https://openalex.org/W448135932,0.8517946004867554,0.9870021255815852,1,weakly_related
https://openalex.org/W500318522,https://openalex.org/W556749014,0.8553177118301392,0.9852525291254162,1,weakly_related
https://openalex.org/W500318522,https://openalex.org/W867816749,0.8565137386322021,0.9846073460079422,1,weakly_related
https://openalex.org/W869647018,https://openalex.org/W448135932,0.8516137599945068,0.9870861844504798,1,weakly_related
https://openalex.org/W869647018,https://openalex.org/W451490820,0.8516198992729187,0.9870833395883205,1,weakly_related
https://openalex.org/W869647018,https://openalex.org/W606869746,0.8534553050994873,0.9862045118741476,1,weakly_related
https://openalex.org/W601966386,https://openalex.org/W451490820,0.8512072563171387,0.9872731832687307,1,weakly_related
https://openalex.org/W601966386,https://openalex.org/W448135932,0.851344108581543,0.9872105292087551,1,weakly_related
https://openalex.org/W601966386,https://openalex.org/W297323798,0.8524650931358337,0.9866857265237577,1,weakly_related
https://openalex.org/W811675919,https://openalex.org/W451490820,0.852652907371521,0.9865957445494739,1,weakly_related
https://openalex.org/W811675919,https://openalex.org/W448135932,0.852764368057251,0.9865420602725834,1,weakly_related
https://openalex.org/W811675919,https://openalex.org/W297323798,0.8537687063217163,0.9860486646154445,1,weakly_related
